{
  "view": "only_rhythm",
  "device": "mps",
  "sequence": {
    "n_days": 700.0,
    "n_base_features": 31.0,
    "n_token_features": 131.0,
    "mean_missing_fraction": 0.17440380184331794,
    "add_deviation_features": 1.0
  },
  "n_features": 131,
  "epochs": 50,
  "final_ssl_loss": 0.6019364476203919,
  "best_global_source": "transformer_logreg_c0p03_w0p05",
  "best_global_avg_log_loss": 0.627481978506659,
  "best_global_per_target": {
    "Q1": 0.6723102027032145,
    "Q2": 0.7029211896690771,
    "Q3": 0.6767495394908608,
    "S1": 0.5762839479413009,
    "S2": 0.5803295579972222,
    "S3": 0.536354734225726,
    "S4": 0.6474246775192113
  },
  "targetwise_avg_log_loss": 0.6248718350610064,
  "targetwise_per_target": {
    "Q1": 0.6707780607834798,
    "Q2": 0.6939603374312299,
    "Q3": 0.6735031374309531,
    "S1": 0.5757019130502258,
    "S2": 0.5798564530783497,
    "S3": 0.5330309613778893,
    "S4": 0.6472719822749171
  },
  "targetwise_sources": {
    "Q1": "transformer_logreg_c0p3_w0p2",
    "Q2": "transformer_logreg_c0p3_w0p35",
    "Q3": "transformer_logreg_c0p03_w0p35",
    "S1": "subject_prior_a8",
    "S2": "subject_prior_a8",
    "S3": "subject_prior_a4",
    "S4": "subject_prior_a8"
  },
  "targetwise_source_losses": {
    "Q1": 0.6707780607834798,
    "Q2": 0.6939603374312299,
    "Q3": 0.6735031374309531,
    "S1": 0.5757019130502258,
    "S2": 0.5798564530783497,
    "S3": 0.5330309613778893,
    "S4": 0.6472719822749171
  },
  "drift_vs_reference_best_global": {
    "reference": "outputs/v83_repaired_v80/submission_v83_gq015_gs010.csv",
    "mean_abs_drift": 0.06373199481423737,
    "max_abs_drift": 0.30636528162272725,
    "corr": 0.8846338770011899,
    "target_mean": {
      "Q1": 0.5008906009226082,
      "Q2": 0.5589753762717745,
      "Q3": 0.6035439455576529,
      "S1": 0.6914884644978726,
      "S2": 0.6579661268332578,
      "S3": 0.6732730729925172,
      "S4": 0.5595763005574851
    },
    "target_mean_shift": {
      "Q1": -0.009477595979347803,
      "Q2": -0.010342938784685661,
      "Q3": -0.008442816103545516,
      "S1": 0.008876077286773228,
      "S2": 0.014040878179257824,
      "S3": 0.014632252095561621,
      "S4": 0.0065623785347976825
    },
    "panel_mean_abs_drift": {
      "early": 0.05109949614396832,
      "mid": 0.06577288985690603,
      "late": 0.07392576660742048
    }
  },
  "drift_vs_reference_targetwise": {
    "reference": "outputs/v83_repaired_v80/submission_v83_gq015_gs010.csv",
    "mean_abs_drift": 0.06546076192204288,
    "max_abs_drift": 0.3362012231064449,
    "corr": 0.8728092943776333,
    "target_mean": {
      "Q1": 0.4986845386426262,
      "Q2": 0.5589351463128349,
      "Q3": 0.6023480850779015,
      "S1": 0.6923877866215694,
      "S2": 0.6582781981365899,
      "S3": 0.6743072986995421,
      "S4": 0.5592527565880283
    },
    "target_mean_shift": {
      "Q1": -0.01168365825932979,
      "Q2": -0.01038316874362519,
      "Q3": -0.009638676583296975,
      "S1": 0.009775399410469864,
      "S2": 0.014352949482590006,
      "S3": 0.01566647780258651,
      "S4": 0.006238834565341037
    },
    "panel_mean_abs_drift": {
      "early": 0.05114098073304608,
      "mid": 0.06665709691456745,
      "late": 0.07810695313519816
    }
  },
  "ssl_loss_history": [
    1.3165701900209699,
    1.271043085370745,
    1.2495004844665527,
    1.2281816039766584,
    1.1903144087110247,
    1.164786468233381,
    1.1353614882060459,
    1.0977330541610717,
    1.0769336203166417,
    1.03685638155256,
    1.0053131791523524,
    0.970770559310913,
    0.9215329081671578,
    0.8890955179078238,
    0.8496582685198103,
    0.8073612584386554,
    0.7828578277996608,
    0.74420280115945,
    0.7108674713543484,
    0.68519763980593,
    0.6625231991495405,
    0.6548490422112602,
    0.6432241453443255,
    0.6371856485094343,
    0.6333696917125157,
    0.623978259904044,
    0.6089079243796213,
    0.6122918687547956,
    0.606447913646698,
    0.6093737465994699,
    0.6045510598591396,
    0.6042435993467058,
    0.6113867252213614,
    0.590948760850089,
    0.612917298248836,
    0.599182619367327,
    0.5996832799911499,
    0.6070239124979292,
    0.6023313140869141,
    0.6141173253740583,
    0.6080347142900739,
    0.6056833706583296,
    0.5972642251423427,
    0.6019792941638401,
    0.6008245059422084,
    0.5995023121152605,
    0.5957369041442871,
    0.6050921038218907,
    0.5939714820044382,
    0.6019364476203919
  ]
}