{
  "view": "no_sleep",
  "device": "mps",
  "sequence": {
    "n_days": 700.0,
    "n_base_features": 82.0,
    "n_token_features": 335.0,
    "mean_missing_fraction": 0.08443706445993032,
    "add_deviation_features": 1.0
  },
  "n_features": 335,
  "epochs": 50,
  "final_ssl_loss": 0.5132670399120876,
  "best_global_source": "transformer_ridge_resid_a1_w0p35",
  "best_global_avg_log_loss": 0.626481095397754,
  "best_global_per_target": {
    "Q1": 0.6762343081331681,
    "Q2": 0.7004968423451454,
    "Q3": 0.6800980295620395,
    "S1": 0.5749956373958276,
    "S2": 0.5751593427752042,
    "S3": 0.5338217673811654,
    "S4": 0.644561740191728
  },
  "targetwise_avg_log_loss": 0.6236708198367996,
  "targetwise_per_target": {
    "Q1": 0.6721770581393399,
    "Q2": 0.6924055727829506,
    "Q3": 0.6733805022386615,
    "S1": 0.5749809747703385,
    "S2": 0.5751589293566889,
    "S3": 0.5330309613778893,
    "S4": 0.644561740191728
  },
  "targetwise_sources": {
    "Q1": "subject_prior_a16",
    "Q2": "transformer_logreg_c0p1_w0p35",
    "Q3": "transformer_logreg_c0p03_w0p35",
    "S1": "transformer_ridge_resid_a1_w0p2",
    "S2": "transformer_ridge_resid_a5_w0p35",
    "S3": "subject_prior_a4",
    "S4": "transformer_ridge_resid_a1_w0p35"
  },
  "targetwise_source_losses": {
    "Q1": 0.6721770581393399,
    "Q2": 0.6924055727829506,
    "Q3": 0.6733805022386615,
    "S1": 0.5749809747703385,
    "S2": 0.5751589293566889,
    "S3": 0.5330309613778893,
    "S4": 0.644561740191728
  },
  "drift_vs_reference_best_global": {
    "reference": "outputs/v83_repaired_v80/submission_v83_gq015_gs010.csv",
    "mean_abs_drift": 0.06705070786354399,
    "max_abs_drift": 0.3391283071886318,
    "corr": 0.8690109367893071,
    "target_mean": {
      "Q1": 0.49908996818523077,
      "Q2": 0.5703960257031323,
      "Q3": 0.6045402236783982,
      "S1": 0.6851112538620316,
      "S2": 0.6483536504708028,
      "S3": 0.6661771819379719,
      "S4": 0.5652850776520256
    },
    "target_mean_shift": {
      "Q1": -0.01127822871672528,
      "Q2": 0.0010777106466721626,
      "Q3": -0.007446537982800219,
      "S1": 0.002498866650932163,
      "S2": 0.004428401816802797,
      "S3": 0.007536361041016184,
      "S4": 0.012271155629338157
    },
    "panel_mean_abs_drift": {
      "early": 0.05311887487608677,
      "mid": 0.06792850127071,
      "late": 0.0796336896538582
    }
  },
  "drift_vs_reference_targetwise": {
    "reference": "outputs/v83_repaired_v80/submission_v83_gq015_gs010.csv",
    "mean_abs_drift": 0.06741389293378094,
    "max_abs_drift": 0.32947964366212107,
    "corr": 0.8670138892303229,
    "target_mean": {
      "Q1": 0.49965650813885837,
      "Q2": 0.5663904745906052,
      "Q3": 0.6061705004583376,
      "S1": 0.6882297679018334,
      "S2": 0.6498386896053469,
      "S3": 0.6743072986995421,
      "S4": 0.5652850776520256
    },
    "target_mean_shift": {
      "Q1": -0.01071168876309774,
      "Q2": -0.00292784046585497,
      "Q3": -0.005816261202860687,
      "S1": 0.005617380690734043,
      "S2": 0.005913440951346978,
      "S3": 0.01566647780258651,
      "S4": 0.012271155629338157
    },
    "panel_mean_abs_drift": {
      "early": 0.05429365161800114,
      "mid": 0.06885042030768382,
      "late": 0.07866834017919272
    }
  },
  "ssl_loss_history": [
    0.8521444511413574,
    0.8297676512173244,
    0.8068531802722386,
    0.80027088199343,
    0.7937826783316476,
    0.7721477389335633,
    0.7563696319716318,
    0.7503352379798889,
    0.7343763743128096,
    0.7157040902546474,
    0.7079855966567993,
    0.6990107859883989,
    0.6831197919164385,
    0.6717943603651865,
    0.6652134987286159,
    0.6589153926713126,
    0.6564350121361868,
    0.6529018940244402,
    0.6384335596220834,
    0.6191345626967294,
    0.6149348040989467,
    0.6002794705118452,
    0.5994769603865487,
    0.5837410177503314,
    0.579743274961199,
    0.5645868945121765,
    0.5583698078564235,
    0.5588438534736633,
    0.5447301854406085,
    0.531291594845908,
    0.5351338921274458,
    0.5296071478298732,
    0.5237133816310338,
    0.5198201254435948,
    0.5243687524114337,
    0.5313973334857396,
    0.5195816918781826,
    0.5242355925696237,
    0.522041460105351,
    0.5247848619733538,
    0.5146420008795602,
    0.5211667111941747,
    0.5194094984872001,
    0.5280110716819764,
    0.5181566313334873,
    0.5143628983838218,
    0.5176424254689898,
    0.5205444870676313,
    0.5172573247977665,
    0.5132670399120876
  ]
}