{
  "baseline": "temporal_label_min3_blend",
  "baseline_avg_log_loss": 0.5844632314577459,
  "baseline_targets": {
    "Q1": 0.6383487136931539,
    "Q2": 0.6503050342800608,
    "Q3": 0.6254905558195907,
    "S1": 0.5551679095830784,
    "S2": 0.5292196070733155,
    "S3": 0.49841585304667624,
    "S4": 0.5942949467083457
  },
  "final_avg_log_loss": 0.5838187510844266,
  "final_targets": {
    "Q1": 0.6383487136931539,
    "Q2": 0.6503050342800608,
    "Q3": 0.6254905558195907,
    "S1": 0.5528614216943204,
    "S2": 0.5281352353207392,
    "S3": 0.49841585304667624,
    "S4": 0.5931744437364456
  },
  "selection": [
    {
      "target": "Q1",
      "source": "temporal_label_min3_blend",
      "selected_loss": 0.6383487136931539,
      "baseline_loss": 0.6383487136931539,
      "delta_vs_baseline": 0.0,
      "folds_improved": 0,
      "used": false,
      "loss_temporal_label_min3_blend": 0.6383487136931539,
      "loss_temporal_label_raw": 0.6383532309155162,
      "loss_temporal_s2_blend": 0.6383771659330986,
      "loss_sleep_min3": 0.6383487136931539,
      "loss_prior_min3": 0.6383771659330986,
      "loss_graph_sleep": 0.6383771659330986,
      "folds_temporal_label_min3_blend": 0,
      "folds_temporal_label_raw": 3,
      "folds_temporal_s2_blend": 2,
      "folds_sleep_min3": 0,
      "folds_prior_min3": 2,
      "folds_graph_sleep": 2
    },
    {
      "target": "Q2",
      "source": "temporal_label_min3_blend",
      "selected_loss": 0.6503050342800608,
      "baseline_loss": 0.6503050342800608,
      "delta_vs_baseline": 0.0,
      "folds_improved": 0,
      "used": false,
      "loss_temporal_label_min3_blend": 0.6503050342800608,
      "loss_temporal_label_raw": 0.6503050342800608,
      "loss_temporal_s2_blend": 0.6503050342800608,
      "loss_sleep_min3": 0.6503050342800608,
      "loss_prior_min3": 0.6503050342800608,
      "loss_graph_sleep": 0.6503050342800608,
      "folds_temporal_label_min3_blend": 0,
      "folds_temporal_label_raw": 0,
      "folds_temporal_s2_blend": 0,
      "folds_sleep_min3": 0,
      "folds_prior_min3": 0,
      "folds_graph_sleep": 0
    },
    {
      "target": "Q3",
      "source": "temporal_label_min3_blend",
      "selected_loss": 0.6254905558195907,
      "baseline_loss": 0.6254905558195907,
      "delta_vs_baseline": 0.0,
      "folds_improved": 0,
      "used": false,
      "loss_temporal_label_min3_blend": 0.6254905558195907,
      "loss_temporal_label_raw": 0.6254915128766162,
      "loss_temporal_s2_blend": 0.6259927387875206,
      "loss_sleep_min3": 0.6254905558195907,
      "loss_prior_min3": 0.6259927387875206,
      "loss_graph_sleep": 0.6259927387875206,
      "folds_temporal_label_min3_blend": 0,
      "folds_temporal_label_raw": 2,
      "folds_temporal_s2_blend": 2,
      "folds_sleep_min3": 0,
      "folds_prior_min3": 2,
      "folds_graph_sleep": 2
    },
    {
      "target": "S1",
      "source": "sleep_min3",
      "selected_loss": 0.5528614216943204,
      "baseline_loss": 0.5551679095830784,
      "delta_vs_baseline": 0.00230648788875798,
      "folds_improved": 3,
      "used": true,
      "loss_temporal_label_min3_blend": 0.5551679095830784,
      "loss_temporal_label_raw": 0.5551273732066955,
      "loss_temporal_s2_blend": 0.5555254174976476,
      "loss_sleep_min3": 0.5528614216943204,
      "loss_prior_min3": 0.5551764289307185,
      "loss_graph_sleep": 0.5555254174976476,
      "folds_temporal_label_min3_blend": 0,
      "folds_temporal_label_raw": 3,
      "folds_temporal_s2_blend": 2,
      "folds_sleep_min3": 3,
      "folds_prior_min3": 2,
      "folds_graph_sleep": 2
    },
    {
      "target": "S2",
      "source": "temporal_label_raw",
      "selected_loss": 0.5281352353207392,
      "baseline_loss": 0.5292196070733155,
      "delta_vs_baseline": 0.001084371752576252,
      "folds_improved": 3,
      "used": true,
      "loss_temporal_label_min3_blend": 0.5292196070733155,
      "loss_temporal_label_raw": 0.5281352353207392,
      "loss_temporal_s2_blend": 0.5292196070733155,
      "loss_sleep_min3": 0.5292196070733155,
      "loss_prior_min3": 0.5382784864286698,
      "loss_graph_sleep": 0.538515287507919,
      "folds_temporal_label_min3_blend": 0,
      "folds_temporal_label_raw": 3,
      "folds_temporal_s2_blend": 0,
      "folds_sleep_min3": 0,
      "folds_prior_min3": 0,
      "folds_graph_sleep": 0
    },
    {
      "target": "S3",
      "source": "temporal_label_min3_blend",
      "selected_loss": 0.49841585304667624,
      "baseline_loss": 0.49841585304667624,
      "delta_vs_baseline": 0.0,
      "folds_improved": 0,
      "used": false,
      "loss_temporal_label_min3_blend": 0.49841585304667624,
      "loss_temporal_label_raw": 0.49833754367912664,
      "loss_temporal_s2_blend": 0.49942748314790253,
      "loss_sleep_min3": 0.49841585304667624,
      "loss_prior_min3": 0.49942748314790253,
      "loss_graph_sleep": 0.49942748314790253,
      "folds_temporal_label_min3_blend": 0,
      "folds_temporal_label_raw": 2,
      "folds_temporal_s2_blend": 1,
      "folds_sleep_min3": 0,
      "folds_prior_min3": 1,
      "folds_graph_sleep": 1
    },
    {
      "target": "S4",
      "source": "sleep_min3",
      "selected_loss": 0.5931744437364456,
      "baseline_loss": 0.5942949467083457,
      "delta_vs_baseline": 0.0011205029719001391,
      "folds_improved": 3,
      "used": true,
      "loss_temporal_label_min3_blend": 0.5942949467083457,
      "loss_temporal_label_raw": 0.5942752413368855,
      "loss_temporal_s2_blend": 0.5945322362693936,
      "loss_sleep_min3": 0.5931744437364456,
      "loss_prior_min3": 0.594433086441821,
      "loss_graph_sleep": 0.5945322362693936,
      "folds_temporal_label_min3_blend": 0,
      "folds_temporal_label_raw": 3,
      "folds_temporal_s2_blend": 2,
      "folds_sleep_min3": 3,
      "folds_prior_min3": 2,
      "folds_graph_sleep": 2
    }
  ],
  "source_scores": [
    {
      "name": "sleep_min3",
      "avg_log_loss": 0.5839736613347947,
      "Q1": 0.6383487136931539,
      "Q2": 0.6503050342800608,
      "Q3": 0.6254905558195907,
      "S1": 0.5528614216943204,
      "S2": 0.5292196070733155,
      "S3": 0.49841585304667624,
      "S4": 0.5931744437364456
    },
    {
      "name": "temporal_label_raw",
      "avg_log_loss": 0.5842893102308057,
      "Q1": 0.6383532309155162,
      "Q2": 0.6503050342800608,
      "Q3": 0.6254915128766162,
      "S1": 0.5551273732066955,
      "S2": 0.5281352353207392,
      "S3": 0.49833754367912664,
      "S4": 0.5942752413368855
    },
    {
      "name": "temporal_label_min3_blend",
      "avg_log_loss": 0.5844632314577459,
      "Q1": 0.6383487136931539,
      "Q2": 0.6503050342800608,
      "Q3": 0.6254905558195907,
      "S1": 0.5551679095830784,
      "S2": 0.5292196070733155,
      "S3": 0.49841585304667624,
      "S4": 0.5942949467083457
    },
    {
      "name": "temporal_s2_blend",
      "avg_log_loss": 0.5847685261412771,
      "Q1": 0.6383771659330986,
      "Q2": 0.6503050342800608,
      "Q3": 0.6259927387875206,
      "S1": 0.5555254174976476,
      "S2": 0.5292196070733155,
      "S3": 0.49942748314790253,
      "S4": 0.5945322362693936
    },
    {
      "name": "prior_min3",
      "avg_log_loss": 0.5859986319928273,
      "Q1": 0.6383771659330986,
      "Q2": 0.6503050342800608,
      "Q3": 0.6259927387875206,
      "S1": 0.5551764289307185,
      "S2": 0.5382784864286698,
      "S3": 0.49942748314790253,
      "S4": 0.594433086441821
    },
    {
      "name": "graph_sleep",
      "avg_log_loss": 0.5860964804890776,
      "Q1": 0.6383771659330986,
      "Q2": 0.6503050342800608,
      "Q3": 0.6259927387875206,
      "S1": 0.5555254174976476,
      "S2": 0.538515287507919,
      "S3": 0.49942748314790253,
      "S4": 0.5945322362693936
    }
  ],
  "args": {
    "train_path": "data/ch2026_metrics_train.csv",
    "sample_path": "data/ch2026_submission_sample.csv",
    "output_dir": "outputs/targetwise_after_temporal_min3",