{
  "baseline": "multi_signal",
  "promotion_rule": {
    "overall_p025": "> 0",
    "late_delta": ">= -0.0015",
    "tail20_delta": ">= -0.0025",
    "worst_subject_delta": ">= -0.006",
    "worst_late_target_delta": ">= -0.01"
  },
  "summary": [
    {
      "name": "hgb_tail_decoder_v7",
      "avg_log_loss": 0.5781809016690319,
      "overall_p025": 0.0014241231154197551,
      "overall_improvement": 0.0034114008344099567,
      "early_delta": 0.0,
      "mid_delta": 0.0010693896517239843,
      "late_delta": 0.009065329583427983,
      "tail20_delta": 0.012777063226048102,
      "late_p025": 0.0034704672354459393,
      "tail20_p025": 0.0037642556150926797,
      "worst_subject_delta": -0.001909168502775671,
      "worst_late_target_delta": 0.0007738382731113935,
      "promote": true
    },
    {
      "name": "multi_signal",
      "avg_log_loss": 0.5815923025034421,
      "overall_p025": 0.0,
      "overall_improvement": 0.0,
      "early_delta": 0.0,
      "mid_delta": 0.0,
      "late_delta": 0.0,
      "tail20_delta": 0.0,
      "late_p025": 0.0,
      "tail20_p025": 0.0,
      "worst_subject_delta": 0.0,
      "worst_late_target_delta": 0.0,
      "promote": false
    }
  ]
}