{
  "base_avg_log_loss": 0.583797792989271,
  "base_targets": {
    "Q1": 0.6373676761965493,
    "Q2": 0.6503050342800608,
    "Q3": 0.6229202717319089,
    "S1": 0.5542725406575977,
    "S2": 0.5292196070733155,
    "S3": 0.49841585304667624,
    "S4": 0.5940835679387884
  },
  "best": {
    "name": "transductive_q_count_w0.65",
    "weight": 0.65,
    "avg_log_loss": 0.5818805511175833,
    "delta_vs_base": 0.001917241871687736,
    "fold_std": 0.01107370910604325,
    "worst_fold": 0.6036853865489572,
    "improved_folds": 4,
    "worst_target_delta": 0.0,
    "promote": true,
    "Q1": 0.6358317172110295,
    "Q2": 0.6397670248932207,
    "Q3": 0.6215735470024543,
    "S1": 0.5542725406575977,
    "S2": 0.5292196070733155,
    "S3": 0.49841585304667624,
    "S4": 0.5940835679387884,
    "improvement": 0.00191724187168777,
    "improvement_p025": 0.00046138478535150357,
    "improvement_p500": 0.0019336908325874183,
    "improvement_p975": 0.003354325349178542
  },
  "args": {
    "train_path": "data/ch2026_metrics_train.csv",
    "sample_path": "data/ch2026_submission_sample.csv",
    "base_oof": "outputs/blend_temporal_label_master_residual_min3_w03/oof_candidate_probability_blend.csv",
    "base_submission": "outputs/blend_temporal_label_master_residual_min3_w03/submission_candidate_probability_blend.csv",
    "candidate_oof": "outputs/transductive_q_count_on_w03/oof_transductive_q_count.csv",
    "candidate_submission": "outputs/transductive_q_count_on_w03/submission_transductive_q_count.csv",
    "output_dir": "outputs/blend_w03_transductive_q_count_w065",
    "name": "transductive_q_count",
    "weights": "0.65",
    "folds": 5,
    "bootstrap": 3000,
    "seed": 2026,
    "max_target_regression": 0.001
  }
}