{
  "view": "no_phone",
  "channels_selected": 97,
  "channel_groups_selected": [
    "ambience",
    "body",
    "cross_modal",
    "event",
    "gps_radio",
    "light",
    "missingness"
  ],
  "include_mask": true,
  "latent_dim": 24,
  "input_dim": 9312,
  "pca_reconstruction_mse": 0.32353222370147705,
  "pca_explained_variance": 0.5426940321922302,
  "subject_leakage_acc": 0.8728571428571429,
  "train_sample_mean_l2": 9.079222679138184,
  "train_sample_std_l2": 11.728731155395508,
  "adjacent_cosine_mean": 0.40121867261773003,
  "random_cosine_mean": 0.040735879250248706,
  "temporal_locality_gap": 0.36048279336748135,
  "same_subject_nn_rate": 0.7728571428571429,
  "mean_neighbor_day_gap": 29.397142857142857
}