{
  "score": {
    "name": "pyramid_label_aligned_encoder",
    "avg_log_loss": 0.6249642480511459,
    "Q1": 0.6727262369452893,
    "Q2": 0.7016970939940625,
    "Q3": 0.6716909173141437,
    "S1": 0.5771837851886154,
    "S2": 0.5735506753715561,
    "S3": 0.5340726142444319,
    "S4": 0.6438284132999224
  },
  "folds": [
    {
      "fold": 1,
      "train_rows": 355,
      "valid_rows": 95,
      "auxiliary_days": 605,
      "best_epoch": 30,
      "best_val_avg_log_loss": 0.6291663463915353,
      "final_val_avg_log_loss": 0.6291663463915353,
      "per_target": {
        "Q1": 0.6622965622613319,
        "Q2": 0.7294297911280193,
        "Q3": 0.6783625581591748,
        "S1": 0.5667443666362749,
        "S2": 0.5991127517372662,
        "S3": 0.4935975684183921,
        "S4": 0.6746208264002876
      },
      "checkpoint_load": {
        "checkpoint_path": "outputs/encoder_day_pyramid_ssl_v1/checkpoints/best_pyramid_encoder.pt",
        "loaded_keys": 58,
        "skipped_keys": []
      }
    },
    {
      "fold": 2,
      "train_rows": 358,
      "valid_rows": 92,
      "auxiliary_days": 608,
      "best_epoch": 43,
      "best_val_avg_log_loss": 0.6061071352447193,
      "final_val_avg_log_loss": 0.6061071352447193,
      "per_target": {
        "Q1": 0.6815485913407835,
        "Q2": 0.6447281048473137,
        "Q3": 0.6908884116206958,
        "S1": 0.5748650611874322,
        "S2": 0.5292186698048861,
        "S3": 0.5196224350136943,
        "S4": 0.6018786728982288
      },
      "checkpoint_load": {
        "checkpoint_path": "outputs/encoder_day_pyramid_ssl_v1/checkpoints/best_pyramid_encoder.pt",
        "loaded_keys": 58,
        "skipped_keys": []
      }
    },
    {
      "fold": 3,
      "train_rows": 359,
      "valid_rows": 91,
      "auxiliary_days": 609,
      "best_epoch": 1,
      "best_val_avg_log_loss": 0.6330245585814237,
      "final_val_avg_log_loss": 0.6330245585814237,
      "per_target": {
        "Q1": 0.6799966228340553,
        "Q2": 0.7613624981874193,
        "Q3": 0.6643146200795736,
        "S1": 0.592583973537695,
        "S2": 0.538131320638332,
        "S3": 0.5598922851263822,
        "S4": 0.6348905896665095
      },
      "checkpoint_load": {
        "checkpoint_path": "outputs/encoder_day_pyramid_ssl_v1/checkpoints/best_pyramid_encoder.pt",
        "loaded_keys": 58,
        "skipped_keys": []
      }
    },
    {
      "fold": 4,
      "train_rows": 363,
      "valid_rows": 87,
      "auxiliary_days": 613,
      "best_epoch": 5,
      "best_val_avg_log_loss": 0.6172576691911887,
      "final_val_avg_log_loss": 0.6172576691911887,
      "per_target": {
        "Q1": 0.6655696463552693,
        "Q2": 0.6665762343288668,
        "Q3": 0.619531756118345,
        "S1": 0.6120528001060793,
        "S2": 0.583787857128043,
        "S3": 0.49782611008074645,
        "S4": 0.67545928022097
      },
      "checkpoint_load": {
        "checkpoint_path": "outputs/encoder_day_pyramid_ssl_v1/checkpoints/best_pyramid_encoder.pt",
        "loaded_keys": 58,
        "skipped_keys": []
      }
    },
    {
      "fold": 5,
      "train_rows": 365,
      "valid_rows": 85,
      "auxiliary_days": 615,
      "best_epoch": 22,
      "best_val_avg_log_loss": 0.6399364733059242,
      "final_val_avg_log_loss": 0.6399364733059242,
      "per_target": {
        "Q1": 0.6743754205060086,
        "Q2": 0.704432432501893,
        "Q3": 0.7047393282096419,
        "S1": 0.5391843221058984,
        "S2": 0.6204056627841853,
        "S3": 0.6044067549335401,
        "S4": 0.6320113921003025
      },
      "checkpoint_load": {
        "checkpoint_path": "outputs/encoder_day_pyramid_ssl_v1/checkpoints/best_pyramid_encoder.pt",
        "loaded_keys": 58,
        "skipped_keys": []
      }
    }
  ],
  "full_model": {
    "epochs": 22,
    "training_log": [
      {
        "supervised_loss": 0.5970680928230285,
        "contrast_loss": 3.6605824279785155,
        "denoise_loss": 0.8067954564094544,
        "pseudo_loss": 0.6573804354667664,
        "delta_penalty": 3.829872614915075e-05
      },
      {
        "supervised_loss": 0.5967873311042786,
        "contrast_loss": 3.5828638076782227,
        "denoise_loss": 0.7744460368156433,
        "pseudo_loss": 0.6591662073135376,
        "delta_penalty": 0.00011475000181235373
      },
      {
        "supervised_loss": 0.5964231085777283,
        "contrast_loss": 3.529019594192505,
        "denoise_loss": 0.7878393769264221,
        "pseudo_loss": 0.6573171019554138,
        "delta_penalty": 0.0004440462804632261
      },
      {
        "supervised_loss": 0.5960069465637207,
        "contrast_loss": 3.4480068111419677,
        "denoise_loss": 0.7991859936714172,
        "pseudo_loss": 0.6572448897361756,
        "delta_penalty": 0.0010036310437135398
      },
      {
        "supervised_loss": 0.5959659552574158,
        "contrast_loss": 3.225205354690552,
        "denoise_loss": 0.8109999299049377,
        "pseudo_loss": 0.6582778096199036,
        "delta_penalty": 0.0016963216685689985
      },
      {
        "supervised_loss": 0.5960221934318543,
        "contrast_loss": 3.04523042678833,
        "denoise_loss": 0.8341114091873169,
        "pseudo_loss": 0.6575461077690125,
        "delta_penalty": 0.0015808778861537576
      },
      {
        "supervised_loss": 0.5956666159629822,
        "contrast_loss": 2.9406693267822264,
        "denoise_loss": 0.8346675395965576,
        "pseudo_loss": 0.6591005539894104,
        "delta_penalty": 0.0017272836598567665
      },
      {
        "supervised_loss": 0.595990424156189,
        "contrast_loss": 2.9191518306732176,
        "denoise_loss": 0.8400602817535401,
        "pseudo_loss": 0.656520869731903,
        "delta_penalty": 0.001810565502382815
      },
      {
        "supervised_loss": 0.5954815912246704,
        "contrast_loss": 2.9121870040893554,
        "denoise_loss": 0.851701762676239,
        "pseudo_loss": 0.6577327227592469,
        "delta_penalty": 0.002478987304493785
      },
      {
        "supervised_loss": 0.5959170198440552,
        "contrast_loss": 2.888760356903076,
        "denoise_loss": 0.8584718608856201,
        "pseudo_loss": 0.6570550847053528,
        "delta_penalty": 0.0026292103389278054
      },
      {
        "supervised_loss": 0.5958420848846435,
        "contrast_loss": 2.8734247398376467,
        "denoise_loss": 0.8562571740150452,
        "pseudo_loss": 0.6565865015983582,
        "delta_penalty": 0.0031749360403046014
      },
      {
        "supervised_loss": 0.5955477976799011,
        "contrast_loss": 2.8720311450958254,
        "denoise_loss": 0.8576867270469666,
        "pseudo_loss": 0.6560304570198059,
        "delta_penalty": 0.003330445270985365
      },
      {
        "supervised_loss": 0.59556161403656,
        "contrast_loss": 2.866381883621216,
        "denoise_loss": 0.8458256840705871,
        "pseudo_loss": 0.6572005200386047,
        "delta_penalty": 0.003386058500036597
      },
      {
        "supervised_loss": 0.5955726766586303,
        "contrast_loss": 2.863459939956665,
        "denoise_loss": 0.8534585022926331,
        "pseudo_loss": 0.6580307579040527,
        "delta_penalty": 0.004212525822222233
      },
      {
        "supervised_loss": 0.5947302556037903,
        "contrast_loss": 2.8633366203308106,
        "denoise_loss": 0.8535446500778199,
        "pseudo_loss": 0.6567398476600647,
        "delta_penalty": 0.004350323425605893
      },
      {
        "supervised_loss": 0.5945921158790588,
        "contrast_loss": 2.8681089782714846,
        "denoise_loss": 0.8507355046272278,
        "pseudo_loss": 0.6577345275878906,
        "delta_penalty": 0.005196949681267143
      },
      {
        "supervised_loss": 0.5952033543586731,
        "contrast_loss": 2.8618467712402342,
        "denoise_loss": 0.8282585906982421,
        "pseudo_loss": 0.6574875020980835,