group,cells,mean_boundary_score,mean_gap,mean_benefit,mean_toxicity,mean_bad_pressure,mean_shortcut
h108_kept,29,0.40002366956638363,0.40838244248433403,0.9253741719757662,0.5169917294914321,0.5536847290640393,0.6195374384236454
h108_rejected,18,0.45615929819615697,0.46863934436990423,0.9467217570683886,0.47808241269848434,0.6382222222222222,0.7219698412698414
h110_added,8,0.32719181521070406,0.37472782919642456,0.8956318291966285,0.520904000000204,0.6076428571428572,0.6989107142857143
h108_all,47,0.42152242095650966,0.4314595538447652,0.9335498428623025,0.5020902890175372,0.5860607902735561,0.658766869300912
h110_all,37,0.3842762415975881,0.4011057693410023,0.9189433951586554,0.5178376258176531,0.5653513513513513,0.6366992277992279
