{
  "best_source": "targetwise",
  "best_avg_log_loss": 0.6216909635691018,
  "best_per_target": {
    "Q1": 0.6687252322091134,
    "Q2": 0.6864414362088276,
    "Q3": 0.6639594338166188,
    "S1": 0.5736155722179573,
    "S2": 0.578591202624402,
    "S3": 0.5341450535249584,
    "S4": 0.6463588143818351
  },
  "best_drift_vs_reference": {
    "reference": "outputs/v83_repaired_v80/submission_v83_gq015_gs010.csv",
    "mean_abs_drift": 0.07148808374785334,
    "max_abs_drift": 0.33248183295813605,
    "corr": 0.8694989821642439,
    "target_mean": {
      "Q1": 0.5069715823160421,
      "Q2": 0.5558643958406133,
      "Q3": 0.5900285245293255,
      "S1": 0.6851202211353298,
      "S2": 0.6541623253169973,
      "S3": 0.6642759611137397,
      "S4": 0.5580126872041933
    },
    "target_mean_shift": {
      "Q1": -0.003396614585913898,
      "Q2": -0.013453919215846863,
      "Q3": -0.021958237131872786,
      "S1": 0.00250783392423034,
      "S2": 0.01023707666299723,
      "S3": 0.0056351402167840806,
      "S4": 0.004998765181505868
    },
    "panel_mean_abs_drift": {
      "early": 0.06085076681081386,
      "mid": 0.0730943267132687,
      "late": 0.08018151695617998
    }
  },
  "best_subject_drift_vs_reference": {
    "id01": 0.049651709741685666,
    "id02": 0.0529072053189945,
    "id03": 0.05665661292043842,
    "id04": 0.0734072098609066,
    "id05": 0.08617829960205482,
    "id06": 0.08998266544077693,
    "id07": 0.0783078866238093,
    "id08": 0.07692274180098266,
    "id09": 0.07612893565746146,
    "id10": 0.08322874764773219
  },
  "best_target_gain_vs_subject_prior": {
    "Q1": 0.004454210955345483,
    "Q2": 0.0185686072004716,
    "Q3": 0.013810796530400515,
    "S1": 0.0020863408322684407,
    "S2": 0.0012652504539476528,
    "S3": 0.0006425924695104834,
    "S4": 0.0009131678930820453
  },
  "best_global_source": "only_cross_modal__deviation__linear_k4_b0.2",
  "best_global_avg_log_loss": 0.6254147826890295,
  "best_global_drift_vs_reference": {
    "reference": "outputs/v83_repaired_v80/submission_v83_gq015_gs010.csv",
    "mean_abs_drift": 0.07513741881276383,
    "max_abs_drift": 0.32694059814070797,
    "corr": 0.8618007665394151,
    "target_mean": {
      "Q1": 0.5007668752245542,
      "Q2": 0.5497752552360605,
      "Q3": 0.5900285245293255,
      "S1": 0.6778526556490901,
      "S2": 0.6450127280906356,
      "S3": 0.6643322524309511,
      "S4": 0.5592996901570692
    },
    "target_mean_shift": {
      "Q1": -0.009601321677401839,
      "Q2": -0.01954305982039968,
      "Q3": -0.021958237131872786,
      "S1": -0.004759731562009222,
      "S2": 0.0010874794366356113,
      "S3": 0.005691431533995484,
      "S4": 0.006285768134381682
    },
    "panel_mean_abs_drift": {
      "early": 0.06660690772956512,
      "mid": 0.07875634116312888,
      "late": 0.07983308179796376
    }
  },
  "targetwise_avg_log_loss": 0.6216909635691018,
  "targetwise_drift_vs_reference": {
    "reference": "outputs/v83_repaired_v80/submission_v83_gq015_gs010.csv",
    "mean_abs_drift": 0.07148808374785334,
    "max_abs_drift": 0.33248183295813605,
    "corr": 0.8694989821642439,
    "target_mean": {
      "Q1": 0.5069715823160421,
      "Q2": 0.5558643958406133,
      "Q3": 0.5900285245293255,
      "S1": 0.6851202211353298,
      "S2": 0.6541623253169973,
      "S3": 0.6642759611137397,
      "S4": 0.5580126872041933
    },
    "target_mean_shift": {
      "Q1": -0.003396614585913898,
      "Q2": -0.013453919215846863,
      "Q3": -0.021958237131872786,
      "S1": 0.00250783392423034,
      "S2": 0.01023707666299723,
      "S3": 0.0056351402167840806,
      "S4": 0.004998765181505868
    },
    "panel_mean_abs_drift": {
      "early": 0.06085076681081386,
      "mid": 0.0730943267132687,
      "late": 0.08018151695617998
    }
  },
  "targetwise_sources": {
    "Q1": "only_cross_modal__absolute_plus_deviation__mlp_h2_k4_wd0.1_b0.2",
    "Q2": "no_sleep__deviation__linear_k4_b0.2",
    "Q3": "only_cross_modal__deviation__linear_k4_b0.2",
    "S1": "only_cross_modal__deviation__linear_k4_b0.1",
    "S2": "full__absolute_plus_deviation__linear_k2_b0.1",
    "S3": "full__absolute_plus_deviation__mlp_h2_k4_wd0.1_b0.1",
    "S4": "full__deviation__linear_k4_b0.1"
  },
  "targetwise_source_losses": {
    "Q1": 0.6687252322091134,
    "Q2": 0.6864414362088276,
    "Q3": 0.6639594338166188,
    "S1": 0.5736155722179573,
    "S2": 0.578591202624402,
    "S3": 0.5341450535249584,
    "S4": 0.6463588143818351
  },
  "subject_prior_avg_log_loss": 0.6276539587598199,
  "n_candidates": 182,
  "views": [
    "full",
    "no_sleep",
    "only_cross_modal"
  ],
  "device": "mps"
}