{
  "view": "only_rhythm",
  "encoder_type": "transformer",
  "encoder_params": 3323,
  "device": "mps",
  "sequence": {
    "n_days": 700.0,
    "n_base_features": 31.0,
    "n_token_features": 131.0,
    "raw_tokens_per_day": 48.0,
    "effective_tokens_per_day": 12.0,
    "pool_len": 4.0,
    "pool_stats": "mean",
    "mean_missing_fraction": 0.17440380184331794,
    "add_deviation_features": 1.0
  },
  "n_features": 131,
  "epochs": 50,
  "final_ssl_loss": 0.31973383137157985,
  "best_global_source": "transformer_logreg_c0p03_w0p05",
  "best_global_avg_log_loss": 0.6275210021519044,
  "best_global_per_target": {
    "Q1": 0.6729425755728871,
    "Q2": 0.7028015022863702,
    "Q3": 0.6766594664500954,
    "S1": 0.5761376176650645,
    "S2": 0.579992803241967,
    "S3": 0.536774365711259,
    "S4": 0.6473386841356877
  },
  "targetwise_avg_log_loss": 0.6247155226655243,
  "targetwise_per_target": {
    "Q1": 0.6721770581393399,
    "Q2": 0.6932152135169561,
    "Q3": 0.671755077220992,
    "S1": 0.5757019130502258,
    "S2": 0.5798564530783497,
    "S3": 0.5330309613778893,
    "S4": 0.6472719822749171
  },
  "targetwise_sources": {
    "Q1": "subject_prior_a16",
    "Q2": "transformer_logreg_c0p3_w0p35",
    "Q3": "transformer_logreg_c0p3_w0p35",
    "S1": "subject_prior_a8",
    "S2": "subject_prior_a8",
    "S3": "subject_prior_a4",
    "S4": "subject_prior_a8"
  },
  "targetwise_source_losses": {
    "Q1": 0.6721770581393399,
    "Q2": 0.6932152135169561,
    "Q3": 0.671755077220992,
    "S1": 0.5757019130502258,
    "S2": 0.5798564530783497,
    "S3": 0.5330309613778893,
    "S4": 0.6472719822749171
  },
  "drift_vs_reference_best_global": {
    "reference": "outputs/v83_repaired_v80/submission_v83_gq015_gs010.csv",
    "mean_abs_drift": 0.06373441212142597,
    "max_abs_drift": 0.30783272728773536,
    "corr": 0.8844808647215885,
    "target_mean": {
      "Q1": 0.5006518478061374,
      "Q2": 0.5581483796529721,
      "Q3": 0.6030638155574267,
      "S1": 0.6916246560753389,
      "S2": 0.6582810254591807,
      "S3": 0.6735631519068286,
      "S4": 0.5602475805999193
    },
    "target_mean_shift": {
      "Q1": -0.009716349095818614,
      "Q2": -0.01116993540348808,
      "Q3": -0.008922946103771711,
      "S1": 0.009012268864239559,
      "S2": 0.014355776805180806,
      "S3": 0.014922331009872935,
      "S4": 0.0072336585772318825
    },
    "panel_mean_abs_drift": {
      "early": 0.051066273280115634,
      "mid": 0.06588756354907373,
      "late": 0.07385295113898693
    }
  },
  "drift_vs_reference_targetwise": {
    "reference": "outputs/v83_repaired_v80/submission_v83_gq015_gs010.csv",
    "mean_abs_drift": 0.06460332088581687,
    "max_abs_drift": 0.3258122089076365,
    "corr": 0.8749161575744432,
    "target_mean": {
      "Q1": 0.49965650813885837,
      "Q2": 0.5521799392691331,
      "Q3": 0.5971240191329928,
      "S1": 0.6923877866215694,
      "S2": 0.6582781981365899,
      "S3": 0.6743072986995421,
      "S4": 0.5592527565880283
    },
    "target_mean_shift": {
      "Q1": -0.01071168876309774,
      "Q2": -0.017138375787327114,
      "Q3": -0.014862742528205448,
      "S1": 0.009775399410469864,
      "S2": 0.014352949482590006,
      "S3": 0.01566647780258651,
      "S4": 0.006238834565341037
    },
    "panel_mean_abs_drift": {
      "early": 0.04964185451447358,
      "mid": 0.0654917756667817,
      "late": 0.07816918554028823
    }
  },
  "ssl_loss_history": [
    1.036323426451002,
    1.008051208768572,
    0.9874648645945958,
    0.9541797528948103,
    0.9241997190884181,
    0.8886813637188503,
    0.8303265074321202,
    0.79414521081107,
    0.7581693141801017,
    0.7073206179482596,
    0.6649459290504456,
    0.6078263929912022,
    0.5610613816125052,
    0.5272545742988587,
    0.4858563138757433,
    0.43836058259010313,
    0.3985329946449825,
    0.3817693599632808,
    0.36680485248565675,
    0.3751215709958758,
    0.36561932921409607,
    0.3584893197672708,
    0.3625836910520281,
    0.3504902764729091,
    0.36248739310673306,
    0.35238235814230784,
    0.34417284301349094,
    0.3483574794019972,
    0.35700820292745317,
    0.35748094746044706,
    0.35202796459198,
    0.3441210310799735,
    0.34472588675362725,
    0.3446255278587341,
    0.34782302669116427,
    0.3440928249699729,
    0.3434336813858577,
    0.3463926271029881,
    0.3452316185406276,
    0.3333117834159306,
    0.33783746532031467,
    0.3536778940473284,
    0.323167416879109,
    0.33559345143181935,
    0.33282189301082066,
    0.32180524042674474,
    0.3211500302382878,
    0.32627109748976574,
    0.3247211856501443,
    0.31973383137157985
  ]
}