subject_id,selected_cells,gain_sum,positive_targets,negative_targets
id01,67,2.8915759526564866,2,0
id02,12,1.4365259359754308,1,0
id03,3,0.5276119159052366,2,0
id04,10,0.20342692538746576,2,0
id05,16,0.9750375757030136,2,0
id06,13,1.1096045505781906,3,0
id07,22,1.2025224203898164,4,0
id08,9,1.1985867805427153,3,1
id09,6,0.43005266310677104,2,0
id10,8,0.1478541165747282,2,2
