{
  "base_avg_log_loss": 0.583797792989271,
  "selected": {
    "name": "Q10.8_Q20.65_Q31",
    "avg_log_loss": 0.5817957853096435,
    "delta_vs_base": 0.0020020076796275488,
    "fold_std": 0.010973740637947413,
    "worst_fold": 0.6032930302699041,
    "improved_folds": 4,
    "worst_target_delta": 0.0,
    "w_Q1": 0.8,
    "w_Q2": 0.65,
    "w_Q3": 1.0,
    "w_S1": 0.0,
    "w_S2": 0.0,
    "w_S3": 0.0,
    "w_S4": 0.0,
    "Q1": 0.6356582897823061,
    "Q2": 0.6397670248932207,
    "Q3": 0.6211536137755987,
    "S1": 0.5542725406575977,
    "S2": 0.5292196070733155,
    "S3": 0.49841585304667624,
    "S4": 0.5940835679387884,
    "improvement": 0.002002007679627635,
    "improvement_p025": 0.0004066871869481765,
    "improvement_p500": 0.002012664788109834,
    "improvement_p975": 0.0036040305733762725,
    "promote": true
  },
  "selected_weights": {
    "Q1": 0.8,
    "Q2": 0.65,
    "Q3": 1.0,
    "S1": 0.0,
    "S2": 0.0,
    "S3": 0.0,
    "S4": 0.0
  },
  "args": {
    "train_path": "data/ch2026_metrics_train.csv",
    "sample_path": "data/ch2026_submission_sample.csv",
    "base_oof": "outputs/blend_temporal_label_master_residual_min3_w03/oof_candidate_probability_blend.csv",
    "base_submission": "outputs/blend_temporal_label_master_residual_min3_w03/submission_candidate_probability_blend.csv",
    "candidate_oof": "outputs/transductive_q_count_on_w03/oof_transductive_q_count.csv",
    "candidate_submission": "outputs/transductive_q_count_on_w03/submission_transductive_q_count.csv",
    "output_dir": "outputs/targetwise_blend_transductive_q_count_vs_w03",
    "targets": "Q1,Q2,Q3",
    "weights": "0,0.1,0.2,0.3,0.4,0.5,0.65,0.8,1.0",
    "folds": 5,
    "bootstrap": 10000,
    "top_bootstrap": 160,
    "seed": 2026,
    "max_target_regression": 0.001,
    "min_p025": 0.0004
  }
}