{
  "package": "episode_transition_retrieval_core",
  "status": "episode_transition_retrieval_core_ready",
  "uses_public_score_ledger": false,
  "uses_prior_submission_probabilities": false,
  "uses_proprietary_embedding_api": false,
  "uses_label_as_pretext_target": false,
  "core_adapter_boundary": "labels appear only in frozen next-label probe; retrieval pretext is label-free",
  "latent_dims": 12,
  "ridge_alpha": 18.0,
  "subject_best_retrieval": {
    "split": "subject_heldout",
    "method": "calendar_to_next_state",
    "folds": 5,
    "mean_candidate_count": 138.0,
    "top1_accuracy": 0.016026099104764734,
    "top3_recall": 0.03616491188385352,
    "top5_recall": 0.05222418215182038,
    "mean_rank_pct": 0.41212176540739465,
    "lift_top1_vs_random": 0.008775585688118126,
    "lift_top5_vs_random": 0.015971615068587332,
    "lift_rank_pct_vs_random": 0.08787823459260535
  },
  "chronological_best_retrieval": {
    "split": "chronological_holdout",
    "method": "calendar_to_next_state",
    "folds": 1,
    "mean_candidate_count": 213.0,
    "top1_accuracy": 0.009389671361502348,
    "top3_recall": 0.023474178403755867,
    "top5_recall": 0.046948356807511735,
    "mean_rank_pct": 0.4110860129329436,
    "lift_top1_vs_random": 0.004694835680751174,
    "lift_top5_vs_random": 0.023474178403755867,
    "lift_rank_pct_vs_random": 0.08891398706705639
  },
  "subject_relative_predicted_retrieval": {
    "split": "subject_heldout",
    "method": "subject_relative_context_to_next_state",
    "folds": 5,
    "mean_candidate_count": 138.0,
    "top1_accuracy": 0.011452683378207245,
    "top3_recall": 0.03462820298859647,
    "top5_recall": 0.05906449442351678,
    "mean_rank_pct": 0.45538899099080093,
    "lift_top1_vs_random": 0.004202169961560638,
    "lift_top5_vs_random": 0.022811927340283745,
    "lift_rank_pct_vs_random": 0.044611009009199086
  },
  "subject_rhythm_conditioned_predicted_retrieval": {
    "split": "subject_heldout",
    "method": "rhythm_conditioned_subject_relative_to_next_state",
    "folds": 5,
    "mean_candidate_count": 138.0,
    "top1_accuracy": 0.012861134082432599,
    "top3_recall": 0.033124443590100236,
    "top5_recall": 0.057615219061197945,
    "mean_rank_pct": 0.45546573057318807,
    "lift_top1_vs_random": 0.005610620665785991,
    "lift_top5_vs_random": 0.021362651977964903,
    "lift_rank_pct_vs_random": 0.044534269426811934
  },
  "subject_persistence_retrieval": {
    "split": "subject_heldout",
    "method": "current_episode_identity",
    "folds": 5,
    "mean_candidate_count": 138.0,
    "top1_accuracy": 0.0,
    "top3_recall": 0.0464674391215833,
    "top5_recall": 0.07988459367964089,
    "mean_rank_pct": 0.4217863228012778,
    "lift_top1_vs_random": -0.007250513416646608,
    "lift_top5_vs_random": 0.04363202659640785,
    "lift_rank_pct_vs_random": 0.07821367719872224
  },
  "subject_predicted_rank_lift_minus_persistence": -0.033602668189523156,
  "subject_best_next_label_probe": {
    "split": "subject_heldout",
    "feature_set": "current_episode_identity",
    "folds": 5,
    "logloss": 0.676403979209485,
    "auc": 0.5172498902126853,
    "average_precision": 0.6409756040819082,
    "evaluated_rows": 440
  },
  "subject_predicted_next_label_probe": {
    "split": "subject_heldout",
    "feature_set": "subject_relative_context_to_next_state",
    "folds": 5,
    "logloss": 0.6767642752439469,
    "auc": 0.5252489849631105,
    "average_precision": 0.6386350152477425,
    "evaluated_rows": 440
  }
}