target,selected_cells,selected_gain_sum,selected_mean_gain,selected_positive_gain_rate,active_subjects
Q1,13,0.7005109102162592,0.05388545463201994,0.6153846153846154,6
Q2,112,4.590854941883278,0.040989776266814985,0.6339285714285714,8
Q3,7,0.727262613165229,0.10389465902360415,0.8571428571428571,3
S1,7,0.12882155250495322,0.018403078929279032,0.7142857142857143,1
S2,91,2.070093457586718,0.022748279753700196,0.7692307692307693,8
S3,35,2.9534389523654143,0.08438397006758326,0.9428571428571428,7
S4,81,4.424902664861031,0.05462842796124729,0.7530864197530864,9
