feature_set,subject_id_accuracy,chance_accuracy,leakage_lift_vs_chance
raw_lifelog_pca,0.9577777777777777,0.12666666666666668,0.831111111111111
existing_cohort_human_state,0.9133333333333333,0.12666666666666668,0.7866666666666666
sleep_pressure_predicted,0.09333333333333334,0.12666666666666668,-0.03333333333333334
sleep_pressure_energy,0.1511111111111111,0.12666666666666668,0.024444444444444435
sleep_pressure_observed,0.27555555555555555,0.12666666666666668,0.14888888888888888
sleep_pressure_full,0.13777777777777778,0.12666666666666668,0.0111111111111111
