source,avg_log_loss,drift_vs_reference,Q1,Q2,Q3,S1,S2,S3,S4
fold_local_all_logreg,0.6250161804886696,0.06657621118911103,0.6722609131452082,0.6919668111527699,0.675156630133448,0.5745306642141456,0.5770102142385177,0.5350074475382222,0.6491805829983756
fold_local_selected,0.6253433435961097,0.06547754190940316,0.6728682353099295,0.6919668111527699,0.6776792240564272,0.5751950411147042,0.5770102142385177,0.5350074475382222,0.6476764317621976
fold_local_all_ridge,0.6257611575333932,0.06262928431106639,0.6728682353099295,0.6951176523345557,0.6776792240564272,0.5751950411147042,0.5776052881340714,0.5341862300218668,0.6476764317621976
fold_local_all_hgb,0.6271198371336232,0.06195663474642546,0.6734026385409425,0.70358925462038,0.6780316350872528,0.5747509789158082,0.5786628126422441,0.5350217425685938,0.6463797975601406
