{
  "latent_specs": {
    "recon_subject_token_ecm": "outputs/domain_masked_patch_encoder_v2_subject_norm/subject_channel_token/event_cross_missing/embeddings_mean.parquet",
    "contrast_adjacent_subject_token_ecm": "outputs/domain_temporal_contrastive_encoder_v1/adjacent_day/subject_channel_token/event_cross_missing/embeddings_mean.parquet",
    "combo_recon_plus_adjacent_ecm": "outputs/domain_temporal_contrastive_probe_v1/combined_latents/recon_subject_token_ecm_plus_adjacent_subject_token_ecm.parquet",
    "combo_recon_plus_adjacent_event": "outputs/domain_temporal_contrastive_probe_v1/combined_latents/recon_subject_token_ecm_plus_adjacent_subject_token_event.parquet"
  },
  "n_folds": 5,
  "prior_alpha": 8.0,
  "c_values": [
    0.03,
    0.1,
    0.3
  ],
  "blends": [
    0.05,
    0.1,
    0.2
  ],
  "subject_prior_avg_log_loss": 0.6276539587598199,
  "subject_prior_per_target": {
    "Q1": 0.6731794431644589,
    "Q2": 0.7050100434092992,
    "Q3": 0.6777702303470193,
    "S1": 0.5757019130502258,
    "S2": 0.5798564530783497,
    "S3": 0.5347876459944689,
    "S4": 0.6472719822749171
  },
  "best_source": "combo_recon_plus_adjacent_event__absolute_plus_deviation__c0.3_b0.2",
  "best_avg_log_loss": 0.6247977954270165,
  "best_delta_vs_subject_prior": -0.002856163332803363,
  "top_scores": [
    {
      "source": "combo_recon_plus_adjacent_event__absolute_plus_deviation__c0.3_b0.2",
      "avg_log_loss": 0.6247977954270165,
      "Q1": 0.6721347984450534,
      "Q2": 0.7003256204001533,
      "Q3": 0.6795798261707131,
      "S1": 0.5722964763984926,
      "S2": 0.5795831325069634,
      "S3": 0.5216523211285359,
      "S4": 0.6480123929392041
    },
    {
      "source": "combo_recon_plus_adjacent_event__deviation__c0.3_b0.2",
      "avg_log_loss": 0.6248986918462975,
      "Q1": 0.6697867523675703,
      "Q2": 0.6942805549528284,
      "Q3": 0.6777062112983462,
      "S1": 0.572928555474127,
      "S2": 0.5817369183769542,
      "S3": 0.5288873309126121,
      "S4": 0.6489645195416442
    },
    {
      "source": "combo_recon_plus_adjacent_event__absolute_plus_deviation__c0.1_b0.2",
      "avg_log_loss": 0.6249551580903904,
      "Q1": 0.672558429551284,
      "Q2": 0.6973995949407261,
      "Q3": 0.6786774654809473,
      "S1": 0.5727786984880799,
      "S2": 0.5794551120378219,
      "S3": 0.5265139017666023,
      "S4": 0.647302904367271
    },
    {
      "source": "combo_recon_plus_adjacent_event__absolute__c0.3_b0.2",
      "avg_log_loss": 0.6253187750371934,
      "Q1": 0.6725453116181903,
      "Q2": 0.6972441125949872,
      "Q3": 0.6771980310290435,
      "S1": 0.5727115067104369,
      "S2": 0.5790899756007476,
      "S3": 0.5316680083333962,
      "S4": 0.6467744793735518
    },
    {
      "source": "combo_recon_plus_adjacent_event__deviation__c0.3_b0.1",
      "avg_log_loss": 0.6255086575101821,
      "Q1": 0.6709212005146593,
      "Q2": 0.6987642084478181,
      "Q3": 0.6772676644869697,
      "S1": 0.5734519887575258,
      "S2": 0.5800838748201353,
      "S3": 0.5306082939979767,
      "S4": 0.6474633715461902
    },
    {
      "source": "combo_recon_plus_adjacent_event__absolute__c0.1_b0.2",
      "avg_log_loss": 0.6255244327026167,
      "Q1": 0.6726275020130809,
      "Q2": 0.695953253848086,
      "Q3": 0.6763942856270112,
      "S1": 0.5737981847011592,
      "S2": 0.5801808315722682,
      "S3": 0.5337423924266635,
      "S4": 0.6459745787300476
    },
    {
      "source": "combo_recon_plus_adjacent_event__absolute__c0.3_b0.1",
      "avg_log_loss": 0.6255461055062764,
      "Q1": 0.6721742791929046,
      "Q2": 0.7001789737886591,
      "Q3": 0.6769916167956852,
      "S1": 0.573280529636807,
      "S2": 0.5784750270482368,
      "S3": 0.5314327917850187,
      "S4": 0.6462895202966239
    },
    {
      "source": "combo_recon_plus_adjacent_event__deviation__c0.1_b0.2",
      "avg_log_loss": 0.6255580000672488,
      "Q1": 0.6708413299203552,
      "Q2": 0.6922887999365643,
      "Q3": 0.6771895974657085,
      "S1": 0.5742977063388053,
      "S2": 0.5825289635151575,
      "S3": 0.5339865303571265,
      "S4": 0.6477730729370246
    },
    {
      "source": "combo_recon_plus_adjacent_event__absolute_plus_deviation__c0.3_b0.1",
      "avg_log_loss": 0.6256482049455031,
      "Q1": 0.6721977485997193,
      "Q2": 0.7019461756958495,
      "Q3": 0.6781960647356343,
      "S1": 0.5734360562101946,
      "S2": 0.5793684952394278,
      "S3": 0.5272720849645045,
      "S4": 0.6471208091731919
    },
    {
      "source": "combo_recon_plus_adjacent_ecm__absolute_plus_deviation__c0.3_b0.2",
      "avg_log_loss": 0.6257350886346847,
      "Q1": 0.6718521460869801,
      "Q2": 0.7038552125350924,
      "Q3": 0.6738812418125303,
      "S1": 0.5790512087688343,
      "S2": 0.5799006776130995,
      "S3": 0.5279024515204136,
      "S4": 0.6437026821058427
    },
    {
      "source": "combo_recon_plus_adjacent_ecm__deviation__c0.3_b0.2",
      "avg_log_loss": 0.6257622931918146,
      "Q1": 0.6701758813810877,
      "Q2": 0.7000002155666222,
      "Q3": 0.6712552336689863,
      "S1": 0.5791790497037362,
      "S2": 0.5808546736062519,
      "S3": 0.5340966195337252,
      "S4": 0.6447743788822935
    },
    {
      "source": "combo_recon_plus_adjacent_event__absolute_plus_deviation__c0.03_b0.2",
      "avg_log_loss": 0.6257660432609056,
      "Q1": 0.6734031997020712,
      "Q2": 0.6951997170425811,
      "Q3": 0.6772898524300982,
      "S1": 0.5738277597011956,
      "S2": 0.5809641486245608,
      "S3": 0.5328052206384648,
      "S4": 0.6468724046873672
    },
    {
      "source": "combo_recon_plus_adjacent_event__absolute__c0.1_b0.1",
      "avg_log_loss": 0.62577548749164,
      "Q1": 0.6723009333526536,
      "Q2": 0.6996477143575314,
      "Q3": 0.6766900496812516,
      "S1": 0.5739892369463286,
      "S2": 0.5791101329651542,
      "S3": 0.5327223336287736,
      "S4": 0.6459680115097871
    },
    {
      "source": "combo_recon_plus_adjacent_event__absolute_plus_deviation__c0.1_b0.1",
      "avg_log_loss": 0.6257833792810635,
      "Q1": 0.6724878344903015,
      "Q2": 0.7005811198267247,
      "Q3": 0.6778735720262425,
      "S1": 0.5737620862570101,
      "S2": 0.5792521660883305,
      "S3": 0.5297043775447279,
      "S4": 0.6468224987341078
    },
    {
      "source": "combo_recon_plus_adjacent_event__deviation__c0.1_b0.1",
      "avg_log_loss": 0.6258727614457639,
      "Q1": 0.6714851691622918,
      "Q2": 0.697803724080996,
      "Q3": 0.677088298016491,
      "S1": 0.574201470930141,
      "S2": 0.5804406976973754,
      "S3": 0.53319481538056,
      "S4": 0.6468951548524928
    },
    {
      "source": "combo_recon_plus_adjacent_ecm__absolute_plus_deviation__c0.1_b0.2",
      "avg_log_loss": 0.6259645970755011,
      "Q1": 0.6715811279789078,
      "Q2": 0.702685195700211,
      "Q3": 0.6738941429497957,
      "S1": 0.577640147750005,
      "S2": 0.5792808627177073,
      "S3": 0.532518127240066,
      "S4": 0.6441525751918152
    },
    {
      "source": "combo_recon_plus_adjacent_event__absolute__c0.03_b0.2",
      "avg_log_loss": 0.6259876719009855,
      "Q1": 0.6725045655884679,
      "Q2": 0.695996337516169,
      "Q3": 0.6755808336485982,
      "S1": 0.5747613938104789,
      "S2": 0.581342805835331,
      "S3": 0.5361775846459371,
      "S4": 0.6455501822619161
    },
    {
      "source": "combo_recon_plus_adjacent_ecm__absolute__c0.3_b0.1",
      "avg_log_loss": 0.6260017957536148,
      "Q1": 0.6714712698110091,
      "Q2": 0.7020027584684131,
      "Q3": 0.6743315353427922,
      "S1": 0.5764832450548548,
      "S2": 0.5788311724119751,
      "S3": 0.5339880431466106,
      "S4": 0.6449045460396491
    },
    {
      "source": "combo_recon_plus_adjacent_ecm__deviation__c0.3_b0.1",
      "avg_log_loss": 0.6260487209444093,
      "Q1": 0.6710686887262913,
      "Q2": 0.7017972623124893,
      "Q3": 0.6739962894566653,
      "S1": 0.5769058229764361,
      "S2": 0.5797395323779001,