{
  "view": "full",
  "device": "mps",
  "sequence": {
    "n_days": 700.0,
    "n_base_features": 52.0,
    "n_token_features": 111.0,
    "mean_missing_fraction": 0.19188415750915752
  },
  "n_features": 111,
  "epochs": 80,
  "final_ssl_loss": 0.28329088500567845,
  "best_global_source": "transformer_logreg_c0p3_w0p1",
  "best_global_avg_log_loss": 0.6263182911668234,
  "best_global_per_target": {
    "Q1": 0.6709787404761647,
    "Q2": 0.6970518666280063,
    "Q3": 0.6755434522670126,
    "S1": 0.577119898044989,
    "S2": 0.5805853439542065,
    "S3": 0.5333926777855816,
    "S4": 0.6495560590118028
  },
  "targetwise_avg_log_loss": 0.6224489047381682,
  "targetwise_per_target": {
    "Q1": 0.6680642803638788,
    "Q2": 0.6848714600342802,
    "Q3": 0.6719839599235544,
    "S1": 0.5721809719824846,
    "S2": 0.579738717210173,
    "S3": 0.5330309613778893,
    "S4": 0.6472719822749171
  },
  "targetwise_sources": {
    "Q1": "transformer_ridge_resid_a1_w0p2",
    "Q2": "transformer_logreg_c0p1_w0p35",
    "Q3": "transformer_logreg_c0p03_w0p35",
    "S1": "transformer_ridge_resid_a1_w0p2",
    "S2": "transformer_ridge_resid_a1_w0p05",
    "S3": "subject_prior_a4",
    "S4": "subject_prior_a8"
  },
  "targetwise_source_losses": {
    "Q1": 0.6680642803638788,
    "Q2": 0.6848714600342802,
    "Q3": 0.6719839599235544,
    "S1": 0.5721809719824846,
    "S2": 0.579738717210173,
    "S3": 0.5330309613778893,
    "S4": 0.6472719822749171
  },
  "drift_vs_reference_best_global": {
    "reference": "outputs/v83_repaired_v80/submission_v83_gq015_gs010.csv",
    "mean_abs_drift": 0.06765663155913075,
    "max_abs_drift": 0.3295906264921127,
    "corr": 0.879052229242116,
    "target_mean": {
      "Q1": 0.50040124540009,
      "Q2": 0.559377729651484,
      "Q3": 0.602243663092328,
      "S1": 0.6874009518023139,
      "S2": 0.6521860565479332,
      "S3": 0.6599671094680141,
      "S4": 0.5597349257997241
    },
    "target_mean_shift": {
      "Q1": -0.009966951501865943,
      "Q2": -0.009940585404976126,
      "Q3": -0.009743098568870349,
      "S1": 0.004788564591214473,
      "S2": 0.008260807893933197,
      "S3": 0.0013262885710584769,
      "S4": 0.006721003777036662
    },
    "panel_mean_abs_drift": {
      "early": 0.055871625840108345,
      "mid": 0.07014346000355788,
      "late": 0.0765973810658647
    }
  },
  "drift_vs_reference_targetwise": {
    "reference": "outputs/v83_repaired_v80/submission_v83_gq015_gs010.csv",
    "mean_abs_drift": 0.06956895344823003,
    "max_abs_drift": 0.4444747922841673,
    "corr": 0.8500644453693798,
    "target_mean": {
      "Q1": 0.5028031236104963,
      "Q2": 0.5599394284652173,
      "Q3": 0.600240626623196,
      "S1": 0.6855832350894289,
      "S2": 0.6574758320052508,
      "S3": 0.6743072986995421,
      "S4": 0.5592527565880283
    },
    "target_mean_shift": {
      "Q1": -0.00756507329145975,
      "Q2": -0.00937888659124291,
      "Q3": -0.011746135038002283,
      "S1": 0.0029708478783294634,
      "S2": 0.013550583351250884,
      "S3": 0.01566647780258651,
      "S4": 0.006238834565341037
    },
    "panel_mean_abs_drift": {
      "early": 0.05603871184444178,
      "mid": 0.07015623942371428,
      "late": 0.08204818963111762
    }
  },
  "ssl_loss_history": [
    1.0496905606133597,
    0.8271223688125611,
    0.6530430783544268,
    0.5530240719658988,
    0.5169786439623152,
    0.49723567605018615,
    0.4790701287133353,
    0.4657251523222242,
    0.4657367042132786,
    0.44014707122530256,
    0.43657115186963763,
    0.4274109523636954,
    0.4059490980420794,
    0.4044750578062875,
    0.38665364571980065,
    0.3783393464769636,
    0.3703545929704394,
    0.3744616787774222,
    0.3624411760057722,
    0.35921295285224913,
    0.3572588682174683,
    0.34371835930006844,
    0.34673436829022,
    0.3623243432385581,
    0.3398706817626953,
    0.3482218985898154,
    0.3378008106776646,
    0.3368288729872022,
    0.32922189286776954,
    0.3396459979670388,
    0.3363707610539028,
    0.32713317726339614,
    0.3173768077577863,
    0.3240860560962132,
    0.3307824180807386,
    0.31977414318493436,
    0.3139204181943621,
    0.32183693272726877,
    0.3121338551385062,
    0.32243920905249457,
    0.3182744608606611,
    0.31346600566591537,
    0.31664915680885314,
    0.3140328320435115,
    0.3102184632846287,
    0.3145550486019679,
    0.3162515333720616,
    0.3143810873372214,
    0.3110329386166164,
    0.31007245319230214,
    0.30754129103251865,
    0.31087623868669784,
    0.3116384359768459,
    0.3064126775945936,
    0.30206069554601395,
    0.30546037571770807,
    0.3023240140506199,
    0.305320839030402,
    0.296483611038753,
    0.30731729200908114,
    0.2992248443194798,
    0.3003328733784812,
    0.3028638597897121,
    0.302576813186918,
    0.3018610904897962,
    0.286507853780474,
    0.29108870540346415,
    0.3004140148844038,
    0.30149693420955115,
    0.29066795860018046,
    0.2957721664224352,
    0.2925136251108987,
    0.2981804559912,
    0.286079420702798,
    0.29117140565599714,
    0.2957816069466727,
    0.29060062527656555,
    0.2891891758782523,
    0.28827186482293266,
    0.28329088500567845
  ]
}