target_view,context_feature_count,target_feature_count,components,oof_r2,null_oof_r2,r2_lift_vs_null,oof_component_corr,null_component_corr,component_corr_lift_vs_null,train_energy_mean,test_energy_mean,uses_public_score,uses_train_labels
calendar_rhythm,94,5,4,-453.7631732938954,-1048.3504722205766,594.5872989266812,0.00470540540680218,0.004275357332394207,0.00043004807440797255,7.950123982567776,1.0175054896471079,False,False
phone_behavior,59,40,4,-150.62883265806815,-570.9436268273707,420.31479416930256,0.10500809898645952,0.07380134058864055,0.031206758397818973,9.24570583929476,1.440983522400063,False,False
body_activity_sleep,81,18,4,-1481.296505155129,-5432.537774307011,3951.241269151882,-0.048899157707726494,0.024557225579345792,-0.07345638328707228,19.49243986752266,1.3111937446032376,False,False
app_social_context,81,18,4,-0.13243387826201783,-0.34817268087941017,0.21573880261739234,0.15672761197097257,-0.09215445698533992,0.24888206895631249,1.6304789326931604,1.1721119920987069,False,False
mobility_environment,81,18,4,-336.8937779918452,-949.2377128179596,612.3439348261145,-0.05313388800129232,-0.1130035704412941,0.05986968244000178,9.674250266985489,0.9946008872201315,False,False
