target,selected_cells,selected_gain_sum,selected_mean_gain,selected_positive_gain_rate
Q1,8,-0.05282086062075009,-0.006602607577593761,0.5
Q2,81,3.176744694810746,0.039219070306305504,0.6172839506172839
Q3,19,-0.2158187353237801,-0.011358880806514742,0.631578947368421
S1,66,-2.4038516076316054,-0.036421994055024325,0.7121212121212122
S2,87,2.0272121414049358,0.02330128898166593,0.7701149425287356
S3,27,1.4067912714636226,0.05210338042457861,0.7407407407407407
S4,27,2.254243189636788,0.08349048850506621,0.8148148148148148
