feature_set,listener_family,best_policy,best_decoder_action,support_auc,support_ap,selected_cells,selected_gain_sum,selected_positive_gain_rate,gain_lift_vs_null,gain_z_vs_null,robust_score
target_interaction_world_residual_energy,explicit_interaction,top10_all_cells,raw_memory_release,0.6111276394436967,0.6008884577975092,315,6.192500093739957,0.7047619047619048,10.137463054224096,2.6105367059267413,9.111899269960595
target_blind_world_residual_energy,target_blind,low08_inverse_decisive,inverse_toxic_memory,0.606443469675952,0.5862676100804858,195,0.7912073392569501,0.6820512820512821,8.996471900580335,2.7413810012041435,3.4301486150111855
family_interaction_world_residual_energy,explicit_interaction,low05_inverse_decisive,inverse_toxic_memory,0.6048470746262279,0.6013358217347516,122,1.4890333396232556,0.7622950819672131,5.5210855926386175,1.748462314895756,3.1997554934663737
target_action_only,global_or_baseline,top10_all_cells,raw_memory_release,0.6072029667147602,0.5965694211163588,315,1.5433826100750707,0.6761904761904762,4.953675266277552,1.0726931650777463,3.0366644988982974
per_family_world_residual_energy,per_family,top05_all_cells,raw_memory_release,0.5881389460325753,0.5636025301911652,158,0.41735425592301056,0.6075949367088608,2.8938816710979767,1.0406564506297318,1.3759759239250984
target_heldout_world_residual_energy,target_heldout_transfer,top25_all_cells,raw_memory_release,0.6298743967662519,0.6009354024934779,788,-2.4962324040705814,0.6383248730964467,12.167035006077878,3.0282152215401834,0.9473647834462144
global_world_residual_energy,global_or_baseline,top10_all_cells,raw_memory_release,0.6034961857849083,0.596592276816709,315,-1.955206409324285,0.6634920634920635,4.2882710181334796,1.1192572744464266,-0.6277250569621851
per_target_world_residual_energy,per_target,top05_all_cells,raw_memory_release,0.5717126053530028,0.5692172613318633,158,-3.053041124017148,0.6139240506329114,-2.4743371736662807,-0.7311047760218928,-3.5766327868572416
