target,selected_loss,base_loss,delta_vs_base,most_common_family
Q1,0.6754521232194379,0.6691817177735858,0.0062704054458521345,fatigue_carryover
Q2,0.6992132912296122,0.7016929759704349,-0.0024796847408226743,best_late_fusion
Q3,0.6797333955208147,0.6738888587098408,0.005844536810973855,best_late_fusion
S1,0.5747907543370077,0.5708954587854569,0.003895295551550726,best_late_fusion
S2,0.5783156553303062,0.5783156553303062,0.0,best_late_fusion
S3,0.5251202551583003,0.5251202551583003,0.0,best_late_fusion
S4,0.6502955652057772,0.6432464279775342,0.00704913722824303,best_late_fusion
