{
  "view": "only_cross_modal",
  "encoder_type": "gru",
  "encoder_params": 527,
  "device": "mps",
  "sequence": {
    "n_days": 700.0,
    "n_base_features": 22.0,
    "n_token_features": 95.0,
    "mean_missing_fraction": 0.06805059523809524,
    "add_deviation_features": 1.0
  },
  "n_features": 95,
  "epochs": 50,
  "final_ssl_loss": 0.952804798398699,
  "best_global_source": "transformer_logreg_c0p03_w0p05",
  "best_global_avg_log_loss": 0.6273622362014528,
  "best_global_per_target": {
    "Q1": 0.6726464927241159,
    "Q2": 0.7029414648806285,
    "Q3": 0.6764047570155279,
    "S1": 0.5758650350736022,
    "S2": 0.5800983856537725,
    "S3": 0.536533754673216,
    "S4": 0.6470457633893069
  },
  "targetwise_avg_log_loss": 0.6247562805222618,
  "targetwise_per_target": {
    "Q1": 0.6721770581393399,
    "Q2": 0.6951002407611051,
    "Q3": 0.6711319641439758,
    "S1": 0.5757019130502258,
    "S2": 0.5798564530783497,
    "S3": 0.5330309613778893,
    "S4": 0.6462953731049471
  },
  "targetwise_sources": {
    "Q1": "subject_prior_a16",
    "Q2": "transformer_logreg_c0p03_w0p35",
    "Q3": "transformer_logreg_c0p03_w0p35",
    "S1": "subject_prior_a8",
    "S2": "subject_prior_a8",
    "S3": "subject_prior_a4",
    "S4": "transformer_ridge_resid_a1_w0p35"
  },
  "targetwise_source_losses": {
    "Q1": 0.6721770581393399,
    "Q2": 0.6951002407611051,
    "Q3": 0.6711319641439758,
    "S1": 0.5757019130502258,
    "S2": 0.5798564530783497,
    "S3": 0.5330309613778893,
    "S4": 0.6462953731049471
  },
  "drift_vs_reference_best_global": {
    "reference": "outputs/v83_repaired_v80/submission_v83_gq015_gs010.csv",
    "mean_abs_drift": 0.0637293379157492,
    "max_abs_drift": 0.30640696871844164,
    "corr": 0.8846859013048349,
    "target_mean": {
      "Q1": 0.5013988440791345,
      "Q2": 0.558804341129772,
      "Q3": 0.6036451237104463,
      "S1": 0.6918053729744238,
      "S2": 0.6578218171800788,
      "S3": 0.673410959246482,
      "S4": 0.5596942231998537
    },
    "target_mean_shift": {
      "Q1": -0.00896935282282157,
      "Q2": -0.010513973926688264,
      "Q3": -0.00834163795075202,
      "S1": 0.00919298576332444,
      "S2": 0.01389656852607884,
      "S3": 0.014770138349526387,
      "S4": 0.0066803011771663845
    },
    "panel_mean_abs_drift": {
      "early": 0.051184644593150024,
      "mid": 0.06584514516038113,
      "late": 0.073765253811616
    }
  },
  "drift_vs_reference_targetwise": {
    "reference": "outputs/v83_repaired_v80/submission_v83_gq015_gs010.csv",
    "mean_abs_drift": 0.06458657686043026,
    "max_abs_drift": 0.3187122584090518,
    "corr": 0.8755078219582102,
    "target_mean": {
      "Q1": 0.49965650813885837,
      "Q2": 0.5601136988297554,
      "Q3": 0.6030563321474558,
      "S1": 0.6923877866215694,
      "S2": 0.6582781981365899,
      "S3": 0.6743072986995421,
      "S4": 0.5619672328990479
    },
    "target_mean_shift": {
      "Q1": -0.01071168876309774,
      "Q2": -0.009204616226704822,
      "Q3": -0.008930429513742507,
      "S1": 0.009775399410469864,
      "S2": 0.014352949482590006,
      "S3": 0.01566647780258651,
      "S4": 0.008953310876360551
    },
    "panel_mean_abs_drift": {
      "early": 0.05096619964432728,
      "mid": 0.0662087887414135,
      "late": 0.07614219269100479
    }
  },
  "ssl_loss_history": [
    1.5491243355614799,
    1.4980121680668421,
    1.4535709517342703,
    1.419325088092259,
    1.3864556925637381,
    1.3652862106050765,
    1.3428132145745413,
    1.3236856617246355,
    1.2954202590669905,
    1.283737222126552,
    1.2587629985809325,
    1.2444450868879047,
    1.2358965621675764,
    1.2265496853419713,
    1.2166906520298548,
    1.2011098882130213,
    1.1914323254993984,
    1.1839665705817086,
    1.1652981185913085,
    1.1643043443134853,
    1.1653821325302125,
    1.149696750640869,
    1.1382631192888533,
    1.1450033828190396,
    1.1212882498332433,
    1.1141273273740495,
    1.1132734291894095,
    1.097241495677403,
    1.1087114770071846,
    1.099287909099034,
    1.0876061160223824,
    1.0850423983165196,
    1.0803751632145473,
    1.078693598338536,
    1.0686863238470894,
    1.0560966805049352,
    1.0574588251113892,
    1.0370474123954774,
    1.035989969798497,
    1.029033294405256,
    1.024731800215585,
    1.0183988325936453,
    1.0069062876701356,
    1.0054697040149143,
    0.9951793725149972,
    0.9802527761459351,
    0.9823234217507498,
    0.9677891574587141,
    0.9657175404684885,
    0.952804798398699
  ]
}