{
  "view": "only_rhythm",
  "encoder_type": "transformer",
  "encoder_params": 2875,
  "device": "mps",
  "sequence": {
    "n_days": 700.0,
    "n_base_features": 23.0,
    "n_token_features": 99.0,
    "mean_missing_fraction": 0.3141304347826087,
    "add_deviation_features": 1.0
  },
  "n_features": 99,
  "epochs": 50,
  "final_ssl_loss": 0.6852594133785793,
  "best_global_source": "transformer_logreg_c0p3_w0p1",
  "best_global_avg_log_loss": 0.626963800040241,
  "best_global_per_target": {
    "Q1": 0.6720130088995534,
    "Q2": 0.6996380241867787,
    "Q3": 0.6752086764822843,
    "S1": 0.5760775443313588,
    "S2": 0.5798263602762407,
    "S3": 0.5393532815677802,
    "S4": 0.6466297045376911
  },
  "targetwise_avg_log_loss": 0.6233098885792313,
  "targetwise_per_target": {
    "Q1": 0.6716668279947591,
    "Q2": 0.6914425600315924,
    "Q3": 0.6712983256944381,
    "S1": 0.5752246835972745,
    "S2": 0.577114748637279,
    "S3": 0.5330309613778893,
    "S4": 0.643391112721386
  },
  "targetwise_sources": {
    "Q1": "transformer_logreg_c0p1_w0p2",
    "Q2": "transformer_logreg_c0p3_w0p35",
    "Q3": "transformer_logreg_c0p3_w0p35",
    "S1": "transformer_ridge_resid_a20_w0p2",
    "S2": "transformer_ridge_resid_a20_w0p35",
    "S3": "subject_prior_a4",
    "S4": "transformer_ridge_resid_a5_w0p35"
  },
  "targetwise_source_losses": {
    "Q1": 0.6716668279947591,
    "Q2": 0.6914425600315924,
    "Q3": 0.6712983256944381,
    "S1": 0.5752246835972745,
    "S2": 0.577114748637279,
    "S3": 0.5330309613778893,
    "S4": 0.643391112721386
  },
  "drift_vs_reference_best_global": {
    "reference": "outputs/v83_repaired_v80/submission_v83_gq015_gs010.csv",
    "mean_abs_drift": 0.06612548642639147,
    "max_abs_drift": 0.3097674406127885,
    "corr": 0.8816110966150171,
    "target_mean": {
      "Q1": 0.500216770311684,
      "Q2": 0.5601529140657867,
      "Q3": 0.6026983886063636,
      "S1": 0.689298733783906,
      "S2": 0.6568960935020309,
      "S3": 0.672251353724251,
      "S4": 0.5599715816379152
    },
    "target_mean_shift": {
      "Q1": -0.01015142659027204,
      "Q2": -0.009165400990673525,
      "Q3": -0.009288373054834874,
      "S1": 0.006686346572806664,
      "S2": 0.012970844848030934,
      "S3": 0.013610532827295485,
      "S4": 0.006957659615227815
    },
    "panel_mean_abs_drift": {
      "early": 0.05508211137509268,
      "mid": 0.06831061864045826,
      "late": 0.07464537796096744
    }
  },
  "drift_vs_reference_targetwise": {
    "reference": "outputs/v83_repaired_v80/submission_v83_gq015_gs010.csv",
    "mean_abs_drift": 0.06735005676197671,
    "max_abs_drift": 0.34951188510816206,
    "corr": 0.8625857053595418,
    "target_mean": {
      "Q1": 0.49899278227988736,
      "Q2": 0.5640699121141497,
      "Q3": 0.6000862210282435,
      "S1": 0.6898655571295017,
      "S2": 0.6558599064588204,
      "S3": 0.6743072986995421,
      "S4": 0.5600341074725286
    },
    "target_mean_shift": {
      "Q1": -0.011375414622068683,
      "Q2": -0.0052484029423103635,
      "Q3": -0.011900540632954865,
      "S1": 0.007253169918402287,
      "S2": 0.011934657804820429,
      "S3": 0.01566647780258651,
      "S4": 0.007020185449841231
    },
    "panel_mean_abs_drift": {
      "early": 0.052786402878828326,
      "mid": 0.06786295739155108,
      "late": 0.08089886695213545
    }
  },
  "ssl_loss_history": [
    1.438657225881304,
    1.4074492359161377,
    1.3867869901657104,
    1.3502740287780761,
    1.3481519774028232,
    1.3281106655938284,
    1.3325130237851823,
    1.3017930821010044,
    1.2967293732506888,
    1.2889102581569127,
    1.2650734301975795,
    1.2763024139404298,
    1.2185657617024013,
    1.2193134825570242,
    1.2248386219569616,
    1.1960650266919817,
    1.1983282348087856,
    1.1539353840691702,
    1.1504930557523454,
    1.127093665259225,
    1.1227240569250925,
    1.1214310319083078,
    1.090332819393703,
    1.0887601361955914,
    1.0757876804896764,
    1.056188633782523,
    1.039010443006243,
    0.9973021408489772,
    0.9507781498772757,
    0.927122106892722,
    0.9031783907754081,
    0.8643089870044164,
    0.8357836416789464,
    0.8273531968253,
    0.7823068492753165,
    0.7536024223055159,
    0.7385503918784005,
    0.7200886021341596,
    0.6987972685268947,
    0.6945906400680542,
    0.7016477063723973,
    0.6809782804761614,
    0.6795505452156066,
    0.6783769597326006,
    0.6577663006101335,
    0.6786682489940098,
    0.6576260495185852,
    0.6626053026744297,
    0.662683824130467,
    0.6852594133785793
  ]
}