{
  "latent_specs": {
    "best": "artifacts/domain_best_late_fusion_v1.parquet",
    "best_plus_di_social_isolation": "outputs/domain_digital_isolation_plus_best_latents_v1/best_plus_di_social_isolation.parquet",
    "best_plus_di_app_diversity_shift": "outputs/domain_digital_isolation_plus_best_latents_v1/best_plus_di_app_diversity_shift.parquet",
    "best_plus_di_phone_fragmentation": "outputs/domain_digital_isolation_plus_best_latents_v1/best_plus_di_phone_fragmentation.parquet",
    "best_plus_di_prebed_consumption": "outputs/domain_digital_isolation_plus_best_latents_v1/best_plus_di_prebed_consumption.parquet",
    "best_plus_di_digital_rhythm": "outputs/domain_digital_isolation_plus_best_latents_v1/best_plus_di_digital_rhythm.parquet"
  },
  "n_folds": 5,
  "prior_alpha": 8.0,
  "c_values": [
    0.03,
    0.1,
    0.3
  ],
  "blends": [
    0.05,
    0.1,
    0.2
  ],
  "subject_prior_avg_log_loss": 0.6276539587598199,
  "subject_prior_per_target": {
    "Q1": 0.6731794431644589,
    "Q2": 0.7050100434092992,
    "Q3": 0.6777702303470193,
    "S1": 0.5757019130502258,
    "S2": 0.5798564530783497,
    "S3": 0.5347876459944689,
    "S4": 0.6472719822749171
  },
  "best_source": "best_plus_di_prebed_consumption__absolute_plus_deviation__c0.3_b0.2",
  "best_avg_log_loss": 0.6225404944962226,
  "best_delta_vs_subject_prior": -0.005113464263597267,
  "top_scores": [
    {
      "source": "best_plus_di_prebed_consumption__absolute_plus_deviation__c0.3_b0.2",
      "avg_log_loss": 0.6225404944962226,
      "Q1": 0.670135671909295,
      "Q2": 0.6918682574874192,
      "Q3": 0.678558111333238,
      "S1": 0.5739577253955515,
      "S2": 0.5780002433860622,
      "S3": 0.524641803561299,
      "S4": 0.6406216484006937
    },
    {
      "source": "best__absolute_plus_deviation__c0.3_b0.2",
      "avg_log_loss": 0.6229613176952576,
      "Q1": 0.6689861051722832,
      "Q2": 0.7020978592408005,
      "Q3": 0.6741574430886071,
      "S1": 0.5709585946396454,
      "S2": 0.5775006583045229,
      "S3": 0.5239268911855993,
      "S4": 0.6431016722353451
    },
    {
      "source": "best_plus_di_prebed_consumption__absolute_plus_deviation__c0.1_b0.2",
      "avg_log_loss": 0.6229969082976675,
      "Q1": 0.6694698747960862,
      "Q2": 0.6935793194528591,
      "Q3": 0.6778224834534031,
      "S1": 0.5721381785396491,
      "S2": 0.5778847532546779,
      "S3": 0.5294492257267172,
      "S4": 0.64063452286028
    },
    {
      "source": "best__absolute_plus_deviation__c0.1_b0.2",
      "avg_log_loss": 0.6237927803338889,
      "Q1": 0.6700346459207199,
      "Q2": 0.7010001209828194,
      "Q3": 0.6736543305290845,
      "S1": 0.570926638022677,
      "S2": 0.5773858608726387,
      "S3": 0.530509557959145,
      "S4": 0.6430383080501377
    },
    {
      "source": "best_plus_di_prebed_consumption__absolute_plus_deviation__c0.3_b0.1",
      "avg_log_loss": 0.6239472974258286,
      "Q1": 0.6705087757493061,
      "Q2": 0.6969481105454891,
      "Q3": 0.6769048811581954,
      "S1": 0.5736734221787533,
      "S2": 0.5781052178328863,
      "S3": 0.5286591155864345,
      "S4": 0.6428315589297359
    },
    {
      "source": "best__deviation__c0.3_b0.2",
      "avg_log_loss": 0.6240101458125175,
      "Q1": 0.6684858700909789,
      "Q2": 0.7005359830135,
      "Q3": 0.6709453564867801,
      "S1": 0.5722806991144583,
      "S2": 0.5788038606570198,
      "S3": 0.5319263483329497,
      "S4": 0.6450929029919353
    },
    {
      "source": "best__absolute__c0.3_b0.2",
      "avg_log_loss": 0.6241173933055804,
      "Q1": 0.6684824693681113,
      "Q2": 0.6960139424354125,
      "Q3": 0.6715958320010429,
      "S1": 0.5767896497254626,
      "S2": 0.57712377584321,
      "S3": 0.5353697319901312,
      "S4": 0.6434463517756924
    },
    {
      "source": "best_plus_di_prebed_consumption__absolute_plus_deviation__c0.03_b0.2",
      "avg_log_loss": 0.6241197347607784,
      "Q1": 0.6689504633637645,
      "Q2": 0.69501860354562,
      "Q3": 0.6765925208232255,
      "S1": 0.5715372843847197,
      "S2": 0.579404620563627,
      "S3": 0.5353939582522362,
      "S4": 0.6419406923922555
    },
    {
      "source": "best_plus_di_social_isolation__absolute_plus_deviation__c0.1_b0.2",
      "avg_log_loss": 0.6241207940492266,
      "Q1": 0.6670497797911071,
      "Q2": 0.6898046319280775,
      "Q3": 0.6754382156523062,
      "S1": 0.5777423909176497,
      "S2": 0.5836621326698102,
      "S3": 0.5273193929967661,
      "S4": 0.6478290143888694
    },
    {
      "source": "best_plus_di_social_isolation__absolute_plus_deviation__c0.03_b0.2",
      "avg_log_loss": 0.6243459962271817,
      "Q1": 0.6655075462223689,
      "Q2": 0.68977042776526,
      "Q3": 0.6740694343626269,
      "S1": 0.5775657907858799,
      "S2": 0.5840193442780613,
      "S3": 0.5322952227234935,
      "S4": 0.647194207452582
    },
    {
      "source": "best_plus_di_social_isolation__absolute_plus_deviation__c0.3_b0.2",
      "avg_log_loss": 0.6243689123517514,
      "Q1": 0.668705979786206,
      "Q2": 0.6891853067362502,
      "Q3": 0.6758197166792722,
      "S1": 0.5788702208426364,
      "S2": 0.5849710468403803,
      "S3": 0.52359005001711,
      "S4": 0.6494400655604045
    },
    {
      "source": "best_plus_di_prebed_consumption__absolute_plus_deviation__c0.1_b0.1",
      "avg_log_loss": 0.6244574865306162,
      "Q1": 0.6704786470842689,
      "Q2": 0.6981476175388752,
      "Q3": 0.6768939404817537,
      "S1": 0.5729835129423286,
      "S2": 0.5782420143148272,
      "S3": 0.5313658567631471,
      "S4": 0.6430908165891123
    },
    {
      "source": "best_plus_di_prebed_consumption__deviation__c0.3_b0.2",
      "avg_log_loss": 0.624525494223193,
      "Q1": 0.6707876055139668,
      "Q2": 0.6946769093176204,
      "Q3": 0.6748243655976985,
      "S1": 0.5741863681716753,
      "S2": 0.579762036003869,
      "S3": 0.5338303405573128,
      "S4": 0.6436108344002086
    },
    {
      "source": "best_plus_di_social_isolation__absolute_plus_deviation__c0.3_b0.1",
      "avg_log_loss": 0.6245318821219928,
      "Q1": 0.6694980689029403,
      "Q2": 0.6950740597061925,
      "Q3": 0.6748826289344427,
      "S1": 0.5760501905016554,
      "S2": 0.5813319493428383,
      "S3": 0.5278288847461136,
      "S4": 0.6470573927197676
    },
    {
      "source": "best__absolute_plus_deviation__c0.3_b0.1",
      "avg_log_loss": 0.6246402437204839,
      "Q1": 0.6703870520810266,
      "Q2": 0.7028804579912902,
      "Q3": 0.6753899056246451,
      "S1": 0.5725652829206151,
      "S2": 0.5782982172544664,
      "S3": 0.5283124809539718,
      "S4": 0.644648309217372
    },
    {
      "source": "best_plus_di_social_isolation__absolute_plus_deviation__c0.1_b0.1",
      "avg_log_loss": 0.6247600875974062,
      "Q1": 0.6690751702083247,
      "Q2": 0.6957289521443148,
      "Q3": 0.6750559715121616,
      "S1": 0.5758220732787561,
      "S2": 0.5809797220072513,
      "S3": 0.5301009263698361,
      "S4": 0.6465577976611987
    },
    {
      "source": "best_plus_di_prebed_consumption__absolute__c0.3_b0.2",
      "avg_log_loss": 0.6247613509546126,
      "Q1": 0.6678780085721636,
      "Q2": 0.692857331042795,
      "Q3": 0.6780112105298877,
      "S1": 0.5783509846458821,
      "S2": 0.579815846007867,
      "S3": 0.5365155756954857,
      "S4": 0.6399005001882079
    },
    {
      "source": "best__absolute__c0.1_b0.2",
      "avg_log_loss": 0.6248055077107109,
      "Q1": 0.6690211013852839,
      "Q2": 0.695985553273431,
      "Q3": 0.6722815756692752,
      "S1": 0.5765698767452224,
      "S2": 0.5785418448526426,
      "S3": 0.5375898762311342,
      "S4": 0.6436487258179873
    },
    {
      "source": "best_plus_di_prebed_consumption__absolute__c0.1_b0.2",
      "avg_log_loss": 0.6248156493222687,
      "Q1": 0.6668642976177497,
      "Q2": 0.6934475666298183,
      "Q3": 0.676930471128086,
      "S1": 0.5768783505786247,
      "S2": 0.5806868450432813,