{
  "best": {
    "name": "anchor_noop",
    "avg_log_loss": 0.5506436323122724,
    "Q1": 0.5912824734676818,
    "Q2": 0.6053216333386768,
    "Q3": 0.5887754061029061,
    "S1": 0.531237044773153,
    "S2": 0.5022154236865918,
    "S3": 0.4789955430003042,
    "S4": 0.5566779018165928,
    "encoder": NaN,
    "target_mode": NaN,
    "components": NaN,
    "alpha": NaN,
    "scale": NaN,
    "max_delta": NaN
  },
  "anchor_score": {
    "avg_log_loss": 0.5506436323122724,
    "Q1": 0.5912824734676818,
    "Q2": 0.6053216333386768,
    "Q3": 0.5887754061029061,
    "S1": 0.531237044773153,
    "S2": 0.5022154236865918,
    "S3": 0.4789955430003042,
    "S4": 0.5566779018165928
  },
  "targetwise_score": {
    "avg_log_loss": 0.550558492251545,
    "Q1": 0.5912824734676818,
    "Q2": 0.6050052705336222,
    "Q3": 0.5887754061029061,
    "S1": 0.531237044773153,
    "S2": 0.5022154236865918,
    "S3": 0.47871592538026675,
    "S4": 0.5566779018165928
  },
  "targetwise_selection": [
    {
      "target": "Q1",
      "name": "anchor_noop",
      "avg_log_loss": 0.5506436323122724,
      "Q1": 0.5912824734676818,
      "Q2": 0.6053216333386768,
      "Q3": 0.5887754061029061,
      "S1": 0.531237044773153,
      "S2": 0.5022154236865918,
      "S3": 0.4789955430003042,
      "S4": 0.5566779018165928,
      "encoder": NaN,
      "target_mode": NaN,
      "components": NaN,
      "alpha": NaN,
      "scale": NaN,
      "max_delta": NaN
    },
    {
      "target": "Q2",
      "name": "plspca_logit_soft_c4_a100_s0.15_d0.2",
      "avg_log_loss": 0.5513070955684501,
      "Q1": 0.592369873958801,
      "Q2": 0.6050052705336222,
      "Q3": 0.5893695213606609,
      "S1": 0.5322932192020451,
      "S2": 0.502743317372246,
      "S3": 0.47988988044579006,
      "S4": 0.5574785861059854,
      "encoder": "plspca",
      "target_mode": "logit_soft",
      "components": 4.0,
      "alpha": 100.0,
      "scale": 0.15,
      "max_delta": 0.2
    },
    {
      "target": "Q3",
      "name": "anchor_noop",
      "avg_log_loss": 0.5506436323122724,
      "Q1": 0.5912824734676818,
      "Q2": 0.6053216333386768,
      "Q3": 0.5887754061029061,
      "S1": 0.531237044773153,
      "S2": 0.5022154236865918,
      "S3": 0.4789955430003042,
      "S4": 0.5566779018165928,
      "encoder": NaN,
      "target_mode": NaN,
      "components": NaN,
      "alpha": NaN,
      "scale": NaN,
      "max_delta": NaN
    },
    {
      "target": "S1",
      "name": "anchor_noop",
      "avg_log_loss": 0.5506436323122724,
      "Q1": 0.5912824734676818,
      "Q2": 0.6053216333386768,
      "Q3": 0.5887754061029061,
      "S1": 0.531237044773153,
      "S2": 0.5022154236865918,
      "S3": 0.4789955430003042,
      "S4": 0.5566779018165928,
      "encoder": NaN,
      "target_mode": NaN,
      "components": NaN,
      "alpha": NaN,
      "scale": NaN,
      "max_delta": NaN
    },
    {
      "target": "S2",
      "name": "anchor_noop",
      "avg_log_loss": 0.5506436323122724,
      "Q1": 0.5912824734676818,
      "Q2": 0.6053216333386768,
      "Q3": 0.5887754061029061,
      "S1": 0.531237044773153,
      "S2": 0.5022154236865918,
      "S3": 0.4789955430003042,
      "S4": 0.5566779018165928,
      "encoder": NaN,
      "target_mode": NaN,
      "components": NaN,
      "alpha": NaN,
      "scale": NaN,
      "max_delta": NaN
    },
    {
      "target": "S3",
      "name": "plspca_prob_c4_a300_s0.15_d0.2",
      "avg_log_loss": 0.5526082592921692,
      "Q1": 0.5951081060771598,
      "Q2": 0.606968129150383,
      "Q3": 0.5921289319851212,
      "S1": 0.5325000992257907,
      "S2": 0.5042194861825795,
      "S3": 0.47871592538026675,
      "S4": 0.5586171370438832,
      "encoder": "plspca",
      "target_mode": "prob",
      "components": 4.0,
      "alpha": 300.0,
      "scale": 0.15,
      "max_delta": 0.2
    },
    {
      "target": "S4",
      "name": "anchor_noop",
      "avg_log_loss": 0.5506436323122724,
      "Q1": 0.5912824734676818,
      "Q2": 0.6053216333386768,
      "Q3": 0.5887754061029061,
      "S1": 0.531237044773153,
      "S2": 0.5022154236865918,
      "S3": 0.4789955430003042,
      "S4": 0.5566779018165928,
      "encoder": NaN,
      "target_mode": NaN,
      "components": NaN,
      "alpha": NaN,
      "scale": NaN,
      "max_delta": NaN
    }
  ],
  "feature_count": 1899,
  "folds": [
    {
      "fold": 1,
      "train_rows": 355,
      "valid_rows": 95,
      "kept_features": 1762
    },
    {
      "fold": 2,
      "train_rows": 358,
      "valid_rows": 92,
      "kept_features": 1764
    },
    {
      "fold": 3,
      "train_rows": 359,
      "valid_rows": 91,
      "kept_features": 1763
    },
    {
      "fold": 4,
      "train_rows": 363,
      "valid_rows": 87,
      "kept_features": 1764
    },
    {
      "fold": 5,
      "train_rows": 365,
      "valid_rows": 85,
      "kept_features": 1763
    }
  ],
  "args": {
    "train_path": "data/ch2026_metrics_train.csv",
    "sample_path": "data/ch2026_submission_sample.csv",
    "anchor_oof": "outputs/conditional_latent_routing_v25_joint_all_digest/oof_conditional_latent_routing.csv",
    "anchor_submission": "outputs/conditional_latent_routing_v25_joint_all_digest/submission_conditional_latent_routing.csv",
    "output_dir": "outputs/digest_label_aligned_encoder_v2_targetwise_on_v25",
    "groups": "phone_recovery,social_rhythm,body_recovery,modality_desync",
    "folds": 5,
    "encoders": "plspca",
    "target_modes": "logit_soft,prob",
    "components": "4",
    "alphas": "100,300",
    "scales": "0.05,0.1,0.15",
    "max_deltas": "0.1,0.2",
    "min_feature_std": 1e-06,
    "full_fit_top_k": 6,
    "seed": 2026
  }
}