head,target_mean,pred_mean,pred_std,spearman_oof,auc_top25_oof,auc_top10_oof
white,0.3122247088250147,0.30936456106087795,0.10047957927157096,0.5867224644584969,0.814679470595444,0.7872788028865902
white_private,0.3696846497583787,0.36642862788290653,0.12723396259077127,0.5915387030726639,0.8170383389975762,0.7828575737984989
white_public,0.3716533687504003,0.3693273079016804,0.11131108621162343,0.700087790478942,0.8462622119387792,0.8514639357098845
white_objective,0.39059566163557996,0.3884368089168556,0.09076932909660278,0.7048105855665522,0.8817690733985246,0.8912198428572763
white_q2,0.35405902808246514,0.351243798831455,0.11703242603287373,0.6580968263763781,0.8662602151510103,0.919361428264685
overall,0.3585255718886148,0.35539760948258786,0.07923031239319811,0.5123113892827461,0.7571141342819742,0.7316143830053401
