target,score,low_rate,high_rate,shift,abs_shift,direction
Q1,dist_to_subject_normal,0.46017699115044247,0.504424778761062,0.04424778761061948,0.04424778761061948,1
Q2,cohort_outlier_score,0.504424778761062,0.584070796460177,0.07964601769911506,0.07964601769911506,1
Q3,dist_to_subject_normal,0.5132743362831859,0.6371681415929203,0.12389380530973448,0.12389380530973448,1
S1,dist_to_peer_normal,0.7345132743362832,0.6283185840707964,-0.10619469026548678,0.10619469026548678,-1
S2,dist_to_peer_normal,0.5663716814159292,0.6814159292035398,0.11504424778761058,0.11504424778761058,1
S3,dist_to_subject_normal,0.672566371681416,0.5752212389380531,-0.09734513274336287,0.09734513274336287,-1
S4,dist_to_peer_normal,0.4778761061946903,0.6371681415929203,0.15929203539823006,0.15929203539823006,1
