{
  "best_source": "targetwise",
  "best_avg_log_loss": 0.6241354464557556,
  "best_per_target": {
    "Q1": 0.6696878916186138,
    "Q2": 0.6922558980527751,
    "Q3": 0.6722088398730822,
    "S1": 0.5749260057588549,
    "S2": 0.5794881839232361,
    "S3": 0.5347876459944689,
    "S4": 0.6455936599692578
  },
  "best_drift_vs_reference": {
    "reference": "outputs/v83_repaired_v80/submission_v83_gq015_gs010.csv",
    "mean_abs_drift": 0.06770034685466429,
    "max_abs_drift": 0.30623099813979904,
    "corr": 0.8748581990152282,
    "target_mean": {
      "Q1": 0.5020812708513748,
      "Q2": 0.5640436510192539,
      "Q3": 0.6030799643412436,
      "S1": 0.6856850013566482,
      "S2": 0.6565941871676166,
      "S3": 0.6739255079022918,
      "S4": 0.5648171156673564
    },
    "target_mean_shift": {
      "Q1": -0.008286926050581218,
      "Q2": -0.005274664037206268,
      "Q3": -0.00890679731995484,
      "S1": 0.0030726141455488403,
      "S2": 0.01266893851361654,
      "S3": 0.015284687005336198,
      "S4": 0.011803193644668966
    },
    "panel_mean_abs_drift": {
      "early": 0.055132668494047445,
      "mid": 0.07038417254517859,
      "late": 0.07720378324593366
    }
  },
  "best_subject_drift_vs_reference": {
    "id01": 0.04209722353361644,
    "id02": 0.052633284516457754,
    "id03": 0.0654992386879713,
    "id04": 0.07231524457053592,
    "id05": 0.08106363266460531,
    "id06": 0.07347504231790927,
    "id07": 0.08028474624767598,
    "id08": 0.08264190880690439,
    "id09": 0.0672746964494474,
    "id10": 0.06887764533621989
  },
  "best_target_gain_vs_subject_prior": {
    "Q1": 0.0034915515458451285,
    "Q2": 0.012754145356524083,
    "Q3": 0.005561390473937111,
    "S1": 0.000775907291370892,
    "S2": 0.0003682691551135653,
    "S3": 0.0,
    "S4": 0.001678322305659341
  },
  "best_global_source": "only_event__absolute_plus_deviation__lowrank_r2_k4_wd0.1_b0.2",
  "best_global_avg_log_loss": 0.6265197024596294,
  "best_global_drift_vs_reference": {
    "reference": "outputs/v83_repaired_v80/submission_v83_gq015_gs010.csv",
    "mean_abs_drift": 0.07078124756085413,
    "max_abs_drift": 0.3063792900809389,
    "corr": 0.8691921606898791,
    "target_mean": {
      "Q1": 0.5019953577296745,
      "Q2": 0.564398803445914,
      "Q3": 0.6038231053292955,
      "S1": 0.6902356509136905,
      "S2": 0.6586510952477272,
      "S3": 0.6712474331923821,
      "S4": 0.5636031099109782
    },
    "target_mean_shift": {
      "Q1": -0.008372839172281505,
      "Q2": -0.004919511610546205,
      "Q3": -0.008163656331902944,
      "S1": 0.007623263702591112,
      "S2": 0.014725846593727297,
      "S3": 0.012606612295426579,
      "S4": 0.010589187888290786
    },
    "panel_mean_abs_drift": {
      "early": 0.05911148095327244,
      "mid": 0.07481597420766489,
      "late": 0.07809934815069419
    }
  },
  "targetwise_avg_log_loss": 0.6241354464557556,
  "targetwise_drift_vs_reference": {
    "reference": "outputs/v83_repaired_v80/submission_v83_gq015_gs010.csv",
    "mean_abs_drift": 0.06770034685466429,
    "max_abs_drift": 0.30623099813979904,
    "corr": 0.8748581990152282,
    "target_mean": {
      "Q1": 0.5020812708513748,
      "Q2": 0.5640436510192539,
      "Q3": 0.6030799643412436,
      "S1": 0.6856850013566482,
      "S2": 0.6565941871676166,
      "S3": 0.6739255079022918,
      "S4": 0.5648171156673564
    },
    "target_mean_shift": {
      "Q1": -0.008286926050581218,
      "Q2": -0.005274664037206268,
      "Q3": -0.00890679731995484,
      "S1": 0.0030726141455488403,
      "S2": 0.01266893851361654,
      "S3": 0.015284687005336198,
      "S4": 0.011803193644668966
    },
    "panel_mean_abs_drift": {
      "early": 0.055132668494047445,
      "mid": 0.07038417254517859,
      "late": 0.07720378324593366
    }
  },
  "targetwise_sources": {
    "Q1": "only_event__absolute__linear_k1_b0.2",
    "Q2": "only_event__deviation__linear_k4_b0.2",
    "Q3": "no_sleep__deviation__linear_k2_b0.2",
    "S1": "only_rhythm__absolute__mlp_h1_k4_wd0.1_b0.1",
    "S2": "only_event__absolute_plus_deviation__mlp_h1_k4_wd0.1_b0.1",
    "S3": "subject_prior",
    "S4": "only_cross_modal__absolute_plus_deviation__lowrank_r2_k4_wd0.1_b0.2"
  },
  "targetwise_source_losses": {
    "Q1": 0.6696878916186138,
    "Q2": 0.6922558980527751,
    "Q3": 0.6722088398730822,
    "S1": 0.5749260057588549,
    "S2": 0.5794881839232361,
    "S3": 0.5347876459944689,
    "S4": 0.6455936599692578
  },
  "subject_prior_avg_log_loss": 0.6276539587598199,
  "n_candidates": 362,
  "views": [
    "no_sleep",
    "only_cross_modal",
    "only_event",
    "only_rhythm"
  ],
  "device": "mps"
}