{
  "view": "no_missingness",
  "device": "mps",
  "sequence": {
    "n_days": 700.0,
    "n_base_features": 52.0,
    "n_token_features": 58.0,
    "mean_missing_fraction": 0.19188415750915752
  },
  "n_features": 58,
  "epochs": 80,
  "final_ssl_loss": 0.5194388231209346,
  "best_global_source": "transformer_logreg_c0p1_w0p1",
  "best_global_avg_log_loss": 0.6262188677872734,
  "best_global_per_target": {
    "Q1": 0.6721690588327612,
    "Q2": 0.6963622586884691,
    "Q3": 0.6738951492005769,
    "S1": 0.5755616925681025,
    "S2": 0.5821542093173224,
    "S3": 0.5353270424915743,
    "S4": 0.6480626634121073
  },
  "targetwise_avg_log_loss": 0.6225968536325388,
  "targetwise_per_target": {
    "Q1": 0.6716270431512834,
    "Q2": 0.6829024437183568,
    "Q3": 0.6686526113288431,
    "S1": 0.575072202198384,
    "S2": 0.5797487507981368,
    "S3": 0.5330309613778893,
    "S4": 0.6471439628548782
  },
  "targetwise_sources": {
    "Q1": "transformer_logreg_c0p03_w0p2",
    "Q2": "transformer_logreg_c0p3_w0p35",
    "Q3": "transformer_logreg_c0p03_w0p35",
    "S1": "transformer_ridge_resid_a20_w0p1",
    "S2": "transformer_ridge_resid_a5_w0p05",
    "S3": "subject_prior_a4",
    "S4": "transformer_ridge_resid_a20_w0p05"
  },
  "targetwise_source_losses": {
    "Q1": 0.6716270431512834,
    "Q2": 0.6829024437183568,
    "Q3": 0.6686526113288431,
    "S1": 0.575072202198384,
    "S2": 0.5797487507981368,
    "S3": 0.5330309613778893,
    "S4": 0.6471439628548782
  },
  "drift_vs_reference_best_global": {
    "reference": "outputs/v83_repaired_v80/submission_v83_gq015_gs010.csv",
    "mean_abs_drift": 0.06675607230970527,
    "max_abs_drift": 0.3177799758917047,
    "corr": 0.8777229425279118,
    "target_mean": {
      "Q1": 0.4964488690872815,
      "Q2": 0.5539561141834858,
      "Q3": 0.5973717897491503,
      "S1": 0.6903773269793856,
      "S2": 0.6554987241009506,
      "S3": 0.6648997352951207,
      "S4": 0.5622448346413274
    },
    "target_mean_shift": {
      "Q1": -0.0139193278146745,
      "Q2": -0.01536220087297449,
      "Q3": -0.01461497191204809,
      "S1": 0.007764939768286098,
      "S2": 0.011573475446950598,
      "S3": 0.0062589143981650434,
      "S4": 0.009230912618639897
    },
    "panel_mean_abs_drift": {
      "early": 0.05549014179258792,
      "mid": 0.069258037265235,
      "late": 0.07518128655787772
    }
  },
  "drift_vs_reference_targetwise": {
    "reference": "outputs/v83_repaired_v80/submission_v83_gq015_gs010.csv",
    "mean_abs_drift": 0.07093831723147767,
    "max_abs_drift": 0.4213114117372244,
    "corr": 0.8430105005593207,
    "target_mean": {
      "Q1": 0.4925713874381426,
      "Q2": 0.5424164740634727,
      "Q3": 0.5856281688962206,
      "S1": 0.6907836236293835,
      "S2": 0.6575857171387224,
      "S3": 0.6743072986995421,
      "S4": 0.5600220555966569
    },
    "target_mean_shift": {
      "Q1": -0.017796809463813436,
      "Q2": -0.026901840992987477,
      "Q3": -0.026358592764977706,
      "S1": 0.00817123641828421,
      "S2": 0.013660468484722459,
      "S3": 0.01566647780258651,
      "S4": 0.0070081335739694195
    },
    "panel_mean_abs_drift": {
      "early": 0.05753046926358514,
      "mid": 0.0736166366878588,
      "late": 0.08125764686074301
    }
  },
  "ssl_loss_history": [
    1.7203027248382567,
    1.3337942123413087,
    1.034020700454712,
    0.9224126420702253,
    0.8589752544675554,
    0.8330414438247681,
    0.8069564410618373,
    0.8136040714808873,
    0.795961571080344,
    0.7591192824499947,
    0.7448159429005214,
    0.7580145161492484,
    0.7123565118653433,
    0.7100164570127214,
    0.7010356072017124,
    0.696506313937051,
    0.6687434182848249,
    0.6549677371978759,
    0.6422116099085127,
    0.629921589578901,
    0.6294917215619769,
    0.6379164048603603,
    0.6097851909909929,
    0.6260374167987278,
    0.6204929876327515,
    0.607423380783626,
    0.6125940656661988,
    0.6059551327569144,
    0.603328263759613,
    0.5849574133328029,
    0.6000676948683602,
    0.5764965517180306,
    0.5878417941502162,
    0.5758405699048723,
    0.5630599580492293,
    0.5815736249514989,
    0.5689193197659084,
    0.5617603894642421,
    0.5673357725143433,
    0.5663432666233608,
    0.5533536716869899,
    0.5491804555484227,
    0.5557040350777762,
    0.5700451074327741,
    0.5499839718001229,
    0.5587203063283648,
    0.5478389705930438,
    0.5696236770493643,
    0.5539075885500226,
    0.5400783106258937,
    0.541672397681645,
    0.5623650407791138,
    0.5399086940288543,
    0.5502979060581752,
    0.5295655112607138,
    0.5557410826001848,
    0.5552322850908552,
    0.535806337424687,
    0.5336558825629099,
    0.5214922019413539,
    0.5292771138463701,
    0.5251518857479095,
    0.5480251891272409,
    0.5300983319963728,
    0.5326879247597286,
    0.5316181554113115,
    0.5446290942600795,
    0.5193549336705889,
    0.5346949904305595,
    0.5239895701408386,
    0.5231378371374947,
    0.5192783640112195,
    0.5386945768765041,
    0.5270201885700225,
    0.5052703068937574,
    0.5280642737661089,
    0.5249194700377328,
    0.519547324521201,
    0.52384475844247,
    0.5194388231209346
  ]
}