{
  "base_score": {
    "avg_log_loss": 0.477599712584228,
    "per_target": {
      "Q1": 0.5209223509220744,
      "Q2": 0.534345272567922,
      "Q3": 0.49769655985185585,
      "S1": 0.4675256663657894,
      "S2": 0.44997946498722097,
      "S3": 0.4070263266456987,
      "S4": 0.46570234674903455
    }
  },
  "models": {
    "v81_late_retrieval_ridge": {
      "avg_log_loss": 0.5475857384779815,
      "per_target": {
        "Q1": 0.5804126312537177,
        "Q2": 0.6399945547675631,
        "Q3": 0.5412505900708405,
        "S1": 0.5299792162085676,
        "S2": 0.529928038421114,
        "S3": 0.4578818499827685,
        "S4": 0.5536532886412998
      }
    },
    "v81_late_retrieval_hgb": {
      "avg_log_loss": 0.5287081511256202,
      "per_target": {
        "Q1": 0.5476593005820606,
        "Q2": 0.6024116090219718,
        "Q3": 0.5486819248228412,
        "S1": 0.526775371357275,
        "S2": 0.5059248580101351,
        "S3": 0.450932971781367,
        "S4": 0.518571022303691
      }
    },
    "v81_late_retrieval_extratrees": {
      "avg_log_loss": 0.5032331096764083,
      "per_target": {
        "Q1": 0.5161814948401922,
        "Q2": 0.587567804231031,
        "Q3": 0.5026111896169909,
        "S1": 0.49347898260419887,
        "S2": 0.4668515676447718,
        "S3": 0.4355527062970869,
        "S4": 0.520388022500587
      }
    },
    "v81_late_retrieval_logreg": {
      "avg_log_loss": 0.5394164587299023,
      "per_target": {
        "Q1": 0.568199885121595,
        "Q2": 0.6173782554003585,
        "Q3": 0.5326401337453404,
        "S1": 0.5352279616577046,
        "S2": 0.5185564419053911,
        "S3": 0.4615108531491947,
        "S4": 0.5424016801297316
      }
    }
  },
  "source_features_used": [
    "joint_cross_family_late_residual_behavior_neural_metric_knn_resid",
    "joint_family_late_residual_behavior_neural_metric_knn_logitresid",
    "joint_late_residual_behavior_neural_knn_resid",
    "joint_neural_multiview_q_residual_knn_resid",
    "joint_panel_neural_residual_knn_resid",
    "joint_residual_behavior_neural_knn_resid",
    "joint_s23_late_residual_behavior_neural_knn_resid",
    "joint_target_late_residual_behavior_neural_metric_knn_logitresid"
  ],
  "fold_safety": "make_subject_time_folds reused from train_s2_sleep_retrieval_encoder (n_folds=5) \u2014 identical partition to the v80 encoder; self excluded by key in retrieval.",
  "outputs": [
    {
      "model": "ridge",
      "source": "v81_late_retrieval_ridge",
      "oof": "oof_v81_late_retrieval_ridge.csv",
      "submission": "submission_v81_late_retrieval_ridge.csv"
    },
    {
      "model": "hgb",
      "source": "v81_late_retrieval_hgb",
      "oof": "oof_v81_late_retrieval_hgb.csv",
      "submission": "submission_v81_late_retrieval_hgb.csv"
    },
    {
      "model": "extratrees",
      "source": "v81_late_retrieval_extratrees",
      "oof": "oof_v81_late_retrieval_extratrees.csv",
      "submission": "submission_v81_late_retrieval_extratrees.csv"
    },
    {
      "model": "logreg",
      "source": "v81_late_retrieval_logreg",
      "oof": "oof_v81_late_retrieval_logreg.csv",
      "submission": "submission_v81_late_retrieval_logreg.csv"
    }
  ],
  "args": {
    "train_path": "data/ch2026_metrics_train.csv",
    "sample_path": "data/ch2026_submission_sample.csv",
    "source_dir": "outputs/joint_state_space_encoder_v80_late_behavior_on_v79",
    "latents_train": "outputs/joint_state_space_encoder_v80_late_behavior_on_v79/joint_state_space_latents_train.parquet",
    "latents_sample": "outputs/joint_state_space_encoder_v80_late_behavior_on_v79/joint_state_space_latents_sample.parquet",
    "base_oof": "outputs/conditional_latent_routing_v80_late_behavior_on_v79/oof_conditional_latent_routing.csv",
    "base_submission": "outputs/conditional_latent_routing_v80_late_behavior_on_v79/submission_conditional_latent_routing.csv",
    "source_features": "joint_panel_neural_residual_knn_resid,joint_cross_family_late_residual_behavior_neural_metric_knn_resid,joint_family_late_residual_behavior_neural_metric_knn_logitresid,joint_target_late_residual_behavior_neural_metric_knn_logitresid,joint_s23_late_residual_behavior_neural_knn_resid,joint_late_residual_behavior_neural_knn_resid,joint_neural_multiview_q_residual_knn_resid,joint_residual_behavior_neural_knn_resid",
    "output_dir": "outputs/decoder_v81_late_retrieval_on_v80",
    "folds": 5,
    "knn_k": 19,
    "knn_temp": 1.2,
    "late_threshold": 0.5,
    "max_delta": 2.5,
    "seed": 17
  }
}