target,selected_loss,base_loss,delta_vs_base,most_common_family
Q1,0.6686553819928361,0.6691817177735858,-0.0005263357807496982,routine_digital
Q2,0.6992132912296122,0.7016929759704349,-0.0024796847408226743,best_late_fusion
Q3,0.6731439269766781,0.6738888587098408,-0.000744931733162768,routine_digital
S1,0.5766224027197475,0.5708954587854569,0.005726943934290585,routine_digital
S2,0.5754618641744303,0.5783156553303062,-0.0028537911558757846,routine_digital
S3,0.5251202551583003,0.5251202551583003,0.0,best_late_fusion
S4,0.6448413577664713,0.6432464279775342,0.0015949297889370495,routine_digital
