{
  "base_avg_log_loss": 0.5864429119163507,
  "base_targets": {
    "Q1": 0.6383771659330986,
    "Q2": 0.6503050342800608,
    "Q3": 0.6259927387875206,
    "S1": 0.5572056499732368,
    "S2": 0.5386656485994038,
    "S3": 0.49942748314790253,
    "S4": 0.5951266626932319
  },
  "selected": {
    "name": "qcal_w0.05_beta1.25_alpha2_global",
    "avg_log_loss": 0.5864439147356851,
    "delta_vs_base": -1.0028193344613356e-06,
    "folds_improved_vs_base": 3,
    "worst_target_delta_vs_base": -0.0005691356708681372,
    "promote": false,
    "weight": 0.05,
    "beta": 1.25,
    "alpha": 2.0,
    "mode": "global",
    "Q1": 0.6389463016039667,
    "Q2": 0.6496081708676507,
    "Q3": 0.6261274862644033,
    "S1": 0.5572056499732368,
    "S2": 0.5386656485994038,
    "S3": 0.49942748314790253,
    "S4": 0.5951266626932319,
    "improvement": -1.0028193343917616e-06,
    "improvement_p025": -0.0005459960083557019,
    "improvement_p500": -8.177865148469484e-08,
    "improvement_p975": 0.0005542102035636815
  },
  "top_candidates": [
    {
      "name": "qcal_w0.05_beta1.25_alpha2_global",
      "avg_log_loss": 0.5864439147356851,
      "delta_vs_base": -1.0028193344613356e-06,
      "folds_improved_vs_base": 3,
      "worst_target_delta_vs_base": -0.0005691356708681372,
      "promote": false,
      "weight": 0.05,
      "beta": 1.25,
      "alpha": 2.0,
      "mode": "global",
      "Q1": 0.6389463016039667,
      "Q2": 0.6496081708676507,
      "Q3": 0.6261274862644033,
      "S1": 0.5572056499732368,
      "S2": 0.5386656485994038,
      "S3": 0.49942748314790253,
      "S4": 0.5951266626932319,
      "improvement": -1.0028193343917616e-06,
      "improvement_p025": -0.0005459960083557019,
      "improvement_p500": -8.177865148469484e-08,
      "improvement_p975": 0.0005542102035636815
    },
    {
      "name": "qcal_w0.05_beta1.25_alpha5_global",
      "avg_log_loss": 0.5864439147356851,
      "delta_vs_base": -1.0028193344613356e-06,
      "folds_improved_vs_base": 3,
      "worst_target_delta_vs_base": -0.0005691356708681372,
      "promote": false,
      "weight": 0.05,
      "beta": 1.25,
      "alpha": 5.0,
      "mode": "global",
      "Q1": 0.6389463016039667,
      "Q2": 0.6496081708676507,
      "Q3": 0.6261274862644033,
      "S1": 0.5572056499732368,
      "S2": 0.5386656485994038,
      "S3": 0.49942748314790253,
      "S4": 0.5951266626932319,
      "improvement": -1.0028193343917616e-06,
      "improvement_p025": -0.0005459960083557019,
      "improvement_p500": -8.177865148469484e-08,
      "improvement_p975": 0.0005542102035636815
    },
    {
      "name": "qcal_w0.05_beta1.25_alpha10_global",
      "avg_log_loss": 0.5864439147356851,
      "delta_vs_base": -1.0028193344613356e-06,
      "folds_improved_vs_base": 3,
      "worst_target_delta_vs_base": -0.0005691356708681372,
      "promote": false,
      "weight": 0.05,
      "beta": 1.25,
      "alpha": 10.0,
      "mode": "global",
      "Q1": 0.6389463016039667,
      "Q2": 0.6496081708676507,
      "Q3": 0.6261274862644033,
      "S1": 0.5572056499732368,
      "S2": 0.5386656485994038,
      "S3": 0.49942748314790253,
      "S4": 0.5951266626932319,
      "improvement": -1.0028193343917616e-06,
      "improvement_p025": -0.0005459960083557019,
      "improvement_p500": -8.177865148469484e-08,
      "improvement_p975": 0.0005542102035636815
    },
    {
      "name": "qcal_w0.05_beta1.25_alpha20_global",
      "avg_log_loss": 0.5864439147356851,
      "delta_vs_base": -1.0028193344613356e-06,
      "folds_improved_vs_base": 3,
      "worst_target_delta_vs_base": -0.0005691356708681372,
      "promote": false,
      "weight": 0.05,
      "beta": 1.25,
      "alpha": 20.0,
      "mode": "global",
      "Q1": 0.6389463016039667,
      "Q2": 0.6496081708676507,
      "Q3": 0.6261274862644033,
      "S1": 0.5572056499732368,
      "S2": 0.5386656485994038,
      "S3": 0.49942748314790253,
      "S4": 0.5951266626932319,
      "improvement": -1.0028193343917616e-06,
      "improvement_p025": -0.0005459960083557019,
      "improvement_p500": -8.177865148469484e-08,
      "improvement_p975": 0.0005542102035636815
    },
    {
      "name": "qcal_w0.05_beta1.25_alpha20_half_subject_50",
      "avg_log_loss": 0.5864643944428203,
      "delta_vs_base": -2.1482526469607244e-05,
      "folds_improved_vs_base": 3,
      "worst_target_delta_vs_base": -0.0005529660895876587,
      "promote": false,
      "weight": 0.05,
      "beta": 1.25,
      "alpha": 20.0,
      "mode": "half_subject_50",
      "Q1": 0.6389301320226862,
      "Q2": 0.6494765201438703,
      "Q3": 0.6264186645194106,
      "S1": 0.5572056499732368,
      "S2": 0.5386656485994038,
      "S3": 0.49942748314790253,
      "S4": 0.5951266626932319,
      "improvement": -2.1482526469578502e-05,
      "improvement_p025": -0.00053870934349781,
      "improvement_p500": -2.2072063749572923e-05,
      "improvement_p975": 0.0004903459800416893
    },
    {
      "name": "qcal_w0.05_beta1_alpha2_global",
      "avg_log_loss": 0.5864766478715442,
      "delta_vs_base": -3.373595519351458e-05,
      "folds_improved_vs_base": 2,
      "worst_target_delta_vs_base": -0.0005357720779551878,
      "promote": false,
      "weight": 0.05,
      "beta": 1.0,
      "alpha": 2.0,
      "mode": "global",
      "Q1": 0.6389129380110538,
      "Q2": 0.6498641475222129,
      "Q3": 0.6261340051537677,
      "S1": 0.5572056499732368,
      "S2": 0.5386656485994038,
      "S3": 0.49942748314790253,
      "S4": 0.5951266626932319,
      "improvement": -3.3735955193493917e-05,
      "improvement_p025": -0.0005106868976467825,
      "improvement_p500": -3.597591136803653e-05,
      "improvement_p975": 0.0004454167190136373
    },
    {
      "name": "qcal_w0.05_beta1_alpha5_global",
      "avg_log_loss": 0.5864766478715442,
      "delta_vs_base": -3.373595519351458e-05,
      "folds_improved_vs_base": 2,
      "worst_target_delta_vs_base": -0.0005357720779551878,
      "promote": false,
      "weight": 0.05,
      "beta": 1.0,
      "alpha": 5.0,
      "mode": "global",
      "Q1": 0.6389129380110538,
      "Q2": 0.6498641475222129,
      "Q3": 0.6261340051537677,
      "S1": 0.5572056499732368,
      "S2": 0.5386656485994038,
      "S3": 0.49942748314790253,
      "S4": 0.5951266626932319,
      "improvement": -3.3735955193493917e-05,
      "improvement_p025": -0.0005106868976467825,
      "improvement_p500": -3.597591136803653e-05,
      "improvement_p975": 0.0004454167190136373
    },
    {
      "name": "qcal_w0.05_beta1_alpha10_global",
      "avg_log_loss": 0.5864766478715442,
      "delta_vs_base": -3.373595519351458e-05,
      "folds_improved_vs_base": 2,
      "worst_target_delta_vs_base": -0.0005357720779551878,
      "promote": false,
      "weight": 0.05,
      "beta": 1.0,
      "alpha": 10.0,
      "mode": "global",
      "Q1": 0.6389129380110538,
      "Q2": 0.6498641475222129,
      "Q3": 0.6261340051537677,
      "S1": 0.5572056499732368,
      "S2": 0.5386656485994038,
      "S3": 0.49942748314790253,
      "S4": 0.5951266626932319,
      "improvement": -3.3735955193493917e-05,
      "improvement_p025": -0.0005106868976467825,
      "improvement_p500": -3.597591136803653e-05,
      "improvement_p975": 0.0004454167190136373
    },
    {
      "name": "qcal_w0.05_beta1_alpha20_global",
      "avg_log_loss": 0.5864766478715442,
      "delta_vs_base": -3.373595519351458e-05,
      "folds_improved_vs_base": 2,
      "worst_target_delta_vs_base": -0.0005357720779551878,
      "promote": false,
      "weight": 0.05,
      "beta": 1.0,
      "alpha": 20.0,
      "mode": "global",
      "Q1": 0.6389129380110538,
      "Q2": 0.6498641475222129,
      "Q3": 0.6261340051537677,
      "S1": 0.5572056499732368,
      "S2": 0.5386656485994038,
      "S3": 0.49942748314790253,
      "S4": 0.5951266626932319,
      "improvement": -3.3735955193493917e-05,
      "improvement_p025": -0.0005106868976467825,
      "improvement_p500": -3.597591136803653e-05,