{
  "view": "only_rhythm",
  "device": "mps",
  "channels": [
    "act_still_ratio",
    "screen_n",
    "screen_mean",
    "screen_max",
    "charging_n",
    "charging_mean",
    "charging_max",
    "mlight_n",
    "mlight_mean",
    "mlight_max",
    "wlight_n",
    "wlight_mean",
    "wlight_max",
    "pedo_n",
    "step_sum",
    "running_step_sum",
    "walking_step_sum",
    "cal_sum",
    "hr_rows",
    "hr_n",
    "hr_mean",
    "hr_std",
    "hr_min",
    "hr_max",
    "hr_rmssd",
    "ev_present_hr",
    "ev_present_pedo",
    "ev_present_light",
    "ev_charging_on",
    "ev_charging_on_start",
    "ev_charging_on_end",
    "ev_present_hr_missing_run",
    "ev_present_hr_missing_until_next",
    "ev_present_hr_present_run",
    "ev_present_pedo_missing_run",
    "ev_present_pedo_missing_until_next",
    "ev_present_pedo_present_run"
  ],
  "tensor": {
    "n_days": 700.0,
    "n_channels": 37.0,
    "tokens_per_day": 48.0,
    "observed_fraction": 0.8420616388320923
  },
  "patch_len": 4,
  "n_patches": 12,
  "final_ssl_loss": 0.698634432383946,
  "best_global_source": "transformer_ridge_resid_a20_w0p35",
  "best_global_avg_log_loss": 0.6238033878098037,
  "best_global_per_target": {
    "Q1": 0.674872613985057,
    "Q2": 0.6888854102410523,
    "Q3": 0.6700026837363796,
    "S1": 0.5738646294310048,
    "S2": 0.5777101729677719,
    "S3": 0.5297502917050521,
    "S4": 0.6515379126023082
  },
  "targetwise_avg_log_loss": 0.6204709167371013,
  "targetwise_per_target": {
    "Q1": 0.671459900499641,
    "Q2": 0.6817960467499217,
    "Q3": 0.6656079900359271,
    "S1": 0.5721210611941276,
    "S2": 0.5764863238663704,
    "S3": 0.5285531125388035,
    "S4": 0.6472719822749171
  },
  "targetwise_sources": {
    "Q1": "transformer_ridge_resid_a1_w0p2",
    "Q2": "transformer_logreg_c0p3_w0p35",
    "Q3": "transformer_logreg_c0p1_w0p35",
    "S1": "transformer_ridge_resid_a1_w0p35",
    "S2": "transformer_logreg_c0p3_w0p2",
    "S3": "transformer_ridge_resid_a5_w0p35",
    "S4": "subject_prior_a8"
  },
  "targetwise_source_losses": {
    "Q1": 0.671459900499641,
    "Q2": 0.6817960467499217,
    "Q3": 0.6656079900359271,
    "S1": 0.5721210611941276,
    "S2": 0.5764863238663704,
    "S3": 0.5285531125388035,
    "S4": 0.6472719822749171
  },
  "drift_vs_reference_best_global": {
    "reference": "outputs/v83_repaired_v80/submission_v83_gq015_gs010.csv",
    "mean_abs_drift": 0.09125959495118666,
    "max_abs_drift": 0.6566342093972521,
    "corr": 0.7543477846313583,
    "target_mean": {
      "Q1": 0.48143345778151625,
      "Q2": 0.4985502521102649,
      "Q3": 0.5639146589432275,
      "S1": 0.680153598397392,
      "S2": 0.637221804053413,
      "S3": 0.6473234631475235,
      "S4": 0.5736778527881495
    },
    "target_mean_shift": {
      "Q1": -0.02893473912043973,
      "Q2": -0.07076806294619532,
      "Q3": -0.0480721027179709,
      "S1": -0.0024587888137074785,
      "S2": -0.00670344460058693,
      "S3": -0.01131735774943206,
      "S4": 0.02066393076546204
    },
    "panel_mean_abs_drift": {
      "early": 0.07561859253912269,
      "mid": 0.08323234304193176,
      "late": 0.11418693737774435
    }
  },
  "drift_vs_reference_targetwise": {
    "reference": "outputs/v83_repaired_v80/submission_v83_gq015_gs010.csv",
    "mean_abs_drift": 0.09832241683813521,
    "max_abs_drift": 0.7676735242031514,
    "corr": 0.7108817618420139,
    "target_mean": {
      "Q1": 0.5117520089653171,
      "Q2": 0.4849051670183617,
      "Q3": 0.5943063526026402,
      "S1": 0.7009308827023975,
      "S2": 0.6291929767598937,
      "S3": 0.6572341981917202,
      "S4": 0.5592527565880283
    },
    "target_mean_shift": {
      "Q1": 0.001383812063361173,
      "Q2": -0.08441314803809838,
      "Q3": -0.01768040905855821,
      "S1": 0.018318495491298114,
      "S2": -0.01473227189410624,
      "S3": -0.0014066227052355132,
      "S4": 0.006238834565341037
    },
    "panel_mean_abs_drift": {
      "early": 0.0815183776398875,
      "mid": 0.09083705548915745,
      "late": 0.12184260749956417
    }
  },
  "ssl_loss_history": [
    1.0986426775796072,
    1.033163104057312,
    0.9792941250119891,
    0.9478138446807861,
    0.9230493501254491,
    0.9049374549729483,
    0.8925669935771398,
    0.8967191634859357,
    0.8835861005101885,
    0.8830368212291173,
    0.8561139614241464,
    0.8658179821286882,
    0.8609445694514684,
    0.842819835117885,
    0.8402245017460415,
    0.8349890783854893,
    0.8284239745140076,
    0.8178930687904358,
    0.8116091540881566,
    0.8193571043014526,
    0.813027788570949,
    0.7950784162112645,
    0.7865004481588092,
    0.7745280456542969,
    0.7966757246426174,
    0.7770276083265032,
    0.7609413460322789,
    0.7744093241010394,
    0.7585751966067723,
    0.7387149425915309,
    0.743216780594417,
    0.7396978623526437,
    0.7453269386291503,
    0.7442575372968401,
    0.7386966977800642,
    0.7223414421081543,
    0.7258598719324384,
    0.7199553462437221,
    0.7297408921377999,
    0.71998802116939,
    0.7419290597098215,
    0.7123510817119053,
    0.7125986705507551,
    0.717094019481114,
    0.733130248274122,
    0.6962971615791321,
    0.7017297329221452,
    0.7036579622541155,
    0.7049784255027771,
    0.708751015663147,
    0.6952394676208496,
    0.6973705642563957,
    0.7092239628519331,
    0.7030553235326494,
    0.6883899171011788,
    0.6787129582677569,
    0.6850743988582066,
    0.6791858799116952,
    0.7002072841780527,
    0.698634432383946
  ]
}