{
  "latent_specs": {
    "best": "artifacts/domain_best_late_fusion_v1.parquet",
    "best_plus_cc_load": "outputs/domain_causal_chain_plus_best_latents_v1/best_plus_cc_load.parquet",
    "best_plus_cc_arousal": "outputs/domain_causal_chain_plus_best_latents_v1/best_plus_cc_arousal.parquet",
    "best_plus_cc_opportunity": "outputs/domain_causal_chain_plus_best_latents_v1/best_plus_cc_opportunity.parquet",
    "best_plus_cc_continuity": "outputs/domain_causal_chain_plus_best_latents_v1/best_plus_cc_continuity.parquet",
    "best_plus_cc_recovery": "outputs/domain_causal_chain_plus_best_latents_v1/best_plus_cc_recovery.parquet",
    "best_plus_cc_chain_interactions": "outputs/domain_causal_chain_plus_best_latents_v1/best_plus_cc_chain_interactions.parquet"
  },
  "n_folds": 5,
  "prior_alpha": 8.0,
  "c_values": [
    0.03,
    0.1,
    0.3
  ],
  "blends": [
    0.05,
    0.1,
    0.2
  ],
  "subject_prior_avg_log_loss": 0.6276539587598199,
  "subject_prior_per_target": {
    "Q1": 0.6731794431644589,
    "Q2": 0.7050100434092992,
    "Q3": 0.6777702303470193,
    "S1": 0.5757019130502258,
    "S2": 0.5798564530783497,
    "S3": 0.5347876459944689,
    "S4": 0.6472719822749171
  },
  "best_source": "best_plus_cc_opportunity__absolute_plus_deviation__c0.3_b0.2",
  "best_avg_log_loss": 0.6194615094684411,
  "best_delta_vs_subject_prior": -0.008192449291378745,
  "top_scores": [
    {
      "source": "best_plus_cc_opportunity__absolute_plus_deviation__c0.3_b0.2",
      "avg_log_loss": 0.6194615094684411,
      "Q1": 0.6548353734818901,
      "Q2": 0.7044737887958971,
      "Q3": 0.6798184068552433,
      "S1": 0.563861884805376,
      "S2": 0.5688967013364347,
      "S3": 0.5284171856266434,
      "S4": 0.6359272253776025
    },
    {
      "source": "best_plus_cc_opportunity__absolute_plus_deviation__c0.1_b0.2",
      "avg_log_loss": 0.6203743084107083,
      "Q1": 0.6573469584871567,
      "Q2": 0.7025339733224012,
      "Q3": 0.678395285841885,
      "S1": 0.5648522220967451,
      "S2": 0.5700818220760544,
      "S3": 0.5329849729891594,
      "S4": 0.6364249240615563
    },
    {
      "source": "best_plus_cc_opportunity__deviation__c0.3_b0.2",
      "avg_log_loss": 0.6206563211372735,
      "Q1": 0.6563108986201279,
      "Q2": 0.7008521015629928,
      "Q3": 0.6770532496265345,
      "S1": 0.5646204834652145,
      "S2": 0.5706615385802795,
      "S3": 0.5350059633317187,
      "S4": 0.6400900127740461
    },
    {
      "source": "best_plus_cc_opportunity__absolute__c0.3_b0.2",
      "avg_log_loss": 0.6214805251942039,
      "Q1": 0.6560654599208952,
      "Q2": 0.6984011143222858,
      "Q3": 0.6787659574961602,
      "S1": 0.5690943460798358,
      "S2": 0.5715357195915468,
      "S3": 0.5396742602375256,
      "S4": 0.6368268187111784
    },
    {
      "source": "best_plus_cc_opportunity__deviation__c0.1_b0.2",
      "avg_log_loss": 0.6215644940930988,
      "Q1": 0.6584197346810486,
      "Q2": 0.6984261912046493,
      "Q3": 0.6763319573811595,
      "S1": 0.566251909399177,
      "S2": 0.5730589822158744,
      "S3": 0.5385063738402963,
      "S4": 0.6399563099294862
    },
    {
      "source": "best_plus_cc_load__absolute_plus_deviation__c0.3_b0.2",
      "avg_log_loss": 0.6217268282084738,
      "Q1": 0.665586639530055,
      "Q2": 0.7018858344887846,
      "Q3": 0.6731128487737726,
      "S1": 0.5719720350053095,
      "S2": 0.5754762915553883,
      "S3": 0.5269361985804262,
      "S4": 0.63711794952558
    },
    {
      "source": "best_plus_cc_recovery__absolute_plus_deviation__c0.3_b0.2",
      "avg_log_loss": 0.6221487261066542,
      "Q1": 0.666302068374566,
      "Q2": 0.7009623676375255,
      "Q3": 0.6679116174743949,
      "S1": 0.5725232323573145,
      "S2": 0.5779206200138921,
      "S3": 0.5268251004543812,
      "S4": 0.6425960764345049
    },
    {
      "source": "best_plus_cc_load__deviation__c0.3_b0.2",
      "avg_log_loss": 0.622176379722048,
      "Q1": 0.6651622861578043,
      "Q2": 0.699237578748783,
      "Q3": 0.6700480867754774,
      "S1": 0.5723788799064525,
      "S2": 0.575089321798407,
      "S3": 0.5331840395800225,
      "S4": 0.640134465087389
    },
    {
      "source": "best_plus_cc_opportunity__absolute_plus_deviation__c0.03_b0.2",
      "avg_log_loss": 0.6221947030783801,
      "Q1": 0.6610975926674546,
      "Q2": 0.7001601059981817,
      "Q3": 0.6774672405527089,
      "S1": 0.5671192929271468,
      "S2": 0.5728489376835831,
      "S3": 0.5380508778405643,
      "S4": 0.6386188738790213
    },
    {
      "source": "best_plus_cc_opportunity__absolute__c0.1_b0.2",
      "avg_log_loss": 0.6223671565144308,
      "Q1": 0.6585482016673864,
      "Q2": 0.6976668064339294,
      "Q3": 0.6774712332295629,
      "S1": 0.571034798864968,
      "S2": 0.5732243872752689,
      "S3": 0.5406358134350443,
      "S4": 0.6379888546948561
    },
    {
      "source": "best_plus_cc_opportunity__absolute_plus_deviation__c0.3_b0.1",
      "avg_log_loss": 0.6223985082377312,
      "Q1": 0.6628060223883145,
      "Q2": 0.7036722155565827,
      "Q3": 0.6779103836480002,
      "S1": 0.5685024537218412,
      "S2": 0.5729342333769257,
      "S3": 0.5303080761171823,
      "S4": 0.6406561728552719
    },
    {
      "source": "best_plus_cc_load__absolute_plus_deviation__c0.1_b0.2",
      "avg_log_loss": 0.6225648636994603,
      "Q1": 0.6665544774396764,
      "Q2": 0.7005551918598791,
      "Q3": 0.6734524058171832,
      "S1": 0.5721965805782855,
      "S2": 0.5749329946941935,
      "S3": 0.5321434663055598,
      "S4": 0.6381189292014448
    },
    {
      "source": "best_plus_cc_chain_interactions__absolute_plus_deviation__c0.3_b0.2",
      "avg_log_loss": 0.6225842068323565,
      "Q1": 0.6587811977607657,
      "Q2": 0.7097482829136368,
      "Q3": 0.6771618786795165,
      "S1": 0.5679700631608373,
      "S2": 0.5748205175841066,
      "S3": 0.5337984704052641,
      "S4": 0.6358090373223685
    },
    {
      "source": "best_plus_cc_recovery__deviation__c0.3_b0.2",
      "avg_log_loss": 0.6225842503292575,
      "Q1": 0.6690427180184495,
      "Q2": 0.6986651256082165,
      "Q3": 0.6652381097467681,
      "S1": 0.5723566796271229,
      "S2": 0.5763017359558358,
      "S3": 0.5329001368700906,
      "S4": 0.643585246478319
    },
    {
      "source": "best_plus_cc_chain_interactions__absolute_plus_deviation__c0.1_b0.2",
      "avg_log_loss": 0.6226811649527012,
      "Q1": 0.661523771828183,
      "Q2": 0.705445757991341,
      "Q3": 0.6778033141724171,
      "S1": 0.5684817119034039,
      "S2": 0.5739944180139143,
      "S3": 0.5358051424043677,
      "S4": 0.6357140383552812
    },
    {
      "source": "best_plus_cc_arousal__absolute_plus_deviation__c0.3_b0.2",
      "avg_log_loss": 0.6227623680652977,
      "Q1": 0.665324261928283,
      "Q2": 0.7021312161102014,
      "Q3": 0.6765239760778903,
      "S1": 0.565853015158432,
      "S2": 0.5798976160165247,
      "S3": 0.5253628416002176,
      "S4": 0.6442436495655341
    },
    {
      "source": "best_plus_cc_recovery__absolute_plus_deviation__c0.1_b0.2",
      "avg_log_loss": 0.6229095257444398,
      "Q1": 0.6695799160984393,
      "Q2": 0.6997684528800806,
      "Q3": 0.6698444624091878,
      "S1": 0.5721970917601374,
      "S2": 0.5766258691695559,
      "S3": 0.531778247492698,
      "S4": 0.6405726404009803
    },
    {
      "source": "best_plus_cc_opportunity__deviation__c0.3_b0.1",
      "avg_log_loss": 0.6229412435634858,
      "Q1": 0.6635226612439288,
      "Q2": 0.7019704040744218,
      "Q3": 0.6766081450645172,
      "S1": 0.568727598250555,
      "S2": 0.5736287904396868,
      "S3": 0.5335354917997425,
      "S4": 0.6425956140715484
    },
    {
      "source": "best__absolute_plus_deviation__c0.3_b0.2",
      "avg_log_loss": 0.6229613176952576,
      "Q1": 0.6689861051722832,
      "Q2": 0.7020978592408005,
      "Q3": 0.6741574430886071,
      "S1": 0.5709585946396454,
      "S2": 0.5775006583045229,