metric,real,null_mean,null_std,null_p95,z_vs_null,p_ge_real
mean_h071_route_support,0.7767960918943656,0.7834633897146133,0.005026145433410791,0.7915396375846119,-1.3265227960585246,0.9033333333333333
topk_h071_overlap,0.06962025316455696,0.06824894514767933,0.007793781207622732,0.08227848101265822,0.17594897834538076,0.6533333333333333
auc_h071_route,0.7697869712874345,0.7775081815375116,0.003155003136320615,0.782249459709787,-2.447290056196765,0.9866666666666667
spearman_assignment,0.5083655684811514,0.5108516053525153,0.00653885904585373,0.5212115206997726,-0.3801942317056055,0.6366666666666667
