split,source,feature_count,teacher_mae,teacher_mean_baseline_mae,teacher_mae_lift_vs_mean,component_corr
chronological_holdout,relative_lifelog_context,114,0.3948399414603621,0.3932944207609489,-0.0015455206994132165,0.021000931967533765
chronological_holdout,transport_rhythm_context,56,0.3953308972070939,0.3932944207609489,-0.002036476446145019,0.007707268116933128
chronological_holdout,listener_rhythm_interface,686,0.3974339475319375,0.3932944207609489,-0.004139526770988611,0.0068035097630554184
row_block_holdout,relative_lifelog_context,114,0.28892343002568777,0.28476555751399424,-0.004157872511693528,0.035684079554302056
row_block_holdout,transport_rhythm_context,56,0.29137657282752377,0.28476555751399424,-0.0066110153135295335,0.039834246573699335
row_block_holdout,listener_rhythm_interface,686,0.2915336194770598,0.28476555751399424,-0.006768061963065564,0.019587215677987664
subject_heldout,relative_lifelog_context,114,0.29216971792936774,0.28601739192342546,-0.006152326005942288,0.0025254449625097338
subject_heldout,listener_rhythm_interface,686,0.2929850096266147,0.28601739192342546,-0.006967617703189266,0.0035696161363617676
subject_heldout,transport_rhythm_context,56,0.2994801013937861,0.28601739192342546,-0.013462709470360656,-0.043698167882998025
