{
  "base_avg_log_loss": 0.583797792989271,
  "base_targets": {
    "Q1": 0.6373676761965493,
    "Q2": 0.6503050342800608,
    "Q3": 0.6229202717319089,
    "S1": 0.5542725406575977,
    "S2": 0.5292196070733155,
    "S3": 0.49841585304667624,
    "S4": 0.5940835679387884
  },
  "best": {
    "name": "transductive_q_count_w0.5",
    "weight": 0.5,
    "avg_log_loss": 0.5821781579456646,
    "delta_vs_base": 0.0016196350436064044,
    "fold_std": 0.011098978859077244,
    "worst_fold": 0.604076822956552,
    "improved_folds": 4,
    "worst_target_delta": 0.0,
    "promote": true,
    "Q1": 0.6360721057164476,
    "Q2": 0.6413650808259465,
    "Q3": 0.6218183503608811,
    "S1": 0.5542725406575977,
    "S2": 0.5292196070733155,
    "S3": 0.49841585304667624,
    "S4": 0.5940835679387884,
    "improvement": 0.0016196350436062203,
    "improvement_p025": 0.0005046264505281697,
    "improvement_p500": 0.0016315716969440902,
    "improvement_p975": 0.0027299847215965897
  },
  "args": {
    "train_path": "data/ch2026_metrics_train.csv",
    "sample_path": "data/ch2026_submission_sample.csv",
    "base_oof": "outputs/blend_temporal_label_master_residual_min3_w03/oof_candidate_probability_blend.csv",
    "base_submission": "outputs/blend_temporal_label_master_residual_min3_w03/submission_candidate_probability_blend.csv",
    "candidate_oof": "outputs/transductive_q_count_on_w03/oof_transductive_q_count.csv",
    "candidate_submission": "outputs/transductive_q_count_on_w03/submission_transductive_q_count.csv",
    "output_dir": "outputs/blend_w03_transductive_q_count_w05",
    "name": "transductive_q_count",
    "weights": "0.5",
    "folds": 5,
    "bootstrap": 3000,
    "seed": 2026,
    "max_target_regression": 0.001
  }
}