{
  "token_path": "artifacts/domain_encoder_tokens_v1.npz",
  "views": [
    "event_cross_missing",
    "only_event"
  ],
  "normalizations": [
    "global",
    "subject_channel_token"
  ],
  "positive_modes": [
    "same_day",
    "adjacent_day"
  ],
  "seeds": [
    2026,
    2027
  ],
  "device": "mps",
  "subject_center": true,
  "config": {
    "patch_len": 4,
    "d_model": 24,
    "n_heads": 4,
    "temporal_layers": 1,
    "channel_layers": 1,
    "epochs": 8,
    "temperature": 0.12,
    "token_drop_prob": 0.08,
    "channel_drop_prob": 0.08
  },
  "summary": [
    {
      "seed": 2027,
      "train_days": 574,
      "val_days": 126,
      "final_train_loss": 3.9389878511428833,
      "final_val_loss": 1.3126766681671143,
      "best_val_loss": 1.3126766681671143,
      "positive_mode": "same_day",
      "normalization": "subject_channel_token",
      "view": "only_event",
      "device": "mps",
      "channels_selected": 11,
      "channel_groups_selected": [
        "event"
      ],
      "embedding_dim": 24,
      "embedding_norm_mean": 4.9062933921813965,
      "embedding_axis_std_mean": 0.7575178146362305,
      "embedding_axis_std_min": 0.3622422516345978,
      "embedding_effective_rank": 5.392920553147893,
      "subject_centroid_leakage": 0.18428571428571427,
      "adjacent_cosine_mean": 0.449118127933015,
      "random_cosine_mean": 0.3604840226093496,
      "temporal_locality_gap": 0.08863410532366539,
      "train_sample_mean_l2": 0.20115576684474945,
      "train_sample_std_l2": 0.16784986853599548
    },
    {
      "seed": 2026,
      "train_days": 574,
      "val_days": 126,
      "final_train_loss": 4.460946679115295,
      "final_val_loss": 1.5284894704818726,
      "best_val_loss": 1.4882869720458984,
      "positive_mode": "same_day",
      "normalization": "subject_channel_token",
      "view": "only_event",
      "device": "mps",
      "channels_selected": 11,
      "channel_groups_selected": [
        "event"
      ],
      "embedding_dim": 24,
      "embedding_norm_mean": 4.907841682434082,
      "embedding_axis_std_mean": 0.7322291731834412,
      "embedding_axis_std_min": 0.27001842856407166,
      "embedding_effective_rank": 4.361849733958417,
      "subject_centroid_leakage": 0.18857142857142858,
      "adjacent_cosine_mean": 0.45953736464776423,
      "random_cosine_mean": 0.3994172401105364,
      "temporal_locality_gap": 0.060120124537227815,
      "train_sample_mean_l2": 0.14653512835502625,
      "train_sample_std_l2": 0.18328996002674103
    },
    {
      "seed": 2027,
      "train_days": 574,
      "val_days": 126,
      "final_train_loss": 6.454065203666687,
      "final_val_loss": 2.1009156703948975,
      "best_val_loss": 1.533297061920166,
      "positive_mode": "same_day",
      "normalization": "global",
      "view": "only_event",
      "device": "mps",
      "channels_selected": 11,
      "channel_groups_selected": [
        "event"
      ],
      "embedding_dim": 24,
      "embedding_norm_mean": 4.883130073547363,
      "embedding_axis_std_mean": 0.31794166564941406,
      "embedding_axis_std_min": 0.11800677329301834,
      "embedding_effective_rank": 2.964929179162248,
      "subject_centroid_leakage": 0.17857142857142858,
      "adjacent_cosine_mean": 0.8869024339793385,
      "random_cosine_mean": 0.8733636878538823,
      "temporal_locality_gap": 0.013538746125456247,
      "train_sample_mean_l2": 0.06902281194925308,
      "train_sample_std_l2": 0.0715763121843338
    },
    {
      "seed": 2026,
      "train_days": 574,
      "val_days": 126,
      "final_train_loss": 6.823911905288696,
      "final_val_loss": 2.0194809436798096,
      "best_val_loss": 1.663220763206482,
      "positive_mode": "same_day",
      "normalization": "global",
      "view": "only_event",
      "device": "mps",
      "channels_selected": 11,
      "channel_groups_selected": [
        "event"
      ],
      "embedding_dim": 24,
      "embedding_norm_mean": 4.894033432006836,
      "embedding_axis_std_mean": 0.2714531719684601,
      "embedding_axis_std_min": 0.11056659370660782,
      "embedding_effective_rank": 2.4073144413143988,
      "subject_centroid_leakage": 0.19285714285714287,
      "adjacent_cosine_mean": 0.9382961824752283,
      "random_cosine_mean": 0.9103257297605708,
      "temporal_locality_gap": 0.02797045271465748,
      "train_sample_mean_l2": 0.10751678794622421,
      "train_sample_std_l2": 0.0723535567522049
    },
    {
      "seed": 2027,
      "train_days": 574,
      "val_days": 126,
      "final_train_loss": 7.185015320777893,
      "final_val_loss": 2.1568443775177,
      "best_val_loss": 1.7014250755310059,
      "positive_mode": "same_day",
      "normalization": "global",
      "view": "event_cross_missing",
      "device": "mps",
      "channels_selected": 34,
      "channel_groups_selected": [
        "cross_modal",
        "event",
        "missingness"
      ],
      "embedding_dim": 24,
      "embedding_norm_mean": 4.90017557144165,
      "embedding_axis_std_mean": 0.13444773852825165,
      "embedding_axis_std_min": 0.05632646381855011,
      "embedding_effective_rank": 2.1513922454709506,
      "subject_centroid_leakage": 0.2642857142857143,
      "adjacent_cosine_mean": 0.9874885028687076,
      "random_cosine_mean": 0.976698426751123,
      "temporal_locality_gap": 0.010790076117584646,
      "train_sample_mean_l2": 0.06567998230457306,
      "train_sample_std_l2": 0.12020547688007355
    },
    {
      "seed": 2027,
      "train_days": 574,
      "val_days": 126,
      "final_train_loss": 4.382165551185608,
      "final_val_loss": 2.420121669769287,
      "best_val_loss": 1.7859175205230713,
      "positive_mode": "same_day",
      "normalization": "subject_channel_token",
      "view": "event_cross_missing",
      "device": "mps",
      "channels_selected": 34,
      "channel_groups_selected": [
        "cross_modal",
        "event",
        "missingness"
      ],
      "embedding_dim": 24,
      "embedding_norm_mean": 4.91837739944458,
      "embedding_axis_std_mean": 0.783998966217041,
      "embedding_axis_std_min": 0.25025197863578796,
      "embedding_effective_rank": 3.2585277630459726,
      "subject_centroid_leakage": 0.21285714285714286,
      "adjacent_cosine_mean": 0.35772134854957677,
      "random_cosine_mean": 0.23664748123374538,
      "temporal_locality_gap": 0.12107386731583139,
      "train_sample_mean_l2": 0.5660722255706787,
      "train_sample_std_l2": 0.12432554364204407
    },
    {
      "seed": 2026,
      "train_days": 574,
      "val_days": 126,
      "final_train_loss": 5.843341112136841,
      "final_val_loss": 2.9521920680999756,
      "best_val_loss": 2.1477417945861816,
      "positive_mode": "same_day",
      "normalization": "global",
      "view": "event_cross_missing",
      "device": "mps",
      "channels_selected": 34,
      "channel_groups_selected": [
        "cross_modal",
        "event",
        "missingness"
      ],
      "embedding_dim": 24,
      "embedding_norm_mean": 4.902522087097168,
      "embedding_axis_std_mean": 0.4980858862400055,
      "embedding_axis_std_min": 0.1767587959766388,
      "embedding_effective_rank": 1.465206931420717,
      "subject_centroid_leakage": 0.24,
      "adjacent_cosine_mean": 0.8207067247534143,
      "random_cosine_mean": 0.682292365077613,
      "temporal_locality_gap": 0.1384143596758013,
      "train_sample_mean_l2": 0.24716003239154816,
      "train_sample_std_l2": 0.13943250477313995
    },
    {
      "seed": 2026,
      "train_days": 574,
      "val_days": 126,
      "final_train_loss": 4.281007289886475,
      "final_val_loss": 2.7981252670288086,
      "best_val_loss": 2.1513094902038574,
      "positive_mode": "same_day",
      "normalization": "subject_channel_token",
      "view": "event_cross_missing",
      "device": "mps",
      "channels_selected": 34,
      "channel_groups_selected": [
        "cross_modal",
        "event",
        "missingness"
      ],