{
  "view": "only_rhythm",
  "encoder_type": "gru",
  "encoder_params": 2771,
  "device": "mps",
  "sequence": {
    "n_days": 700.0,
    "n_base_features": 31.0,
    "n_token_features": 131.0,
    "mean_missing_fraction": 0.17440380184331794,
    "add_deviation_features": 1.0
  },
  "n_features": 131,
  "epochs": 50,
  "final_ssl_loss": 0.5788943515505109,
  "best_global_source": "transformer_logreg_c0p1_w0p1",
  "best_global_avg_log_loss": 0.6272489025787119,
  "best_global_per_target": {
    "Q1": 0.6721888801472022,
    "Q2": 0.7001549432130668,
    "Q3": 0.6761882247419696,
    "S1": 0.5757801262983565,
    "S2": 0.5798010493390472,
    "S3": 0.5385137392479953,
    "S4": 0.6481153550633455
  },
  "targetwise_avg_log_loss": 0.624076318634632,
  "targetwise_per_target": {
    "Q1": 0.6721153229447207,
    "Q2": 0.6918006867722993,
    "Q3": 0.6738228049000621,
    "S1": 0.5741775606514811,
    "S2": 0.5763149115210543,
    "S3": 0.5330309613778893,
    "S4": 0.6472719822749171
  },
  "targetwise_sources": {
    "Q1": "transformer_logreg_c0p1_w0p2",
    "Q2": "transformer_logreg_c0p3_w0p35",
    "Q3": "subject_prior_a16",
    "S1": "transformer_ridge_resid_a20_w0p35",
    "S2": "transformer_ridge_resid_a1_w0p35",
    "S3": "subject_prior_a4",
    "S4": "subject_prior_a8"
  },
  "targetwise_source_losses": {
    "Q1": 0.6721153229447207,
    "Q2": 0.6918006867722993,
    "Q3": 0.6738228049000621,
    "S1": 0.5741775606514811,
    "S2": 0.5763149115210543,
    "S3": 0.5330309613778893,
    "S4": 0.6472719822749171
  },
  "drift_vs_reference_best_global": {
    "reference": "outputs/v83_repaired_v80/submission_v83_gq015_gs010.csv",
    "mean_abs_drift": 0.06642387551279569,
    "max_abs_drift": 0.30089162343128717,
    "corr": 0.8805445560974661,
    "target_mean": {
      "Q1": 0.4991624972687151,
      "Q2": 0.5574852613717226,
      "Q3": 0.6016891405190556,
      "S1": 0.6900348302249399,
      "S2": 0.6575065050253714,
      "S3": 0.6730378077133011,
      "S4": 0.5604949711505308
    },
    "target_mean_shift": {
      "Q1": -0.011205699633240888,
      "Q2": -0.011833053684737579,
      "Q3": -0.010297621142142737,
      "S1": 0.007422443013840663,
      "S2": 0.013581256371371498,
      "S3": 0.014396986816345478,
      "S4": 0.007481049127843334
    },
    "panel_mean_abs_drift": {
      "early": 0.054741558760764406,
      "mid": 0.06909771713214043,
      "late": 0.07508294750410101
    }
  },
  "drift_vs_reference_targetwise": {
    "reference": "outputs/v83_repaired_v80/submission_v83_gq015_gs010.csv",
    "mean_abs_drift": 0.06606689399537487,
    "max_abs_drift": 0.35196979695311614,
    "corr": 0.8687783176370388,
    "target_mean": {
      "Q1": 0.49690563171093255,
      "Q2": 0.553416447122797,
      "Q3": 0.6030728937366889,
      "S1": 0.6886213868955969,
      "S2": 0.6571488556047325,
      "S3": 0.6743072986995421,
      "S4": 0.5592527565880283
    },
    "target_mean_shift": {
      "Q1": -0.013462565191023528,
      "Q2": -0.015901867933663195,
      "Q3": -0.008913867924509376,
      "S1": 0.006008999684497591,
      "S2": 0.013223606950732535,
      "S3": 0.01566647780258651,
      "S4": 0.006238834565341037
    },
    "panel_mean_abs_drift": {
      "early": 0.04987271157964328,
      "mid": 0.06783092811091455,
      "late": 0.07996698960125952
    }
  },
  "ssl_loss_history": [
    1.2450999110085623,
    1.2145813928331648,
    1.2045579508372715,
    1.176865724836077,
    1.1620861509868077,
    1.1545085832050868,
    1.1376089675085885,
    1.1203841475078038,
    1.1025025756018503,
    1.0825577081952775,
    1.0785088900157382,
    1.065134222166879,
    1.0498037821905954,
    1.0394726412636892,
    1.026763161931719,
    1.0171576224054608,
    0.9928771792139326,
    0.9802416045325143,
    0.9807903500965663,
    0.9688610598019192,
    0.9497365713119507,
    0.9351731187956673,
    0.9283549751554216,
    0.9094913680212838,
    0.8858120172364371,
    0.8694350283486503,
    0.8491546058654785,
    0.8263935041427612,
    0.8082798777307783,
    0.7834546327590942,
    0.7502258624349322,
    0.7338840355191912,
    0.7080715073857988,
    0.6947438594273159,
    0.6706804609298707,
    0.658125980240958,
    0.6414930193764823,
    0.6188694497517176,
    0.6300142329079764,
    0.6131895344597953,
    0.6068360202653067,
    0.6052299213409423,
    0.5989926852498736,
    0.5929827397210258,
    0.593999946798597,
    0.5856406828335353,
    0.576956273147038,
    0.5813271294321333,
    0.5755551433563233,
    0.5788943515505109
  ]
}