row,subject_id,target,proposal_move,h117_forbidden_gap,h117_forbidden_opp,h117_forbidden_same,h112_residual_safety,h112_residual_toxicity,proposal_source
38,id02,S3,-0.0753380107385937,0.0018818077037465594,0.0018818077037465594,0.0,0.6192583485714286,0.3618779999999999,h114_selected::h114_null_novel_lowoverlap_c64_a058_73fe7866
38,id02,S3,-0.0178097379127715,0.0004448551491789253,0.0004448551491789253,0.0,0.6192583485714286,0.3618779999999999,h114_selected::h114_null_q2_companion_micro_c26_a032_a7e5c28d
137,id06,S1,-0.044728926205835,0.00013491585488502062,0.00013491585488502062,0.0,0.6461097085714286,0.3699454285714285,h114_selected::h114_null_h010_e216_antidote_c72_a060_4232eefa
54,id02,S1,0.01633116195263,1.6446962381901565e-05,1.6446962381901565e-05,0.0,0.6493424799999999,0.37029342857142855,h112_pool
