{
  "latent_specs": {
    "best": "artifacts/domain_best_late_fusion_v1.parquet",
    "cc_load": "artifacts/domain_causal_chain_load_v1.parquet",
    "cc_arousal": "artifacts/domain_causal_chain_arousal_v1.parquet",
    "cc_opportunity": "artifacts/domain_causal_chain_opportunity_v1.parquet",
    "cc_continuity": "artifacts/domain_causal_chain_continuity_v1.parquet",
    "cc_recovery": "artifacts/domain_causal_chain_recovery_v1.parquet",
    "cc_chain_interactions": "artifacts/domain_causal_chain_chain_interactions_v1.parquet"
  },
  "n_folds": 5,
  "prior_alpha": 8.0,
  "c_values": [
    0.03,
    0.1,
    0.3
  ],
  "blends": [
    0.05,
    0.1,
    0.2
  ],
  "subject_prior_avg_log_loss": 0.6276539587598199,
  "subject_prior_per_target": {
    "Q1": 0.6731794431644589,
    "Q2": 0.7050100434092992,
    "Q3": 0.6777702303470193,
    "S1": 0.5757019130502258,
    "S2": 0.5798564530783497,
    "S3": 0.5347876459944689,
    "S4": 0.6472719822749171
  },
  "best_source": "best__absolute_plus_deviation__c0.3_b0.2",
  "best_avg_log_loss": 0.6229613176952576,
  "best_delta_vs_subject_prior": -0.004692641064562242,
  "top_scores": [
    {
      "source": "best__absolute_plus_deviation__c0.3_b0.2",
      "avg_log_loss": 0.6229613176952576,
      "Q1": 0.6689861051722832,
      "Q2": 0.7020978592408005,
      "Q3": 0.6741574430886071,
      "S1": 0.5709585946396454,
      "S2": 0.5775006583045229,
      "S3": 0.5239268911855993,
      "S4": 0.6431016722353451
    },
    {
      "source": "best__absolute_plus_deviation__c0.1_b0.2",
      "avg_log_loss": 0.6237927803338889,
      "Q1": 0.6700346459207199,
      "Q2": 0.7010001209828194,
      "Q3": 0.6736543305290845,
      "S1": 0.570926638022677,
      "S2": 0.5773858608726387,
      "S3": 0.530509557959145,
      "S4": 0.6430383080501377
    },
    {
      "source": "cc_opportunity__absolute_plus_deviation__c0.3_b0.2",
      "avg_log_loss": 0.6239959075907674,
      "Q1": 0.6568506230521555,
      "Q2": 0.7047065519318017,
      "Q3": 0.681741857502317,
      "S1": 0.5667922439022329,
      "S2": 0.5733896143619269,
      "S3": 0.5436323672690268,
      "S4": 0.6408580951159107
    },
    {
      "source": "cc_opportunity__deviation__c0.3_b0.2",
      "avg_log_loss": 0.6240000389114064,
      "Q1": 0.6572921174642111,
      "Q2": 0.7010459374929312,
      "Q3": 0.6786958822835681,
      "S1": 0.5680677575113613,
      "S2": 0.5746443452231528,
      "S3": 0.5449843735416169,
      "S4": 0.6432698588630044
    },
    {
      "source": "best__deviation__c0.3_b0.2",
      "avg_log_loss": 0.6240101458125175,
      "Q1": 0.6684858700909789,
      "Q2": 0.7005359830135,
      "Q3": 0.6709453564867801,
      "S1": 0.5722806991144583,
      "S2": 0.5788038606570198,
      "S3": 0.5319263483329497,
      "S4": 0.6450929029919353
    },
    {
      "source": "best__absolute__c0.3_b0.2",
      "avg_log_loss": 0.6241173933055804,
      "Q1": 0.6684824693681113,
      "Q2": 0.6960139424354125,
      "Q3": 0.6715958320010429,
      "S1": 0.5767896497254626,
      "S2": 0.57712377584321,
      "S3": 0.5353697319901312,
      "S4": 0.6434463517756924
    },
    {
      "source": "cc_opportunity__deviation__c0.1_b0.2",
      "avg_log_loss": 0.6242924308642976,
      "Q1": 0.6596237096765132,
      "Q2": 0.6997213028166468,
      "Q3": 0.6781091947021984,
      "S1": 0.5696486150765496,
      "S2": 0.5754523371564493,
      "S3": 0.5440732253515326,
      "S4": 0.6434186312701935
    },
    {
      "source": "cc_opportunity__absolute_plus_deviation__c0.1_b0.2",
      "avg_log_loss": 0.6245333788527432,
      "Q1": 0.6587679241250035,
      "Q2": 0.7024805258532716,
      "Q3": 0.6804654873359365,
      "S1": 0.5688430823290619,
      "S2": 0.5750722848090297,
      "S3": 0.5441666307270809,
      "S4": 0.641937716789818
    },
    {
      "source": "cc_recovery__absolute_plus_deviation__c0.3_b0.2",
      "avg_log_loss": 0.6245722268869633,
      "Q1": 0.6718757728744545,
      "Q2": 0.6974735501006113,
      "Q3": 0.6710096345050851,
      "S1": 0.5747000374740704,
      "S2": 0.5769892985253551,
      "S3": 0.5386979406979222,
      "S4": 0.6412593540312451
    },
    {
      "source": "best__absolute_plus_deviation__c0.3_b0.1",
      "avg_log_loss": 0.6246402437204839,
      "Q1": 0.6703870520810266,
      "Q2": 0.7028804579912902,
      "Q3": 0.6753899056246451,
      "S1": 0.5725652829206151,
      "S2": 0.5782982172544664,
      "S3": 0.5283124809539718,
      "S4": 0.644648309217372
    },
    {
      "source": "cc_chain_interactions__deviation__c0.3_b0.2",
      "avg_log_loss": 0.6247545516042202,
      "Q1": 0.6658038996515023,
      "Q2": 0.7006742413238916,
      "Q3": 0.6785630562781023,
      "S1": 0.5684740840992477,
      "S2": 0.5762350485437562,
      "S3": 0.5439318890022536,
      "S4": 0.6395996423307874
    },
    {
      "source": "best__absolute__c0.1_b0.2",
      "avg_log_loss": 0.6248055077107109,
      "Q1": 0.6690211013852839,
      "Q2": 0.695985553273431,
      "Q3": 0.6722815756692752,
      "S1": 0.5765698767452224,
      "S2": 0.5785418448526426,
      "S3": 0.5375898762311342,
      "S4": 0.6436487258179873
    },
    {
      "source": "cc_chain_interactions__absolute_plus_deviation__c0.1_b0.2",
      "avg_log_loss": 0.6248123450536481,
      "Q1": 0.6660158624147733,
      "Q2": 0.7021671587938821,
      "Q3": 0.6802223288499909,
      "S1": 0.5683676639700919,
      "S2": 0.5752265653171466,
      "S3": 0.5425003097023343,
      "S4": 0.639186526327317
    },
    {
      "source": "cc_opportunity__deviation__c0.3_b0.1",
      "avg_log_loss": 0.6248585923684801,
      "Q1": 0.664164231952133,
      "Q2": 0.7024778928129668,
      "Q3": 0.6776783394373206,
      "S1": 0.5708205171547892,
      "S2": 0.5757384095221938,
      "S3": 0.5387705616931516,
      "S4": 0.6443601940068058
    },
    {
      "source": "best__absolute__c0.3_b0.1",
      "avg_log_loss": 0.6249111866265454,
      "Q1": 0.6698847948479304,
      "Q2": 0.6995458522566016,
      "Q3": 0.6740936711983416,
      "S1": 0.5753749930363661,
      "S2": 0.5775081864713353,
      "S3": 0.5334034961742707,
      "S4": 0.6445673124009722
    },
    {
      "source": "cc_chain_interactions__deviation__c0.1_b0.2",
      "avg_log_loss": 0.6249490857651738,
      "Q1": 0.6684451830656113,
      "Q2": 0.6978620234774328,
      "Q3": 0.6778391599143897,
      "S1": 0.5703599664404719,
      "S2": 0.5766979089365325,
      "S3": 0.5424356716299872,
      "S4": 0.6410036868917918
    },
    {
      "source": "best__deviation__c0.1_b0.2",
      "avg_log_loss": 0.6249596685358976,
      "Q1": 0.6693083850507102,
      "Q2": 0.6980632857197336,
      "Q3": 0.6714859185179932,
      "S1": 0.5726232263945995,
      "S2": 0.580821999862295,
      "S3": 0.537460926778204,
      "S4": 0.6449539374277473
    },
    {
      "source": "cc_chain_interactions__deviation__c0.3_b0.1",
      "avg_log_loss": 0.6249991382185983,
      "Q1": 0.6682557672627556,
      "Q2": 0.7018073402852897,
      "Q3": 0.6773083178299587,
      "S1": 0.5706076861860204,
      "S2": 0.5764304753261609,
      "S3": 0.5381704999842787,
      "S4": 0.642413880655725
    },
    {
      "source": "cc_opportunity__absolute_plus_deviation__c0.3_b0.1",
      "avg_log_loss": 0.6250217432990048,
      "Q1": 0.6640391611418045,
      "Q2": 0.7042898761084655,
      "Q3": 0.6792983478294875,
      "S1": 0.5704710163510497,
      "S2": 0.5753164609323754,
      "S3": 0.5383177546997988,
      "S4": 0.6434195860300526
    },
    {
      "source": "best__deviation__c0.3_b0.1",
      "avg_log_loss": 0.6250272612527505,
      "Q1": 0.6700725952765982,
      "Q2": 0.7019563241492567,
      "Q3": 0.6737967235018937,
      "S1": 0.5730418893912356,
      "S2": 0.5785956079132961,
      "S3": 0.5321986578591992,
      "S4": 0.6455290306777747
    }
  ]
}