{
  "view": "only_event",
  "encoder_type": "gru",
  "encoder_params": 3723,
  "device": "mps",
  "sequence": {
    "n_days": 700.0,
    "n_base_features": 45.0,
    "n_token_features": 187.0,
    "mean_missing_fraction": 0.0,
    "add_deviation_features": 1.0
  },
  "n_features": 187,
  "epochs": 50,
  "final_ssl_loss": 0.3719610663822719,
  "best_global_source": "transformer_logreg_c0p03_w0p05",
  "best_global_avg_log_loss": 0.6273364320964291,
  "best_global_per_target": {
    "Q1": 0.6725025539908782,
    "Q2": 0.7023721904707261,
    "Q3": 0.6767771299415339,
    "S1": 0.5761772097721791,
    "S2": 0.5800492655076684,
    "S3": 0.5363365309889475,
    "S4": 0.6471401440030705
  },
  "targetwise_avg_log_loss": 0.6245941334673366,
  "targetwise_per_target": {
    "Q1": 0.6718494969566663,
    "Q2": 0.691692301788366,
    "Q3": 0.6736071705730489,
    "S1": 0.5757019130502258,
    "S2": 0.5796909792801561,
    "S3": 0.5330309613778893,
    "S4": 0.6465861112450036
  },
  "targetwise_sources": {
    "Q1": "transformer_logreg_c0p03_w0p2",
    "Q2": "transformer_logreg_c0p3_w0p35",
    "Q3": "transformer_logreg_c0p03_w0p35",
    "S1": "subject_prior_a8",
    "S2": "transformer_ridge_resid_a1_w0p2",
    "S3": "subject_prior_a4",
    "S4": "transformer_ridge_resid_a20_w0p35"
  },
  "targetwise_source_losses": {
    "Q1": 0.6718494969566663,
    "Q2": 0.691692301788366,
    "Q3": 0.6736071705730489,
    "S1": 0.5757019130502258,
    "S2": 0.5796909792801561,
    "S3": 0.5330309613778893,
    "S4": 0.6465861112450036
  },
  "drift_vs_reference_best_global": {
    "reference": "outputs/v83_repaired_v80/submission_v83_gq015_gs010.csv",
    "mean_abs_drift": 0.06404121058630416,
    "max_abs_drift": 0.30768735822147864,
    "corr": 0.8841137611254385,
    "target_mean": {
      "Q1": 0.5015288044430021,
      "Q2": 0.5595735882592786,
      "Q3": 0.6029498405973991,
      "S1": 0.6914791166769941,
      "S2": 0.6576980747191746,
      "S3": 0.672103223908827,
      "S4": 0.5603567801049197
    },
    "target_mean_shift": {
      "Q1": -0.008839392458953954,
      "Q2": -0.009744726797181583,
      "Q3": -0.009036921063799408,
      "S1": 0.008866729465894854,
      "S2": 0.013772826065174623,
      "S3": 0.013462403011871462,
      "S4": 0.007342858082232327
    },
    "panel_mean_abs_drift": {
      "early": 0.05125164899591197,
      "mid": 0.0662466595257612,
      "late": 0.07422581986203619
    }
  },
  "drift_vs_reference_targetwise": {
    "reference": "outputs/v83_repaired_v80/submission_v83_gq015_gs010.csv",
    "mean_abs_drift": 0.06718256083764071,
    "max_abs_drift": 0.3362398077418811,
    "corr": 0.864890841377265,
    "target_mean": {
      "Q1": 0.501857129292515,
      "Q2": 0.5648863543288383,
      "Q3": 0.5981893503561242,
      "S1": 0.6923877866215694,
      "S2": 0.659241442706465,
      "S3": 0.6743072986995421,
      "S4": 0.5683554097291851
    },
    "target_mean_shift": {
      "Q1": -0.008511067609440964,
      "Q2": -0.004431960727621842,
      "Q3": -0.013797411305074149,
      "S1": 0.009775399410469864,
      "S2": 0.01531619405246499,
      "S3": 0.01566647780258651,
      "S4": 0.015341487706497715
    },
    "panel_mean_abs_drift": {
      "early": 0.05252173449680835,
      "mid": 0.06956336782322725,
      "late": 0.07900115825110628
    }
  },
  "ssl_loss_history": [
    1.0032355771745953,
    0.9751879038129534,
    0.9488769769668579,
    0.9396006873675755,
    0.9249202871322632,
    0.8945306546347482,
    0.8680687185696193,
    0.8562615200451442,
    0.8317780297143119,
    0.7913447025844029,
    0.7647505562646049,
    0.7101586716515678,
    0.7028041332108634,
    0.6778091491971697,
    0.6376059828485762,
    0.6190616566794259,
    0.5897229211671012,
    0.5775809328896658,
    0.5490253034659794,
    0.5278280649866377,
    0.5180235028266906,
    0.5076238632202148,
    0.4914183276040213,
    0.48711032152175904,
    0.46534770590918406,
    0.464884831905365,
    0.4678953879220145,
    0.45031644088881356,
    0.4411116307122367,
    0.43736670408930095,
    0.422388642515455,
    0.42941495827266146,
    0.42106187071119033,
    0.4143010354042053,
    0.4071109809194292,
    0.4007515736988613,
    0.40675416316304885,
    0.4015598814828055,
    0.39745979734829495,
    0.39321537971496584,
    0.39382506779262,
    0.38962071912629265,
    0.38591711112431115,
    0.37503369092941286,
    0.3787993025779724,
    0.37447202341897146,
    0.3721229992594038,
    0.3897946058000837,
    0.38006063665662493,
    0.3719610663822719
  ]
}