{
  "best_source": "targetwise",
  "best_avg_log_loss": 0.6221548439580694,
  "best_per_target": {
    "Q1": 0.6659251284341434,
    "Q2": 0.6925711160009064,
    "Q3": 0.6658103337102338,
    "S1": 0.5752916001413524,
    "S2": 0.5790404591885153,
    "S3": 0.5322404199766747,
    "S4": 0.64420485025466
  },
  "best_drift_vs_reference": {
    "reference": "outputs/v83_repaired_v80/submission_v83_gq015_gs010.csv",
    "mean_abs_drift": 0.06757795741829874,
    "max_abs_drift": 0.3470140409012985,
    "corr": 0.8776540040377606,
    "target_mean": {
      "Q1": 0.5225933449607874,
      "Q2": 0.558794246816439,
      "Q3": 0.620509483912231,
      "S1": 0.6910626222593057,
      "S2": 0.6530873982492406,
      "S3": 0.6524112675280371,
      "S4": 0.5468899530402257
    },
    "target_mean_shift": {
      "Q1": 0.01222514805883133,
      "Q2": -0.010524068240021124,
      "Q3": 0.008522722251032755,
      "S1": 0.008450235048206356,
      "S2": 0.00916214959524057,
      "S3": -0.006229553368918436,
      "S4": -0.006123968982461784
    },
    "panel_mean_abs_drift": {
      "early": 0.05841560335372885,
      "mid": 0.07109572811711139,
      "late": 0.0729819346570432
    }
  },
  "best_global_source": "raw_plus_deviation__lowrank_r3_k2_wd0.1_b0.2",
  "best_global_avg_log_loss": 0.6257248686083996,
  "best_global_drift_vs_reference": {
    "reference": "outputs/v83_repaired_v80/submission_v83_gq015_gs010.csv",
    "mean_abs_drift": 0.06864895230026409,
    "max_abs_drift": 0.31446334437218715,
    "corr": 0.8788237722210359,
    "target_mean": {
      "Q1": 0.5125521884607087,
      "Q2": 0.5624804116787697,
      "Q3": 0.607487585127374,
      "S1": 0.6889391677039612,
      "S2": 0.6438540964354691,
      "S3": 0.6523995887153844,
      "S4": 0.5511289787947071
    },
    "target_mean_shift": {
      "Q1": 0.002183991558752773,
      "Q2": -0.006837903377690409,
      "Q3": -0.004499176533824409,
      "S1": 0.006326780492861921,
      "S2": -7.115221853094056e-05,
      "S3": -0.006241232181571263,
      "S4": -0.0018849432279802341
    },
    "panel_mean_abs_drift": {
      "early": 0.059200691017775225,
      "mid": 0.072023457874059,
      "late": 0.07446864009484182
    }
  },
  "best_global_subject_drift_vs_reference": {
    "id01": 0.040363428602197764,
    "id02": 0.055809780660710955,
    "id03": 0.06456461251295639,
    "id04": 0.06648059660511152,
    "id05": 0.08098576800582873,
    "id06": 0.08514418433955856,
    "id07": 0.07589750880637557,
    "id08": 0.08853396281430836,
    "id09": 0.06486501544826757,
    "id10": 0.07641327379616715
  },
  "best_global_target_gain_vs_subject_prior": {
    "Q1": 0.004996308978782227,
    "Q2": 0.004354241837434936,
    "Q3": 0.006973264554248626,
    "S1": -0.001260775781810608,
    "S2": -0.00240377361217492,
    "S3": 0.002515947566239851,
    "S4": -0.001671582482778211
  },
  "targetwise_avg_log_loss": 0.6221548439580694,
  "targetwise_drift_vs_reference": {
    "reference": "outputs/v83_repaired_v80/submission_v83_gq015_gs010.csv",
    "mean_abs_drift": 0.06757795741829874,
    "max_abs_drift": 0.3470140409012985,
    "corr": 0.8776540040377606,
    "target_mean": {
      "Q1": 0.5225933449607874,
      "Q2": 0.558794246816439,
      "Q3": 0.620509483912231,
      "S1": 0.6910626222593057,
      "S2": 0.6530873982492406,
      "S3": 0.6524112675280371,
      "S4": 0.5468899530402257
    },
    "target_mean_shift": {
      "Q1": 0.01222514805883133,
      "Q2": -0.010524068240021124,
      "Q3": 0.008522722251032755,
      "S1": 0.008450235048206356,
      "S2": 0.00916214959524057,
      "S3": -0.006229553368918436,
      "S4": -0.006123968982461784
    },
    "panel_mean_abs_drift": {
      "early": 0.05841560335372885,
      "mid": 0.07109572811711139,
      "late": 0.0729819346570432
    }
  },
  "targetwise_subject_drift_vs_reference": {
    "id01": 0.03860554216667806,
    "id02": 0.050092842915443754,
    "id03": 0.06952973297941463,
    "id04": 0.06316790583680218,
    "id05": 0.08152469791396012,
    "id06": 0.07605721237561189,
    "id07": 0.0771659725387098,
    "id08": 0.09478503975423551,
    "id09": 0.06364803049316903,
    "id10": 0.07780579020925585
  },
  "targetwise_sources": {
    "Q1": "raw_plus_deviation__lowrank_r3_k4_wd0.03_b0.35",
    "Q2": "deviation__mlp_h1_k2_wd0.1_b0.35",
    "Q3": "raw_plus_deviation__lowrank_r2_k1_wd0.03_b0.35",
    "S1": "deviation__mlp_h2_k8_wd0.03_b0.1",
    "S2": "raw_plus_deviation__mlp_h2_k2_wd0.03_b0.1",
    "S3": "raw_plus_deviation__lowrank_r3_k2_wd0.03_b0.2",
    "S4": "raw_plus_deviation__lowrank_r3_k8_wd0.03_b0.2"
  },
  "targetwise_source_losses": {
    "Q1": 0.6659251284341434,
    "Q2": 0.6925711160009064,
    "Q3": 0.6658103337102338,
    "S1": 0.5752916001413524,
    "S2": 0.5790404591885153,
    "S3": 0.5322404199766747,
    "S4": 0.64420485025466
  },
  "subject_prior_avg_log_loss": 0.6276539587598199,
  "best_target_gain_vs_subject_prior": {
    "Q1": 0.007254314730315459,
    "Q2": 0.012438927408392808,
    "Q3": 0.011959896636785539,
    "S1": 0.0004103129088733892,
    "S2": 0.0008159938898343322,
    "S3": 0.002547226017794224,
    "S4": 0.0030671320202571017
  },
  "best_subject_drift_vs_reference": {
    "id01": 0.03860554216667806,
    "id02": 0.050092842915443754,
    "id03": 0.06952973297941463,
    "id04": 0.06316790583680218,
    "id05": 0.08152469791396012,
    "id06": 0.07605721237561189,
    "id07": 0.0771659725387098,
    "id08": 0.09478503975423551,
    "id09": 0.06364803049316903,
    "id10": 0.07780579020925585
  },
  "n_base_features": 629,
  "n_candidates": 410,
  "device": "mps"
}