baseline,route,h098,curv_marg,badw,badmax,h088,margin
h126_soft,-0.0007022568723852664,-3.0950646940898496e-05,4.491738639560757e-05,0.0,0.0,-0.05766987572072982,0.149910590272096
