{
  "baseline": "q3w100",
  "promotion_rule": {
    "overall_p025": "> 0",
    "late_delta": ">= -0.0015",
    "tail20_delta": ">= -0.0025",
    "worst_subject_delta": ">= -0.006",
    "worst_late_target_delta": ">= -0.01"
  },
  "summary": [
    {
      "name": "v20_q3w050_s3w030",
      "avg_log_loss": 0.57516437165836,
      "overall_p025": -0.00015844783958291524,
      "overall_improvement": 0.0005173617326291635,
      "early_delta": 0.0,
      "mid_delta": 0.0,
      "late_delta": 0.0015316630242311335,
      "tail20_delta": 0.0024506608387696582,
      "late_p025": -0.00048003365072708587,
      "tail20_p025": -0.0008163529225962022,
      "worst_subject_delta": -0.0012487752748561176,
      "worst_late_target_delta": 0.0,
      "promote": false
    },
    {
      "name": "v20_q3w030_s3w030",
      "avg_log_loss": 0.5752250569349991,
      "overall_p025": -6.920410562275647e-05,
      "overall_improvement": 0.0004566764559900294,
      "early_delta": 0.0,
      "mid_delta": 0.0,
      "late_delta": 0.001352002665759966,
      "tail20_delta": 0.002163204265215879,
      "late_p025": -0.00021111084677044402,
      "tail20_p025": -0.00042462724211323014,
      "worst_subject_delta": -0.0008590799150450801,
      "worst_late_target_delta": 0.0,
      "promote": false
    },
    {
      "name": "v19_q3w030",
      "avg_log_loss": 0.575377278527828,
      "overall_p025": -2.3015370301492905e-05,
      "overall_improvement": 0.0003044548631609402,
      "early_delta": 0.0,
      "mid_delta": 0.0,
      "late_delta": 0.0009013466343580356,
      "tail20_delta": 0.0014421546149727682,
      "late_p025": -6.563146095440774e-05,
      "tail20_p025": -0.00012744135032847747,
      "worst_subject_delta": -0.00046379128028228855,
      "worst_late_target_delta": 0.0,
      "promote": false
    },
    {
      "name": "q3w100",
      "avg_log_loss": 0.575681733390989,
      "overall_p025": 0.0,
      "overall_improvement": 0.0,
      "early_delta": 0.0,
      "mid_delta": 0.0,
      "late_delta": 0.0,
      "tail20_delta": 0.0,
      "late_p025": 0.0,
      "tail20_p025": 0.0,
      "worst_subject_delta": 0.0,
      "worst_late_target_delta": 0.0,
      "promote": false
    }
  ]
}