{
  "package": "Listener-Invariant Contrastive Probe",
  "status": "probe_ready",
  "uses_public_score_ledger": false,
  "uses_submission_source_artifacts": true,
  "verdict": {
    "status": "listener_invariant_decoder_not_ready",
    "mean_listener_route_spearman": -0.03128093281938615,
    "mean_contrastive_overlap_rate": 0.2152080344332855,
    "mean_high_listener_low_route_rate": 0.07194244604316546,
    "interpretation": "Listener responsibility and invariant safety are not sufficiently aligned; use this as a diagnostic before making new submissions."
  },
  "metrics": [
    {
      "probe": "stagebridge",
      "candidate_bundles": 556,
      "existing_selected_bundles": 41,
      "listener_route_spearman": -0.03128093281938615,
      "listener_public_spearman": -0.004969489207197327,
      "listener_existing_solver_spearman": -0.02741915348440715,
      "selected_listener_mean": 0.46519830327898337,
      "candidate_listener_mean": 0.4370745873426399,
      "selected_route_safety_mean": 0.6913054921916125,
      "candidate_route_safety_mean": 0.5008992805755396,
      "selected_public_utility_mean": 0.0007004389542784755,
      "candidate_public_utility_mean": 0.0005566991827811114,
      "high_listener_low_route_rate": 0.07194244604316546,
      "high_route_low_listener_rate": 0.05935251798561151,
      "high_listener_high_route_rate": 0.05575539568345324,
      "contrastive_topk_overlap_with_existing": 8,
      "contrastive_topk_overlap_rate": 0.1951219512195122,
      "contrastive_route_safety_mean": 0.8536146692402177,
      "contrastive_listener_mean": 0.6341661494197857,
      "contrastive_public_utility_mean": 0.001037474925549378
    },
    {
      "probe": "s2hub",
      "candidate_bundles": 556,
      "existing_selected_bundles": 34,
      "listener_route_spearman": -0.03128093281938615,
      "listener_public_spearman": -0.004969489207197327,
      "listener_existing_solver_spearman": -0.022189441700360593,
      "selected_listener_mean": 0.4578119979228543,
      "candidate_listener_mean": 0.4370745873426399,
      "selected_route_safety_mean": 0.7348180279305967,
      "candidate_route_safety_mean": 0.5008992805755396,
      "selected_public_utility_mean": 0.0007325141798896393,
      "candidate_public_utility_mean": 0.0005566991827811114,
      "high_listener_low_route_rate": 0.07194244604316546,
      "high_route_low_listener_rate": 0.05935251798561151,
      "high_listener_high_route_rate": 0.05575539568345324,
      "contrastive_topk_overlap_with_existing": 8,
      "contrastive_topk_overlap_rate": 0.23529411764705882,
      "contrastive_route_safety_mean": 0.8821942446043165,
      "contrastive_listener_mean": 0.6302913488699524,
      "contrastive_public_utility_mean": 0.001057137014220953
    }
  ]
}