{
  "base_avg_log_loss": 0.5730150628364322,
  "selected": {
    "name": "Q10.05_Q30.05",
    "avg_log_loss": 0.5729764039030754,
    "delta_vs_base": 3.865893335686099e-05,
    "fold_std": 0.00235787853228178,
    "worst_fold": 0.577437586996631,
    "improved_folds": 4,
    "worst_target_delta": 0.0,
    "w_Q1": 0.05,
    "w_Q2": 0.0,
    "w_Q3": 0.05,
    "w_S1": 0.0,
    "w_S2": 0.0,
    "w_S3": 0.0,
    "w_S4": 0.0,
    "Q1": 0.6325375934427904,
    "Q2": 0.6314320199256735,
    "Q3": 0.597782187614828,
    "S1": 0.5474643492482932,
    "S2": 0.5220439959799388,
    "S3": 0.4936096346123955,
    "S4": 0.5859650464976082,
    "improvement": 3.865893335687024e-05,
    "improvement_p025": -5.003058369409787e-06,
    "improvement_p500": 3.869194831066761e-05,
    "improvement_p975": 8.271633434688301e-05,
    "promote": false
  },
  "selected_weights": {
    "Q1": 0.05,
    "Q2": 0.0,
    "Q3": 0.05,
    "S1": 0.0,
    "S2": 0.0,
    "S3": 0.0,
    "S4": 0.0
  },
  "args": {
    "train_path": "data/ch2026_metrics_train.csv",
    "sample_path": "data/ch2026_submission_sample.csv",
    "base_oof": "outputs/sample_portfolio_v27_v25_plus_v17fused_q3mid_w065/oof_sample_support_target_blend.csv",
    "base_submission": "outputs/sample_portfolio_v27_v25_plus_v17fused_q3mid_w065/submission_sample_support_target_blend.csv",
    "candidate_oof": "outputs/master_residual_on_v27_q3mid_w065_fast_min3/oof_master_residual_decoder.csv",
    "candidate_submission": "outputs/master_residual_on_v27_q3mid_w065_fast_min3/submission_master_residual_decoder.csv",
    "output_dir": "outputs/targetwise_master_local_blend_on_v27_q1q3",
    "targets": "Q1,Q3",
    "weights": "0,0.05,0.1,0.2,0.3,0.5,0.65,0.8,1.0",
    "folds": 5,
    "bootstrap": 20000,
    "top_bootstrap": 200,
    "seed": 2026,
    "max_target_regression": 0.001,
    "min_p025": 0.0
  }
}