feature_set,subject_id_accuracy,chance_accuracy,leakage_lift_vs_chance
raw_lifelog_pca,0.9577777777777777,0.12666666666666668,0.831111111111111
existing_cohort_human_state,0.9133333333333333,0.12666666666666668,0.7866666666666666
base_multi_target_predicted,0.2577777777777778,0.12666666666666668,0.1311111111111111
base_multi_target_energy,0.4,0.12666666666666668,0.2733333333333333
route_responsibility_scores,0.16666666666666666,0.12666666666666668,0.03999999999999998
route_weighted_predicted,0.22666666666666666,0.12666666666666668,0.09999999999999998
route_weighted_plus_scores,0.22,0.12666666666666668,0.09333333333333332
route_weighted_plus_residual,0.22444444444444445,0.12666666666666668,0.09777777777777777
