,to_0,to_1,to_2
from_0,0.4503311258278146,0.2251655629139073,0.32450331125827814
from_1,0.2578125,0.453125,0.2890625
from_2,0.30434782608695654,0.21739130434782608,0.4782608695652174
