variable,mean_same_next_rate,std
Q2,0.6545288619923701,0.11388623255799774
Q3,0.6486563834071256,0.0875323598576287
S3,0.6452877939106909,0.1711155159805365
S1,0.6449303484944875,0.1255750180161346
Q1,0.6192025667718394,0.1150497752115931
S2,0.6146235013955202,0.18395721111778005
S4,0.5880339498041132,0.09717602173150916
latent_state,0.461107969941159,0.1497191131001022
