target,p_y1_given_00,p_y1_given_11,p_y1_given_conflict_avg,agree_neighbor_spread,conflict_midpoint_bias
Q3,0.24358974358974358,0.7771084337349398,0.5859456333140544,0.5335186901451962,0.07559654465171273
Q2,0.2336448598130841,0.7391304347826086,0.5926829268292683,0.5054855749695245,0.10629527953142187
Q1,0.29411764705882354,0.7155172413793104,0.4975728155339806,0.42139959432048685,-0.007244628685086352
S3,0.42028985507246375,0.7971698113207547,0.5838738738738738,0.37687995624829096,-0.024855959322735433
S1,0.4375,0.8009708737864077,0.6138716356107661,0.36347087378640774,-0.005363801282437741
S4,0.33695652173913043,0.668918918918919,0.5892916528101098,0.33196239717978854,0.08635393248108503
S2,0.5068493150684932,0.7619047619047619,0.5918272794662713,0.2550554468362687,-0.04254975902035618
