state,Q1,Q2,Q3,S1,S2,S3,S4,mixing_weight,severity_mean
0,0.43641617758856976,0.5581084247766622,0.5962539590782399,0.4278849652087496,0.03,0.4063793397467476,0.22823449516324693,0.34233915687444727,0.3833253373660308
1,0.09871730972968032,0.44144808726379187,0.45533709911858794,0.5749223962887339,0.97,0.8941323212718703,0.7635354278651446,0.26578286919060357,0.5997275202196869
2,0.8172033163167913,0.6468979577625278,0.6999605397774024,0.97,0.97,0.7254523547721556,0.710634405948959,0.3918779739349547,0.7914497963682622
