recipe,local_weighted,chrono_tail,hole_v1,mirror_v1,mirror_hole_avg,worst_family,mean_abs_move
anchor,0.6368159860463631,0.6379803705282314,0.6259292009465633,0.6422881793667109,0.6341086901566371,0.6422881793667109,0.0
catboost_safe,0.6323616892992543,0.6358904388326422,0.6209503322773792,0.6367852460590953,0.6288677891682373,0.6367852460590953,0.02679651454510787
sleep_state,0.6317100987590901,0.6368061071468677,0.619343124373638,0.635781069405558,0.6275620968895981,0.6368061071468677,0.03984693371616921
public_axis_step2,0.6341694075734906,0.6401058223879007,0.6207654691708887,0.6383468629210788,0.6295561660459837,0.6401058223879007,0.050032675420239585
public_axis_step3,0.636645212311814,0.6434036587157322,0.6225106444286335,0.6407669942295513,0.6316388193290924,0.6434036587157322,0.05836987255871515
rowgate,0.6329441582242646,0.6392766029553362,0.6197852854573012,0.6367583768397619,0.6282718311485316,0.6392766029553362,0.045306581651714264
consensus,0.6323744936219798,0.6380402941038986,0.6195338398923688,0.6363884170230554,0.627961128457712,0.6380402941038986,0.043894008388244955
