target,mode,weight,temp,score,mirror_hole,chrono,hole,mirror,chrono_delta,hole_delta,mirror_delta,mean_abs_move
Q1,logit,0.1,1.16,0.683342739045651,0.683342739045651,0.6672284008990204,0.6827860475590656,0.6838994305322366,-0.00528771764427538,-0.00428124359301485,-0.002222538919533279,0.017726966723650334
Q2,logit,0.1,1.16,0.6869530235707302,0.6869530235707302,0.6729057612873426,0.6735067391257467,0.7003993080157137,-0.0030903519118327116,-0.000876736382663279,-0.006872930055614845,0.019780557850666985
Q3,logit,0.35,1.16,0.6635801396502354,0.6635801396502354,0.6652300047946156,0.6486425591255107,0.67851772017496,-0.0123659629381484,-0.016717319327824387,-0.011788615275112768,0.06039273385905427
S1,logit,0.6,1.16,0.5685367164398298,0.5685367164398298,0.5402130446799411,0.5727777365002298,0.5642956963794298,-0.017712161737630683,-0.02902465447061131,-0.023448151541900386,0.08249665699716964
S2,logit,0.15,1.08,0.5833289985796071,0.5833289985796071,0.6353280448408017,0.5707988247726136,0.5958591723866006,0.0034972610838950313,-0.0021392548113315923,-0.008024700595667955,0.02200001828067254
S3,logit,0.1,1.0,0.5528357809795053,0.5528357809795053,0.5968151198517203,0.53012359329918,0.5755479686598306,0.0032691415216282715,-0.0019168673861155172,-0.0015325638947470965,0.016622871079578452
S4,logit,0.1,1.0,0.6447299710912551,0.6447299710912551,0.6551947439076994,0.6467985917154774,0.6426613504670327,-0.0012576818101146525,-0.0011142385565595658,-0.0009471086685964858,0.016991062093472564
