target,direction,n,p_y1,p_other_t1,mean_prev_gap,mean_next_gap
Q2,agree_00,107,0.2336448598130841,0.4672897196261682,1.897196261682243,1.5327102803738317
Q2,agree_11,161,0.7391304347826086,0.6583850931677019,1.5403726708074534,1.6459627329192548
Q2,falling_10,80,0.6,0.6125,1.8125,1.5625
Q2,rising_01,82,0.5853658536585366,0.6341463414634146,1.2439024390243902,1.8658536585365855
Q3,agree_00,78,0.24358974358974358,0.41025641025641024,1.4871794871794872,1.5512820512820513
Q3,agree_11,166,0.7771084337349398,0.6265060240963856,1.6024096385542168,1.5301204819277108
Q3,falling_10,91,0.5824175824175825,0.5714285714285714,1.8241758241758241,1.934065934065934
Q3,rising_01,95,0.5894736842105263,0.5473684210526316,1.5789473684210527,1.6421052631578947
