target,factor1_loading,factor2_loading
Q1,0.5006358021871125,-0.038054588679878334
Q2,0.2682544089988328,0.6490020521288677
Q3,0.2612427197290964,0.6136303605483644
S1,0.4570348977219315,-0.09732407547274467
S2,0.46537768871942814,-0.3013251800867787
S3,0.08098781423095734,-0.1433582459493608
S4,0.4208791870148211,-0.28281714715267176
explained_variance_ratio,0.26192261973766817,0.21017787722500952
