scheme,masks,public_match_mean,w02_minus_w01_mean,w03_minus_w02_mean,graph_minus_w02_mean,block_minus_w02_mean
interleaved_rank,4,2.0,-0.0094810055170641,-0.0018033548170525715,-0.007458353341407209,-0.006064424491415477
testpattern,9,1.4444444444444444,-0.009366318159217537,0.0011766242959476826,5.6721608151831683e-05,-0.0018455529400615751
weekday,3,1.0,-0.010635896296295614,0.0017490628943142388,-0.011185485128148839,-0.010440936084731511
tail,3,1.0,-0.005299745243877478,0.0005938263309300437,0.0023729359844905096,-0.00352051955236062
