target,global_prev,subject_prev_std,mean_flip_rate,mean_lag1_autocorr,median_run_len,p90_run_len,weekday_prev_std,month_prev_std
Q1,0.4955555555555556,0.16643475244781247,0.38079743322816056,0.13792243765307946,2.0,5.0,0.08098971891821337,0.15277735812358184
Q2,0.5622222222222222,0.13936185379051244,0.3454711380076298,0.2251988372110548,2.0,7.0,0.05507514604221536,0.10016730448441209
Q3,0.6,0.11754043219559517,0.3513436165928744,0.21872654576744416,2.0,5.0,0.08471626443662339,0.15545834268467906
S1,0.6822222222222222,0.1709911410524278,0.35506965150551245,0.036019452859824205,2.0,5.0,0.07129208697167619,0.14043939467853087
S2,0.6511111111111111,0.207375893830842,0.38537649860447976,0.0023272534991773145,1.0,5.0,0.0551856579724385,0.23504411567090275
S3,0.6622222222222223,0.23479002330051527,0.35471220608930903,-0.028683126765295486,1.0,6.0,0.05544717046426022,0.25218221292349213
S4,0.56,0.18475557201005693,0.4119660501958869,0.014517959266460207,2.0,5.0,0.08349281573917534,0.18890740476273432
