target,vs_base_changed_rows,vs_base_mean_abs_delta,vs_base_p95_abs_delta,vs_base_max_abs_delta,vs_base_corr,vs_base_mean_prob_shift,vs_anchor_changed_rows,vs_anchor_mean_abs_delta,vs_anchor_p95_abs_delta,vs_anchor_max_abs_delta,vs_anchor_corr,vs_anchor_mean_prob_shift
Q1,250,0.04514717964645272,0.10846853228866676,0.14716178659562,0.9725752026704495,-0.0014534653868198966,250,0.015176642819334714,0.03734840229838897,0.04905392886520668,0.9960600672021337,-0.00039223301768520624
Q2,250,0.026915513027694855,0.06083818003687031,0.138204052548344,0.974303218146129,0.009406200466802628,0,0.0,0.0,0.0,1.0,0.0
Q3,0,0.0,0.0,0.0,1.0,0.0,0,0.0,0.0,0.0,1.0,0.0
S1,250,0.03778659667694051,0.0844245172148871,0.12280357136932185,0.9964984747148941,8.839270667193588e-05,250,0.011411396295610676,0.026531669849047073,0.04475064782137744,0.9985629186935933,-0.00025637834388370084
S2,250,0.02878255811072932,0.08067751496573514,0.08934092389524384,0.9860985153053127,0.019101243299510018,250,0.009594186036909752,0.02689250498857834,0.029780307965081243,0.9984728983131405,0.006367081099836636
S3,250,0.016713097975569295,0.04416950539214902,0.05859724729609084,0.9949624379524356,0.004934436929962538,250,0.00533316266906558,0.014723168464049623,0.019532415765363575,0.9994280254918669,0.0011893261373527864
S4,250,0.04216388236459639,0.12611675275647077,0.16007951352619487,0.97688581299294,-0.0007118037985889281,250,0.014303511775896272,0.04203891758549035,0.053359837842064994,0.9968611796047105,-0.00036238599759264023
