target,changed_rows,mean_abs_delta_vs_anchor,max_abs_delta_vs_anchor,corr_vs_anchor,mean_prob,anchor_mean_prob
Q1,250,0.01276533344568167,0.049565694167966856,0.9967298156915751,0.5183321158818385,0.5112314080288872
Q2,0,0.0,0.0,1.0,0.5292440575871279,0.5292440575871279
Q3,0,0.0,0.0,1.0,0.60489084338713,0.60489084338713
S1,0,0.0,0.0,1.0,0.679661382060458,0.679661382060458
S2,250,0.017674006575665806,0.036831322419441426,0.9968515525040315,0.5820328197991855,0.5964544737590636
S3,0,0.0,0.0,1.0,0.6520578956456304,0.6520578956456304
S4,250,0.006144134854273017,0.022820872511868706,0.9994573050308942,0.5535851992540886,0.5548446705171479
