target,changed_rows,mean_abs_delta,max_abs_delta,corr_vs_base
Q1,250,0.04552992845800412,0.14716178659562,0.9728797238393181
Q2,0,0.0,0.0,1.0
Q3,250,0.03058222828992608,0.11112524304965021,0.8146149781025418
S1,250,0.03793054545921829,0.12280357136932185,0.9965694330280698
S2,250,0.028782558110729307,0.08934092389524384,0.9860985153053127
S3,250,0.015999488007196718,0.05859724729609084,0.994645001867344
S4,250,0.042910535327688806,0.16007951352619487,0.9769413097706966
