target,changed_rows,mean_abs_delta,max_abs_delta,corr_vs_base
Q1,250,0.07424933597543378,0.45664650568913256,0.8920165909614318
Q2,0,0.0,0.0,1.0
Q3,0,0.0,0.0,1.0
S1,0,0.0,0.0,1.0
S2,250,0.0883700327452668,0.18415662808155164,0.9124740684705707
S3,0,0.0,0.0,1.0
S4,0,0.0,0.0,1.0
