target,changed_rows,mean_abs_delta_vs_anchor,max_abs_delta_vs_anchor,corr_vs_anchor,mean_prob,anchor_mean_prob
Q1,0,0.0,0.0,1.0,0.5112314080288872,0.5112314080288872
Q2,0,0.0,0.0,1.0,0.5292440575871279,0.5292440575871279
Q3,250,0.02038815219328406,0.07408349536643344,0.9170515313874094,0.60489084338713,0.606208532787656
S1,0,0.0,0.0,1.0,0.679661382060458,0.679661382060458
S2,0,0.0,0.0,1.0,0.5964544737590636,0.5964544737590636
S3,0,0.0,0.0,1.0,0.6520578956456304,0.6520578956456304
S4,0,0.0,0.0,1.0,0.5548446705171479,0.5548446705171479
