target,changed_rows,mean_abs_delta_vs_anchor,max_abs_delta_vs_anchor,corr_vs_anchor,mean_prob,anchor_mean_prob
Q1,250,0.019148000168522507,0.07434854125195028,0.9925137628809164,0.5218824698083141,0.5112314080288872
Q2,250,0.025401514781222632,0.06337816048689005,0.9713411458902835,0.5410885977501191,0.5292440575871279
Q3,0,0.0,0.0,1.0,0.60489084338713,0.60489084338713
S1,0,0.0,0.0,1.0,0.679661382060458,0.679661382060458
S2,0,0.0,0.0,1.0,0.5964544737590636,0.5964544737590636
S3,0,0.0,0.0,1.0,0.6520578956456304,0.6520578956456304
S4,250,0.009216202281409529,0.034231308767803004,0.9987602575516787,0.5529554636225589,0.5548446705171479
