target,changed_rows,mean_abs_delta,max_abs_delta,corr_vs_base
Q1,250,0.12823513075396714,0.495656941679669,0.73616245099255
Q2,250,0.17019911007293978,0.42252106991260063,0.48512537025596886
Q3,0,0.0,0.0,1.0
S1,0,0.0,0.0,1.0
S2,0,0.0,0.0,1.0
S3,0,0.0,0.0,1.0
S4,250,0.06244880652720336,0.22820872511868606,0.9486379840220448
