target,apply,method,C,tp_delta,tail_delta,changed_rows,mean_abs_delta,max_abs_delta,corr_vs_base
Q1,False,learned_calibrator,0.01,-0.05638398969830072,0.1815206024836038,0,0.0,0.0,1.0
Q2,False,learned_calibrator,0.01,-0.06383208500918314,0.3396386255152851,0,0.0,0.0,1.0
Q3,False,learned_calibrator,0.01,-0.017077296034926803,0.23601559788679638,0,0.0,0.0,1.0
S1,False,base_plus_calib_w0.5,0.03,-0.010147849846955381,0.01650929919572841,0,0.0,0.0,1.0
S2,False,learned_calibrator,0.03,-0.026280443468626236,0.04555157448204339,0,0.0,0.0,1.0
S3,False,base_plus_calib_w0.25,0.03,-0.0034404053625779474,0.001958668567935695,0,0.0,0.0,1.0
S4,False,learned_calibrator,0.01,-0.03592368395995971,0.02477856981252191,0,0.0,0.0,1.0
