target,changed_rows,mean_abs_delta,max_abs_delta,corr_vs_base
Q1,250,0.014668453368528681,0.04609552990962756,0.9996459091961637
Q2,250,0.0137276698300593,0.07851232708840714,0.9945609318860188
Q3,250,0.010194076096642033,0.037041747683216664,0.9804694806823504
S1,250,0.013575039977684493,0.03902646177397229,0.9999129624272157
S2,250,0.009594186036909778,0.029780307965081354,0.9984377476201205
S3,0,0.0,0.0,1.0
S4,250,0.014303511775896269,0.05335983784206488,0.9979312618036029
