target,blend_w,changed_rows,mean_abs_delta,max_abs_delta,corr_vs_base
Q1,0.0,0,0.0,0.0,1.0
Q2,0.0,0,0.0,0.0,1.0
Q3,0.0,0,0.0,0.0,1.0
S1,0.0,0,0.0,0.0,1.0
S2,0.3,250,0.026511009863498698,0.05524698362916214,0.9930346352894508
S3,0.0,0,0.0,0.0,1.0
S4,0.0,0,0.0,0.0,1.0
