target,changed_rows,mean_abs_delta_vs_anchor,max_abs_delta_vs_anchor,corr_vs_anchor,mean_prob,anchor_mean_prob
Q1,250,0.007424933559289022,0.04566465166529543,0.9992722339898849,0.5117575981610851,0.5112314080288872
Q2,0,0.0,0.0,1.0,0.5292440575871279,0.5292440575871279
Q3,0,0.0,0.0,1.0,0.60489084338713,0.60489084338713
S1,0,0.0,0.0,1.0,0.679661382060458,0.679661382060458
S2,250,0.008837003287832882,0.018415661209720713,0.9992304403876039,0.5892436467791246,0.5964544737590636
S3,0,0.0,0.0,1.0,0.6520578956456304,0.6520578956456304
S4,0,0.0,0.0,1.0,0.5548446705171479,0.5548446705171479
