target,changed_rows,mean_abs_delta,max_abs_delta,corr_vs_base
Q1,250,0.030353285638669403,0.09810785773041333,0.9895596142357208
Q2,250,0.02745533966011861,0.15702465417681424,0.9741441824705195
Q3,250,0.02038815219328406,0.07408349536643344,0.9170515313874094
S1,250,0.027150079955368972,0.07805292354794446,0.9995706783322573
S2,250,0.019188372073819557,0.0595606159301626,0.9937720383991321
S3,250,0.01066632533813114,0.03906483153072726,0.9975711426930585
S4,250,0.028607023551792534,0.10671967568412988,0.9907781616485434
