target,source,changed_rows,mean_abs_delta,max_abs_delta,corr_vs_base
Q1,w02,250,0.029970536827118005,0.0981078577304133,0.9893258974739607
Q2,w02,250,0.026915513027694855,0.138204052548344,0.974303218146129
Q3,base,0,0.0,0.0,1.0
S1,w02,250,0.02700613117309119,0.07805292354794441,0.9995317668427635
S2,w02,250,0.01918837207381957,0.0595606159301626,0.9937720383991322
S3,w02,250,0.011597551489680842,0.03906483153072726,0.9976851585815483
S4,w02,250,0.02786037058870012,0.10671967568412988,0.9906874244306855
