target,vs_base_changed_rows,vs_base_mean_abs_delta,vs_base_p95_abs_delta,vs_base_max_abs_delta,vs_base_corr,vs_base_mean_prob_shift,vs_anchor_changed_rows,vs_anchor_mean_abs_delta,vs_anchor_p95_abs_delta,vs_anchor_max_abs_delta,vs_anchor_corr,vs_anchor_mean_prob_shift
Q1,250,0.037586129371134265,0.08859884767092986,0.1206826750252011,0.9794201423970236,0.009924329086016814,250,0.015351012449240527,0.0425353877987916,0.06079480176995272,0.9954058017950793,0.010985561455151505
Q2,250,0.026915513027694855,0.06083818003687031,0.138204052548344,0.974303218146129,0.009406200466802628,0,0.0,0.0,0.0,1.0,0.0
Q3,0,0.0,0.0,0.0,1.0,0.0,0,0.0,0.0,0.0,1.0,0.0
S1,250,0.03778659667694051,0.0844245172148871,0.12280357136932185,0.9964984747148941,8.839270667193588e-05,250,0.011411396295610676,0.026531669849047073,0.04475064782137744,0.9985629186935933,-0.00025637834388370084
S2,250,0.02878255811072932,0.08067751496573514,0.08934092389524384,0.9860985153053127,0.019101243299510018,250,0.009594186036909752,0.02689250498857834,0.029780307965081243,0.9984728983131405,0.006367081099836636
S3,250,0.016713097975569295,0.04416950539214902,0.05859724729609084,0.9949624379524356,0.004934436929962538,250,0.00533316266906558,0.014723168464049623,0.019532415765363575,0.9994280254918669,0.0011893261373527864
S4,250,0.02841055654093873,0.08431421332163284,0.11378112528153905,0.9906481244155215,-0.002245108793883732,250,0.005953595386953426,0.014404247319000436,0.020282690085928534,0.9994070743133634,-0.0018956909928874444
