target,vs_base_changed_rows,vs_base_mean_abs_delta,vs_base_p95_abs_delta,vs_base_max_abs_delta,vs_base_corr,vs_base_mean_prob_shift,vs_anchor_changed_rows,vs_anchor_mean_abs_delta,vs_anchor_p95_abs_delta,vs_anchor_max_abs_delta,vs_anchor_corr,vs_anchor_mean_prob_shift
Q1,250,0.04317603382291426,0.10068291666044135,0.15102171438391254,0.9709711603874429,0.01731340889239885,250,0.02478089541416447,0.07103060405466202,0.09680675645592202,0.9883411599100773,0.018374641261533542
Q2,250,0.026915513027694855,0.06083818003687031,0.138204052548344,0.974303218146129,0.009406200466802628,0,0.0,0.0,0.0,1.0,0.0
Q3,0,0.0,0.0,0.0,1.0,0.0,0,0.0,0.0,0.0,1.0,0.0
S1,250,0.02700613117309119,0.05607871294284458,0.07805292354794441,0.9995317668427635,0.0003447710505556367,0,0.0,0.0,0.0,1.0,0.0
S2,250,0.029029064937128646,0.07367445217558842,0.07789936548389942,0.9833793642722065,0.011433035123833979,250,0.013838393107196749,0.03357176178077098,0.03753337150551522,0.996010864269699,-0.0013011270758394033
S3,250,0.011597551489680842,0.029446336928099396,0.03906483153072726,0.9976851585815483,0.0037451107926097515,0,0.0,0.0,0.0,1.0,0.0
S4,250,0.02734272504967682,0.07753739807055349,0.10984896039813863,0.9915052207186501,-0.003448505122876422,250,0.010341913099579582,0.02438139770200812,0.03588217011565897,0.998211712835675,-0.003099087321880134
