target,blend_w,changed_rows,mean_abs_delta,max_abs_delta,corr_vs_base
Q1,0.2,250,0.014849867118578055,0.09132930333059075,0.9977420768634769
Q2,0.0,0,0.0,0.0,1.0
Q3,0.0,0,0.0,0.0,1.0
S1,0.0,0,0.0,0.0,1.0
S2,0.2,250,0.017674006575665757,0.036831322419441426,0.9969881086622567
S3,0.0,0,0.0,0.0,1.0
S4,0.0,0,0.0,0.0,1.0
