target,source,changed_rows,mean_abs_delta,max_abs_delta,corr_vs_base
Q1,w03,250,0.04514717964645272,0.14716178659562,0.9725752026704495
Q2,w02,250,0.026915513027694855,0.138204052548344,0.974303218146129
Q3,base,0,0.0,0.0,1.0
S1,w03,250,0.03778659667694051,0.12280357136932185,0.9964984747148941
S2,w03,250,0.02878255811072932,0.08934092389524384,0.9860985153053127
S3,w03,250,0.016713097975569295,0.05859724729609084,0.9949624379524356
S4,w03,250,0.04216388236459639,0.16007951352619487,0.97688581299294
