target,n_features,token_features,auc,logloss,base_logloss,ll_improve_vs_prev
Q1,16,5,0.6251358132000553,0.6562331620140521,0.6931076738668435,0.036874511852791336
Q2,35,30,0.6688469332477278,0.6488794729240142,0.685383860076707,0.036504387152692885
Q3,25,10,0.6382510288065844,0.6698864866773098,0.6730116670092563,0.003125180331946531
S1,8,4,0.6951550078585909,0.6389575770801157,0.6251830480167294,-0.013774529063386276
S2,8,4,0.7159844351209756,0.6196990270201475,0.6467561030272874,0.027057076007139913
S3,10,6,0.7560270222536206,0.5813005167997666,0.6395504757704888,0.05824995897072227
S4,35,25,0.6521965688632356,0.6844771365504017,0.6859298002523729,0.0014526637019712796
