target,changed_rows,mean_abs_delta,max_abs_delta,corr_vs_base
Q1,250,0.06392619097120786,0.2478284708398345,0.9329312523182918
Q2,250,0.08487160035902462,0.21126053495630037,0.7880535481147073
Q3,0,0.0,0.0,1.0
S1,0,0.0,0.0,1.0
S2,0,0.0,0.0,1.0
S3,0,0.0,0.0,1.0
S4,250,0.030851076782055474,0.11410436255934309,0.9888581098109205
