target,source,changed_rows,mean_abs_delta,max_abs_delta,corr_vs_base
Q1,custom,250,0.037558858236785356,0.12263482216301663,0.9822004569500142
Q2,custom,250,0.026915513027694855,0.138204052548344,0.974303218146129
Q3,custom,0,0.0,0.0,1.0
S1,custom,250,0.032326559718116904,0.1004282474586331,0.9984379252883047
S2,custom,250,0.023985465092274446,0.07445076991270327,0.99030206210546
S3,custom,250,0.01415532473262507,0.04883103941340905,0.9964588766877658
S4,custom,250,0.03501212647664825,0.13339959460516237,0.9847291820169246
