target,changed_rows,mean_abs_delta,max_abs_delta,corr_vs_base
Q1,250,0.03829600033704503,0.14869708250390068,0.9769962387264453
Q2,250,0.050803029562445264,0.1267563209737802,0.9135804996794592
Q3,0,0.0,0.0,1.0
S1,0,0.0,0.0,1.0
S2,0,0.0,0.0,1.0
S3,0,0.0,0.0,1.0
S4,250,0.018432404562819058,0.06846261753560601,0.9961376665137103
