target,changed_rows,mean_abs_delta,max_abs_delta,corr_vs_base
Q1,250,0.06070657127733882,0.19621571546082667,0.9445279940430167
Q2,250,0.05491067932023721,0.31404930835362854,0.8610541573423165
Q3,250,0.04077630438656812,0.14816699073286677,0.6913658542202366
S1,250,0.034558125254316605,0.1295118073592682,0.9928668979811585
S2,250,0.03837674414763909,0.1191212318603252,0.9755920148353049
S3,250,0.021332650676262294,0.07812966306145464,0.9906850798775519
S4,250,0.05721404710358508,0.21343935136825987,0.9546738708734783
