{
  "Q1": {
    "model": "bottleneck_z8",
    "deltas": {
      "tp": -0.007205226261245867,
      "chrono": -0.009131259672959802,
      "tail": 0.00511313858555662
    }
  },
  "S2": {
    "model": "bottleneck_z2",
    "deltas": {
      "tp": -0.02818739989902641,
      "chrono": -0.018067204263577552,
      "tail": -0.010779300843996031
    }
  }
}