target,anchor_loss,model_loss,best_blend_loss,delta_best_vs_anchor,best_weight
Q1,0.6820633644497539,0.7506099323493084,0.6760268901500806,-0.006036474299673257,0.2
Q2,0.6859058941909196,0.7785100501825274,0.6831533930887587,-0.0027525011021609152,0.2
Q3,0.6788744679811675,0.7266132841101478,0.667549517588646,-0.011324950392521472,0.4
S1,0.5813573303561672,0.5794900068083845,0.5576930030342417,-0.02366432732192547,0.55
S2,0.6028091891562296,0.66993186007024,0.598522507219596,-0.004286681936633705,0.2
S3,0.5679067912499829,0.6447129736162301,0.5675714502632441,-0.00033534098673881907,0.1
S4,0.6488494087150984,0.711001366368524,0.6458115235033295,-0.003037885211768904,0.15
