target,safe_weight,hole_mirror_delta,chrono_delta
Q1,0.05,-0.0024681973409692213,-0.013173028217081328
Q2,0.125,-0.0021038642414207462,-0.004049774823641254
Q3,0.25,-0.011343305089760928,-0.011288240998042562
S1,0.25,-0.02632140625383091,-0.01835016945811459
S2,0.25,-0.007273649673827635,0.0016872535377541558
S3,0.125,-0.001140737676487998,0.001275452392759539
S4,0.125,-0.0017529040162503156,-0.005607847602806082
