name,role,worldview,changed_cells_vs_h136,delta_route,delta_h098,delta_h088,delta_margin,route,h098,h088,margin,h138_action_score
r135_q3s2_margin_repair_g05,margin_repair,stronger row135 Q3/S2 repair; better margin but larger H098 cost,2,1.2475589599330369e-06,1.3468700575908037e-06,-0.00011541211881303803,0.0002277327023311182,-0.0007610460386282212,-2.601115818393453e-05,-0.06224807653808329,0.1596687831506237,0.003565339232452015
r135_q3s2_margin_repair_g025,margin_repair,row135 Q3/S2 repairs margin with small H088 relief,2,1.2192675474338634e-06,6.989580052517734e-07,-9.547666443465025e-05,0.00021090145373131586,-0.0007610743300407204,-2.665907023627356e-05,-0.062228141083704905,0.1596519519020239,0.0035458860770876868
r135_q3s2_soft_repair,soft_margin_repair,weaker row135 Q3/S2 repair used as low-cost boundary control,2,1.2222646885585563e-06,5.070953594044688e-07,-1.4053188166891772e-05,6.835455442866234e-05,-0.0007610713328995957,-2.6850932882120865e-05,-0.062146717607437146,0.15950940500272123,0.000492817738160112
r207_s2_toxicity_relief,toxicity_relief,row207 S2 lowers H088 but is unsafe alone because it spends margin,1,1.233949541102437e-06,6.526906353664617e-07,-0.000988685721111597,-0.00014527248194942666,-0.0007610596480470518,-2.6705337606158872e-05,-0.06312135014038185,0.15929577796634314,-0.0013855392703970453
r131_s1s2_stress_decoy,stress_decoy,stress decoy: should be rejected if H088-only shortcuts are toxic,2,2.4124315509703367e-06,3.5007869830664187e-07,0.00020254784427314876,-3.680130037048146e-05,-0.0007598811660371839,-2.7007949543218692e-05,-0.061930116574997106,0.1594042491479221,-0.0023448114164213024
