{
  "view": "no_sleep",
  "device": "mps",
  "sequence": {
    "n_days": 700.0,
    "n_base_features": 46.0,
    "n_token_features": 191.0,
    "mean_missing_fraction": 0.1505182453416149,
    "add_deviation_features": 1.0
  },
  "n_features": 191,
  "epochs": 60,
  "final_ssl_loss": 0.3498067988668169,
  "best_global_source": "transformer_ridge_resid_a5_w0p2",
  "best_global_avg_log_loss": 0.6238392598553747,
  "best_global_per_target": {
    "Q1": 0.6705291468233491,
    "Q2": 0.682527596391342,
    "Q3": 0.6790743002523731,
    "S1": 0.5794044593484935,
    "S2": 0.5809212388111835,
    "S3": 0.5272073218625944,
    "S4": 0.647210755498287
  },
  "targetwise_avg_log_loss": 0.6185897244146847,
  "targetwise_per_target": {
    "Q1": 0.6699056448369364,
    "Q2": 0.6629065432746966,
    "Q3": 0.6738228049000621,
    "S1": 0.5757019130502258,
    "S2": 0.5789622149823923,
    "S3": 0.5222551020482551,
    "S4": 0.6465738478102249
  },
  "targetwise_sources": {
    "Q1": "transformer_ridge_resid_a1_w0p2",
    "Q2": "transformer_logreg_c0p3_w0p35",
    "Q3": "subject_prior_a16",
    "S1": "subject_prior_a8",
    "S2": "transformer_logreg_c0p1_w0p1",
    "S3": "transformer_ridge_resid_a20_w0p35",
    "S4": "transformer_ridge_resid_a5_w0p1"
  },
  "targetwise_source_losses": {
    "Q1": 0.6699056448369364,
    "Q2": 0.6629065432746966,
    "Q3": 0.6738228049000621,
    "S1": 0.5757019130502258,
    "S2": 0.5789622149823923,
    "S3": 0.5222551020482551,
    "S4": 0.6465738478102249
  },
  "drift_vs_reference_best_global": {
    "reference": "outputs/v83_repaired_v80/submission_v83_gq015_gs010.csv",
    "mean_abs_drift": 0.07409267065711948,
    "max_abs_drift": 0.40987429999884645,
    "corr": 0.8430579985508108,
    "target_mean": {
      "Q1": 0.5070480759114505,
      "Q2": 0.5462676445134231,
      "Q3": 0.593583478891375,
      "S1": 0.6825315914067049,
      "S2": 0.6472845839763397,
      "S3": 0.6630679370306888,
      "S4": 0.5620650455231553
    },
    "target_mean_shift": {
      "Q1": -0.0033201209905055293,
      "Q2": -0.023050670543037066,
      "Q3": -0.01840328276982342,
      "S1": -8.079580439450141e-05,
      "S2": 0.003359335322339812,
      "S3": 0.004427116133733167,
      "S4": 0.009051123500467823
    },
    "panel_mean_abs_drift": {
      "early": 0.05842852447558099,
      "mid": 0.07770017660839042,
      "late": 0.0856813411621862
    }
  },
  "drift_vs_reference_targetwise": {
    "reference": "outputs/v83_repaired_v80/submission_v83_gq015_gs010.csv",
    "mean_abs_drift": 0.07776305060627227,
    "max_abs_drift": 0.4385205856180192,
    "corr": 0.8230624088637356,
    "target_mean": {
      "Q1": 0.506928872250454,
      "Q2": 0.5147675872563668,
      "Q3": 0.6030728937366889,
      "S1": 0.6923877866215694,
      "S2": 0.6468008400679985,
      "S3": 0.6559543650465792,
      "S4": 0.560658901055592
    },
    "target_mean_shift": {
      "Q1": -0.0034393246515019875,
      "Q2": -0.05455072780009344,
      "Q3": -0.008913867924509376,
      "S1": 0.009775399410469864,
      "S2": 0.002875591413998645,
      "S3": -0.002686455850376376,
      "S4": 0.007644979032904438
    },
    "panel_mean_abs_drift": {
      "early": 0.06669183816440266,
      "mid": 0.08017577258767894,
      "late": 0.08608756232129058
    }
  },
  "ssl_loss_history": [
    0.8169669604301453,
    0.5907115881783621,
    0.5385153474126543,
    0.5273877039977483,
    0.5151863966669356,
    0.4911039175306048,
    0.487797999552318,
    0.4641992521286011,
    0.4579176163673401,
    0.46078169158526827,
    0.43840156061308727,
    0.4414135541234698,
    0.4197467316899981,
    0.4149465414455959,
    0.4125422542435782,
    0.414328772510801,
    0.40752908757754736,
    0.4021537918703897,
    0.40302145072392054,
    0.40247574056897845,
    0.3942216455936432,
    0.40786258578300477,
    0.38935630781309943,
    0.39522982256753103,
    0.39079287358692716,
    0.38903287955692833,
    0.3872561642101833,
    0.3787064846924373,
    0.3845024824142456,
    0.3867097546373095,
    0.3822950792312622,
    0.38122377855437145,
    0.38935107912336075,
    0.37678745014326914,
    0.3720439302921295,
    0.36954271469797406,
    0.370852644102914,
    0.37035365309034074,
    0.36946381602968487,
    0.3703790535245623,
    0.3699653879233769,
    0.367553893327713,
    0.366503198657717,
    0.3706456324032375,
    0.3597802666255406,
    0.36871347767966134,
    0.36393967815807887,
    0.3566948790209634,
    0.36285746233803884,
    0.35734886680330546,
    0.3605961319378444,
    0.3583702085699354,
    0.35712108424731664,
    0.35392423851149424,
    0.3654894307681492,
    0.34702154653412953,
    0.3530775511264801,
    0.35732050248554775,
    0.3510130781786782,
    0.3498067988668169
  ]
}