{
  "view": "no_sleep",
  "encoder_type": "gru",
  "encoder_params": 1727,
  "device": "mps",
  "sequence": {
    "n_days": 700.0,
    "n_base_features": 82.0,
    "n_token_features": 335.0,
    "mean_missing_fraction": 0.08443706445993032,
    "add_deviation_features": 1.0
  },
  "n_features": 335,
  "epochs": 50,
  "final_ssl_loss": 0.6717447570392063,
  "best_global_source": "transformer_logreg_c0p03_w0p05",
  "best_global_avg_log_loss": 0.627346887581354,
  "best_global_per_target": {
    "Q1": 0.6723851417709691,
    "Q2": 0.7027869693783692,
    "Q3": 0.6764081070358846,
    "S1": 0.5759254070549528,
    "S2": 0.5803642752140151,
    "S3": 0.5363345623101553,
    "S4": 0.6472237503051318
  },
  "targetwise_avg_log_loss": 0.6243979974886636,
  "targetwise_per_target": {
    "Q1": 0.6714810324683079,
    "Q2": 0.6941215697819147,
    "Q3": 0.6711575025507647,
    "S1": 0.5753750866892734,
    "S2": 0.5796976041631012,
    "S3": 0.5330309613778893,
    "S4": 0.6459222253893953
  },
  "targetwise_sources": {
    "Q1": "transformer_logreg_c0p1_w0p2",
    "Q2": "transformer_logreg_c0p3_w0p35",
    "Q3": "transformer_logreg_c0p03_w0p35",
    "S1": "transformer_ridge_resid_a1_w0p35",
    "S2": "transformer_ridge_resid_a1_w0p2",
    "S3": "subject_prior_a4",
    "S4": "transformer_ridge_resid_a1_w0p35"
  },
  "targetwise_source_losses": {
    "Q1": 0.6714810324683079,
    "Q2": 0.6941215697819147,
    "Q3": 0.6711575025507647,
    "S1": 0.5753750866892734,
    "S2": 0.5796976041631012,
    "S3": 0.5330309613778893,
    "S4": 0.6459222253893953
  },
  "drift_vs_reference_best_global": {
    "reference": "outputs/v83_repaired_v80/submission_v83_gq015_gs010.csv",
    "mean_abs_drift": 0.06406162106737266,
    "max_abs_drift": 0.3072978744724847,
    "corr": 0.8839875153148496,
    "target_mean": {
      "Q1": 0.5015932693029516,
      "Q2": 0.5589654296498128,
      "Q3": 0.6035064515277612,
      "S1": 0.6918094742278754,
      "S2": 0.657741892632702,
      "S3": 0.6727977276880954,
      "S4": 0.5593581368423569
    },
    "target_mean_shift": {
      "Q1": -0.00877492759900446,
      "Q2": -0.010352885406647383,
      "Q3": -0.00848031013343717,
      "S1": 0.009197087016776124,
      "S2": 0.013816643978702104,
      "S3": 0.014156906791139696,
      "S4": 0.0063442148196695405
    },
    "panel_mean_abs_drift": {
      "early": 0.05130688909438463,
      "mid": 0.06618135235509413,
      "late": 0.07429633077212722
    }
  },
  "drift_vs_reference_targetwise": {
    "reference": "outputs/v83_repaired_v80/submission_v83_gq015_gs010.csv",
    "mean_abs_drift": 0.06649259674627615,
    "max_abs_drift": 0.31796215965337293,
    "corr": 0.8669327466409862,
    "target_mean": {
      "Q1": 0.5024005074653435,
      "Q2": 0.5614725103716991,
      "Q3": 0.6020856268686599,
      "S1": 0.6932740287151493,
      "S2": 0.658947262419235,
      "S3": 0.6743072986995421,
      "S4": 0.5612060791659575
    },
    "target_mean_shift": {
      "Q1": -0.007967689436612538,
      "Q2": -0.00784580468476117,
      "Q3": -0.009901134792538529,
      "S1": 0.010661641504049966,
      "S2": 0.015022013765234871,
      "S3": 0.01566647780258651,
      "S4": 0.008192157143270182
    },
    "panel_mean_abs_drift": {
      "early": 0.05120012351796082,
      "mid": 0.06890759649440466,
      "late": 0.0788871594007137
    }
  },
  "ssl_loss_history": [
    1.052497024195535,
    1.0231742283276148,
    0.9990289058004107,
    0.9746079077039446,
    0.9537683187212262,
    0.938648452758789,
    0.9309709875924247,
    0.9079696427072798,
    0.891109950201852,
    0.8849329451152257,
    0.8685592109816415,
    0.8719457122257778,
    0.8464966603687831,
    0.8462818394388472,
    0.8310959914752415,
    0.8192284543173654,
    0.8267471511023385,
    0.8206684453146799,
    0.8181847190856933,
    0.8070500864301409,
    0.7958600456374032,
    0.7904747138704572,
    0.7827176260948181,
    0.7794496165003095,
    0.7731814074516297,
    0.7695697910445077,
    0.7644598354612078,
    0.7588464893613542,
    0.7624435983385358,
    0.7525496571404593,
    0.7450827121734619,
    0.7373044378416879,
    0.7326634734017509,
    0.7344979998043605,
    0.7257685688563755,
    0.7161456636020116,
    0.7261030047280448,
    0.7189053276606968,
    0.7089735926900591,
    0.7078810453414917,
    0.7026727959087917,
    0.7020293290274484,
    0.6964747762680054,
    0.6927483820915222,
    0.6795869146074568,
    0.6806109523773194,
    0.6889579653739929,
    0.6809103063174656,
    0.6734092494419642,
    0.6717447570392063
  ]
}