{
  "best_source": "targetwise",
  "best_avg_log_loss": 0.6239510879121613,
  "best_per_target": {
    "Q1": 0.6695996020167079,
    "Q2": 0.6920212389090021,
    "Q3": 0.6715320044110611,
    "S1": 0.5742493210432554,
    "S2": 0.5792886843475509,
    "S3": 0.5347876459944689,
    "S4": 0.6461791186630825
  },
  "best_drift_vs_reference": {
    "reference": "outputs/v83_repaired_v80/submission_v83_gq015_gs010.csv",
    "mean_abs_drift": 0.0662987639909138,
    "max_abs_drift": 0.30059117839423233,
    "corr": 0.8790817433762035,
    "target_mean": {
      "Q1": 0.5119016233550322,
      "Q2": 0.550962394282439,
      "Q3": 0.6029195842445099,
      "S1": 0.6869450996679533,
      "S2": 0.6504268604430872,
      "S3": 0.6739255079022918,
      "S4": 0.5581672658919097
    },
    "target_mean_shift": {
      "Q1": 0.0015334264530761246,
      "Q2": -0.018355920774021244,
      "Q3": -0.009067177416688405,
      "S1": 0.0043327124568538974,
      "S2": 0.006501611789087276,
      "S3": 0.015284687005336198,
      "S4": 0.005153343869222151
    },
    "panel_mean_abs_drift": {
      "early": 0.0543512152108156,
      "mid": 0.06871714539649061,
      "late": 0.07546315626509238
    }
  },
  "best_subject_drift_vs_reference": {
    "id01": 0.04217995214098463,
    "id02": 0.054454722404224214,
    "id03": 0.06000002060844363,
    "id04": 0.07025916102312436,
    "id05": 0.07832704065353616,
    "id06": 0.07163318049091633,
    "id07": 0.07464855012467292,
    "id08": 0.08407839514954599,
    "id09": 0.06919833342242836,
    "id10": 0.0666780996859837
  },
  "best_target_gain_vs_subject_prior": {
    "Q1": 0.003579841147751006,
    "Q2": 0.012988804500297046,
    "Q3": 0.0062382259359582415,
    "S1": 0.0014525920069703435,
    "S2": 0.0005677687307987789,
    "S3": 0.0,
    "S4": 0.0010928636118345825
  },
  "best_global_source": "only_rhythm__absolute__lowrank_r2_k4_wd0.1_b0.1",
  "best_global_avg_log_loss": 0.6266130227328451,
  "best_global_drift_vs_reference": {
    "reference": "outputs/v83_repaired_v80/submission_v83_gq015_gs010.csv",
    "mean_abs_drift": 0.06596584601605739,
    "max_abs_drift": 0.3037864258842843,
    "corr": 0.8831537410632677,
    "target_mean": {
      "Q1": 0.49964484139086435,
      "Q2": 0.5602701506460664,
      "Q3": 0.6038285369493297,
      "S1": 0.6841564163786639,
      "S2": 0.6567628291505891,
      "S3": 0.6680583750598319,
      "S4": 0.5599223053297698
    },
    "target_mean_shift": {
      "Q1": -0.010723355511091683,
      "Q2": -0.009048164410393586,
      "Q3": -0.008158224711868816,
      "S1": 0.001544029167564421,
      "S2": 0.012837580496589162,
      "S3": 0.009417554162876214,
      "S4": 0.006908383307082399
    },
    "panel_mean_abs_drift": {
      "early": 0.05466320247724386,
      "mid": 0.06819172137316408,
      "late": 0.07469607090479685
    }
  },
  "targetwise_avg_log_loss": 0.6239510879121613,
  "targetwise_drift_vs_reference": {
    "reference": "outputs/v83_repaired_v80/submission_v83_gq015_gs010.csv",
    "mean_abs_drift": 0.0662987639909138,
    "max_abs_drift": 0.30059117839423233,
    "corr": 0.8790817433762035,
    "target_mean": {
      "Q1": 0.5119016233550322,
      "Q2": 0.550962394282439,
      "Q3": 0.6029195842445099,
      "S1": 0.6869450996679533,
      "S2": 0.6504268604430872,
      "S3": 0.6739255079022918,
      "S4": 0.5581672658919097
    },
    "target_mean_shift": {
      "Q1": 0.0015334264530761246,
      "Q2": -0.018355920774021244,
      "Q3": -0.009067177416688405,
      "S1": 0.0043327124568538974,
      "S2": 0.006501611789087276,
      "S3": 0.015284687005336198,
      "S4": 0.005153343869222151
    },
    "panel_mean_abs_drift": {
      "early": 0.0543512152108156,
      "mid": 0.06871714539649061,
      "late": 0.07546315626509238
    }
  },
  "targetwise_sources": {
    "Q1": "no_sleep__deviation__lowrank_r2_k1_wd0.1_b0.2",
    "Q2": "no_sleep__absolute__lowrank_r2_k4_wd0.1_b0.2",
    "Q3": "no_sleep__absolute_plus_deviation__mlp_h2_k4_wd0.1_b0.2",
    "S1": "only_rhythm__absolute_plus_deviation__lowrank_r2_k4_wd0.1_b0.1",
    "S2": "only_rhythm__absolute_plus_deviation__lowrank_r2_k1_wd0.1_b0.1",
    "S3": "subject_prior",
    "S4": "only_rhythm__deviation__linear_k2_b0.1"
  },
  "targetwise_source_losses": {
    "Q1": 0.6695996020167079,
    "Q2": 0.6920212389090021,
    "Q3": 0.6715320044110611,
    "S1": 0.5742493210432554,
    "S2": 0.5792886843475509,
    "S3": 0.5347876459944689,
    "S4": 0.6461791186630825
  },
  "subject_prior_avg_log_loss": 0.6276539587598199,
  "n_candidates": 362,
  "views": [
    "full",
    "no_sleep",
    "only_cross_modal",
    "only_rhythm"
  ],
  "device": "mps"
}