target,selected_loss,base_loss,delta_vs_base,most_common_family
Q1,0.6580866123323756,0.6691817177735858,-0.011095105441210219,best_plus_causal_chain_opportunity
Q2,0.6951547698133941,0.7016929759704349,-0.006538206157040816,energy_recovery_slope
Q3,0.6742387167028868,0.6738888587098408,0.0003498579930458767,mobility_constriction
S1,0.5776219116629068,0.5708954587854569,0.006726452877449796,routine_regularity
S2,0.584268661104715,0.5783156553303062,0.005953005774408849,sleep_intrusion
S3,0.5308000450166735,0.5251202551583003,0.005679789858373296,best_late_fusion
S4,0.6456967244224515,0.6432464279775342,0.0024502964449172548,routine_regularity
