{
  "view": "no_sleep",
  "device": "mps",
  "sequence": {
    "n_days": 700.0,
    "n_base_features": 82.0,
    "n_token_features": 335.0,
    "mean_missing_fraction": 0.08443706445993032,
    "add_deviation_features": 1.0
  },
  "n_features": 335,
  "epochs": 60,
  "final_ssl_loss": 0.31428330183029174,
  "best_global_source": "transformer_logreg_c0p1_w0p1",
  "best_global_avg_log_loss": 0.6264336677871035,
  "best_global_per_target": {
    "Q1": 0.6738014001493775,
    "Q2": 0.6981116895681801,
    "Q3": 0.6776237688681602,
    "S1": 0.5758528368623735,
    "S2": 0.5775300190869358,
    "S3": 0.5325480469267562,
    "S4": 0.649567913047941
  },
  "targetwise_avg_log_loss": 0.6225818542318333,
  "targetwise_per_target": {
    "Q1": 0.6721770581393399,
    "Q2": 0.6874222099300058,
    "Q3": 0.6738228049000621,
    "S1": 0.5736239738102742,
    "S2": 0.5773375737442534,
    "S3": 0.5264173768239813,
    "S4": 0.6472719822749171
  },
  "targetwise_sources": {
    "Q1": "subject_prior_a16",
    "Q2": "transformer_logreg_c0p03_w0p35",
    "Q3": "subject_prior_a16",
    "S1": "transformer_ridge_resid_a1_w0p1",
    "S2": "transformer_logreg_c0p3_w0p2",
    "S3": "transformer_ridge_resid_a20_w0p35",
    "S4": "subject_prior_a8"
  },
  "targetwise_source_losses": {
    "Q1": 0.6721770581393399,
    "Q2": 0.6874222099300058,
    "Q3": 0.6738228049000621,
    "S1": 0.5736239738102742,
    "S2": 0.5773375737442534,
    "S3": 0.5264173768239813,
    "S4": 0.6472719822749171
  },
  "drift_vs_reference_best_global": {
    "reference": "outputs/v83_repaired_v80/submission_v83_gq015_gs010.csv",
    "mean_abs_drift": 0.06741052980875341,
    "max_abs_drift": 0.3101559213050481,
    "corr": 0.8805756866088681,
    "target_mean": {
      "Q1": 0.5009075292504459,
      "Q2": 0.554745264336187,
      "Q3": 0.6064883721265895,
      "S1": 0.6865085397315318,
      "S2": 0.6498223906492511,
      "S3": 0.6574106073721321,
      "S4": 0.5593913128128645
    },
    "target_mean_shift": {
      "Q1": -0.009460667651510178,
      "Q2": -0.014573050720273109,
      "Q3": -0.0054983895346089025,
      "S1": 0.0038961525204323994,
      "S2": 0.005897141995250945,
      "S3": -0.0012302135248236433,
      "S4": 0.006377390790176962
    },
    "panel_mean_abs_drift": {
      "early": 0.056034739595718926,
      "mid": 0.06828579439341209,
      "late": 0.0775301514198376
    }
  },
  "drift_vs_reference_targetwise": {
    "reference": "outputs/v83_repaired_v80/submission_v83_gq015_gs010.csv",
    "mean_abs_drift": 0.07326220613641586,
    "max_abs_drift": 0.3727160666617783,
    "corr": 0.8495607987945887,
    "target_mean": {
      "Q1": 0.49965650813885837,
      "Q2": 0.5477519924520272,
      "Q3": 0.6030728937366889,
      "S1": 0.6892911870726723,
      "S2": 0.6413229605263062,
      "S3": 0.6510198739911529,
      "S4": 0.5592527565880283
    },
    "target_mean_shift": {
      "Q1": -0.01071168876309774,
      "Q2": -0.021566322604432912,
      "Q3": -0.008913867924509376,
      "S1": 0.006678799861572949,
      "S2": -0.0026022881276937877,
      "S3": -0.007620946905802687,
      "S4": 0.006238834565341037
    },
    "panel_mean_abs_drift": {
      "early": 0.064454006078867,
      "mid": 0.07328204792762937,
      "late": 0.08174015361933691
    }
  },
  "ssl_loss_history": [
    0.7275724526814052,
    0.581713478565216,
    0.5139077934197017,
    0.4911257985660008,
    0.47040906054633,
    0.4588571580818721,
    0.44152588725090025,
    0.4353531280585698,
    0.41997395651681085,
    0.4188914663451059,
    0.4023887891428811,
    0.4072043320110866,
    0.39960944431168693,
    0.3972903459412711,
    0.39209979108401705,
    0.3836542810712542,
    0.38060606735093255,
    0.3769932103157043,
    0.3739052244595119,
    0.36944029416356766,
    0.3687321172441755,
    0.36327515397753035,
    0.3605142981665475,
    0.3540822877202715,
    0.3560496800286429,
    0.35490814770971024,
    0.3517807756151472,
    0.34891296676227024,
    0.3446810669558389,
    0.3419362381526402,
    0.3387301700455802,
    0.3445924125398908,
    0.33913943869727,
    0.3433291373934065,
    0.3386321234703064,
    0.34596293466431755,
    0.3401677651064737,
    0.33192123787743705,
    0.3319340188162667,
    0.3269311358247485,
    0.333247012921742,
    0.3295463609695435,
    0.33292931914329527,
    0.32984978658812386,
    0.32864719271659854,
    0.33030547976493835,
    0.32839114121028357,
    0.32533778412001474,
    0.32231162684304376,
    0.31574026448386056,
    0.3240226839269911,
    0.32032499500683376,
    0.3214482842172895,
    0.3203414894853319,
    0.31674342496054514,
    0.31785146832466127,
    0.3186867604936872,
    0.31883706859179906,
    0.3096038958004543,
    0.31428330183029174
  ]
}