{
  "latent_dims": 8,
  "pca_explained_variance_ratio": [
    0.10081532298730797,
    0.08239187843821755,
    0.07278085460083508,
    0.06761673878040775,
    0.04372958583951479,
    0.040580041862259816,
    0.03442334480956193,
    0.03162224150576394
  ],
  "peer_group_count": 4,
  "subjects": 10,
  "feature_count": 99
}