{
  "latent_specs": {
    "best": "artifacts/domain_best_late_fusion_v1.parquet",
    "wake_activation_inertia": "artifacts/domain_wake_activation_inertia_v1.parquet",
    "wai_activation_latency": "artifacts/domain_wake_activation_inertia_activation_latency_v1.parquet",
    "wai_activation_slope": "artifacts/domain_wake_activation_inertia_activation_slope_v1.parquet",
    "wai_phone_inertia": "artifacts/domain_wake_activation_inertia_phone_inertia_v1.parquet",
    "wai_light_hr_entrainment": "artifacts/domain_wake_activation_inertia_light_hr_entrainment_v1.parquet",
    "wai_sleep_recovery_interaction": "artifacts/domain_wake_activation_inertia_sleep_recovery_interaction_v1.parquet",
    "wai_subject_relative_only": "artifacts/domain_wake_activation_inertia_subject_relative_only_v1.parquet",
    "wai_rolling_context_only": "artifacts/domain_wake_activation_inertia_rolling_context_only_v1.parquet",
    "wai_base_values_only": "artifacts/domain_wake_activation_inertia_base_values_only_v1.parquet"
  },
  "n_folds": 5,
  "prior_alpha": 8.0,
  "c_values": [
    0.03,
    0.1,
    0.3
  ],
  "blends": [
    0.05,
    0.1,
    0.2
  ],
  "subject_prior_avg_log_loss": 0.6276539587598199,
  "subject_prior_per_target": {
    "Q1": 0.6731794431644589,
    "Q2": 0.7050100434092992,
    "Q3": 0.6777702303470193,
    "S1": 0.5757019130502258,
    "S2": 0.5798564530783497,
    "S3": 0.5347876459944689,
    "S4": 0.6472719822749171
  },
  "best_source": "best__absolute_plus_deviation__c0.3_b0.2",
  "best_avg_log_loss": 0.6229613176952576,
  "best_delta_vs_subject_prior": -0.004692641064562242,
  "top_scores": [
    {
      "source": "best__absolute_plus_deviation__c0.3_b0.2",
      "avg_log_loss": 0.6229613176952576,
      "Q1": 0.6689861051722832,
      "Q2": 0.7020978592408005,
      "Q3": 0.6741574430886071,
      "S1": 0.5709585946396454,
      "S2": 0.5775006583045229,
      "S3": 0.5239268911855993,
      "S4": 0.6431016722353451
    },
    {
      "source": "best__absolute_plus_deviation__c0.1_b0.2",
      "avg_log_loss": 0.6237927803338889,
      "Q1": 0.6700346459207199,
      "Q2": 0.7010001209828194,
      "Q3": 0.6736543305290845,
      "S1": 0.570926638022677,
      "S2": 0.5773858608726387,
      "S3": 0.530509557959145,
      "S4": 0.6430383080501377
    },
    {
      "source": "best__deviation__c0.3_b0.2",
      "avg_log_loss": 0.6240101458125175,
      "Q1": 0.6684858700909789,
      "Q2": 0.7005359830135,
      "Q3": 0.6709453564867801,
      "S1": 0.5722806991144583,
      "S2": 0.5788038606570198,
      "S3": 0.5319263483329497,
      "S4": 0.6450929029919353
    },
    {
      "source": "best__absolute__c0.3_b0.2",
      "avg_log_loss": 0.6241173933055804,
      "Q1": 0.6684824693681113,
      "Q2": 0.6960139424354125,
      "Q3": 0.6715958320010429,
      "S1": 0.5767896497254626,
      "S2": 0.57712377584321,
      "S3": 0.5353697319901312,
      "S4": 0.6434463517756924
    },
    {
      "source": "wai_sleep_recovery_interaction__absolute_plus_deviation__c0.3_b0.2",
      "avg_log_loss": 0.6244993582192129,
      "Q1": 0.6669326144913521,
      "Q2": 0.6985340941951628,
      "Q3": 0.6718785788306496,
      "S1": 0.5685508384532566,
      "S2": 0.578624884479146,
      "S3": 0.5373632805593407,
      "S4": 0.6496112165255824
    },
    {
      "source": "wai_sleep_recovery_interaction__absolute__c0.3_b0.2",
      "avg_log_loss": 0.6245758516453502,
      "Q1": 0.6676704571498513,
      "Q2": 0.6966921677357523,
      "Q3": 0.671973189254062,
      "S1": 0.5700160741001421,
      "S2": 0.5777748357276101,
      "S3": 0.5397255499932585,
      "S4": 0.6481786875567759
    },
    {
      "source": "best__absolute_plus_deviation__c0.3_b0.1",
      "avg_log_loss": 0.6246402437204839,
      "Q1": 0.6703870520810266,
      "Q2": 0.7028804579912902,
      "Q3": 0.6753899056246451,
      "S1": 0.5725652829206151,
      "S2": 0.5782982172544664,
      "S3": 0.5283124809539718,
      "S4": 0.644648309217372
    },
    {
      "source": "wai_sleep_recovery_interaction__absolute_plus_deviation__c0.1_b0.2",
      "avg_log_loss": 0.6247888752685232,
      "Q1": 0.6670081252112734,
      "Q2": 0.6965829696189636,
      "Q3": 0.6716913362764129,
      "S1": 0.5712026700018469,
      "S2": 0.5792086647240579,
      "S3": 0.5383426951656548,
      "S4": 0.6494856658814532
    },
    {
      "source": "best__absolute__c0.1_b0.2",
      "avg_log_loss": 0.6248055077107109,
      "Q1": 0.6690211013852839,
      "Q2": 0.695985553273431,
      "Q3": 0.6722815756692752,
      "S1": 0.5765698767452224,
      "S2": 0.5785418448526426,
      "S3": 0.5375898762311342,
      "S4": 0.6436487258179873
    },
    {
      "source": "best__absolute__c0.3_b0.1",
      "avg_log_loss": 0.6249111866265454,
      "Q1": 0.6698847948479304,
      "Q2": 0.6995458522566016,
      "Q3": 0.6740936711983416,
      "S1": 0.5753749930363661,
      "S2": 0.5775081864713353,
      "S3": 0.5334034961742707,
      "S4": 0.6445673124009722
    },
    {
      "source": "best__deviation__c0.1_b0.2",
      "avg_log_loss": 0.6249596685358976,
      "Q1": 0.6693083850507102,
      "Q2": 0.6980632857197336,
      "Q3": 0.6714859185179932,
      "S1": 0.5726232263945995,
      "S2": 0.580821999862295,
      "S3": 0.537460926778204,
      "S4": 0.6449539374277473
    },
    {
      "source": "wai_sleep_recovery_interaction__absolute__c0.1_b0.2",
      "avg_log_loss": 0.6250085180140511,
      "Q1": 0.6676875504812328,
      "Q2": 0.695553550194884,
      "Q3": 0.6715145781060796,
      "S1": 0.5723260403326986,
      "S2": 0.579042367311023,
      "S3": 0.5404107483207917,
      "S4": 0.6485247913516481
    },
    {
      "source": "best__deviation__c0.3_b0.1",
      "avg_log_loss": 0.6250272612527505,
      "Q1": 0.6700725952765982,
      "Q2": 0.7019563241492567,
      "Q3": 0.6737967235018937,
      "S1": 0.5730418893912356,
      "S2": 0.5785956079132961,
      "S3": 0.5321986578591992,
      "S4": 0.6455290306777747
    },
    {
      "source": "best__absolute_plus_deviation__c0.03_b0.2",
      "avg_log_loss": 0.6251308923741101,
      "Q1": 0.6711863561957777,
      "Q2": 0.699155691025882,
      "Q3": 0.6737950473649815,
      "S1": 0.5717664486284147,
      "S2": 0.5791178682289152,
      "S3": 0.536995556825799,
      "S4": 0.6438992783490008
    },
    {
      "source": "best__absolute_plus_deviation__c0.1_b0.1",
      "avg_log_loss": 0.6251313543349591,
      "Q1": 0.6710154207922362,
      "Q2": 0.7024244028175395,
      "Q3": 0.6752788531759149,
      "S1": 0.5726215122367455,
      "S2": 0.5782056607878319,
      "S3": 0.5316874047001796,
      "S4": 0.644686225834266
    },
    {
      "source": "best__absolute__c0.1_b0.1",
      "avg_log_loss": 0.6253895211285249,
      "Q1": 0.670323671444731,
      "Q2": 0.6996653105993168,
      "Q3": 0.6745702392813397,
      "S1": 0.5753595973773291,
      "S2": 0.57826809942169,
      "S3": 0.5347706379870129,
      "S4": 0.6447690917882547
    },
    {
      "source": "wai_sleep_recovery_interaction__absolute__c0.3_b0.1",
      "avg_log_loss": 0.6254168625413039,
      "Q1": 0.6696484096344069,
      "Q2": 0.7002036700105249,
      "Q3": 0.6742577877453652,
      "S1": 0.5718280896398177,
      "S2": 0.5782234687045738,
      "S3": 0.536642254045736,
      "S4": 0.6471143580087031
    },
    {
      "source": "wai_sleep_recovery_interaction__deviation__c0.3_b0.2",
      "avg_log_loss": 0.6254544619070745,
      "Q1": 0.6679809308009933,
      "Q2": 0.696204937068554,
      "Q3": 0.6710506963274911,
      "S1": 0.5735199613106244,
      "S2": 0.5814649107080656,
      "S3": 0.5384687627505313,
      "S4": 0.6494910343832622
    },
    {
      "source": "wai_sleep_recovery_interaction__absolute_plus_deviation__c0.03_b0.2",
      "avg_log_loss": 0.6254563926000147,
      "Q1": 0.6673210323117816,
      "Q2": 0.6952478868834819,
      "Q3": 0.671388617753139,
      "S1": 0.5745693990183837,
      "S2": 0.5805387346791756,