{
  "best_source": "targetwise",
  "best_avg_log_loss": 0.623364712658007,
  "best_per_target": {
    "Q1": 0.6686024504947535,
    "Q2": 0.6873929553450941,
    "Q3": 0.6718952726689733,
    "S1": 0.5753453251806162,
    "S2": 0.5798255730243417,
    "S3": 0.5347876459944689,
    "S4": 0.6457037658978014
  },
  "best_drift_vs_reference": {
    "reference": "outputs/v83_repaired_v80/submission_v83_gq015_gs010.csv",
    "mean_abs_drift": 0.067642422678914,
    "max_abs_drift": 0.309572815995634,
    "corr": 0.8760687589640193,
    "target_mean": {
      "Q1": 0.5118894475327742,
      "Q2": 0.5561457446219709,
      "Q3": 0.60295814421775,
      "S1": 0.6866534311530459,
      "S2": 0.6516181952360589,
      "S3": 0.6739255079022918,
      "S4": 0.5632902771516574
    },
    "target_mean_shift": {
      "Q1": 0.001521250630818127,
      "Q2": -0.013172570434489344,
      "Q3": -0.009028617443448506,
      "S1": 0.00404104394194653,
      "S2": 0.007692946582058889,
      "S3": 0.015284687005336198,
      "S4": 0.010276355128970053
    },
    "panel_mean_abs_drift": {
      "early": 0.057383898603670803,
      "mid": 0.07057218447032461,
      "late": 0.07467805497871237
    }
  },
  "best_subject_drift_vs_reference": {
    "id01": 0.04217100143873358,
    "id02": 0.05445354174377553,
    "id03": 0.05879927678738639,
    "id04": 0.07080773614749887,
    "id05": 0.07266367372563678,
    "id06": 0.07704436337491975,
    "id07": 0.08528857816907198,
    "id08": 0.08522133889980328,
    "id09": 0.06654084063516524,
    "id10": 0.06970064800045284
  },
  "best_target_gain_vs_subject_prior": {
    "Q1": 0.004576992669705349,
    "Q2": 0.017617088064205033,
    "Q3": 0.005874957678046022,
    "S1": 0.00035658786960957034,
    "S2": 3.0880054007975666e-05,
    "S3": 0.0,
    "S4": 0.0015682163771156832
  },
  "best_global_source": "only_cross_modal__absolute_plus_deviation__linear_k4_b0.2",
  "best_global_avg_log_loss": 0.6260695953792507,
  "best_global_drift_vs_reference": {
    "reference": "outputs/v83_repaired_v80/submission_v83_gq015_gs010.csv",
    "mean_abs_drift": 0.07147162158353455,
    "max_abs_drift": 0.32799610803645896,
    "corr": 0.8670493304112128,
    "target_mean": {
      "Q1": 0.5011582330124389,
      "Q2": 0.5577582734095241,
      "Q3": 0.5958848735332692,
      "S1": 0.6865422188731779,
      "S2": 0.6520357518752035,
      "S3": 0.6696902167149881,
      "S4": 0.5632902771516574
    },
    "target_mean_shift": {
      "Q1": -0.009209963889517066,
      "Q2": -0.011560041646936033,
      "Q3": -0.016101888127929172,
      "S1": 0.003929831662078538,
      "S2": 0.008110503221203512,
      "S3": 0.011049395818032472,
      "S4": 0.010276355128970053
    },
    "panel_mean_abs_drift": {
      "early": 0.060868087053871735,
      "mid": 0.07515326793180852,
      "late": 0.07810589434265941
    }
  },
  "targetwise_avg_log_loss": 0.623364712658007,
  "targetwise_drift_vs_reference": {
    "reference": "outputs/v83_repaired_v80/submission_v83_gq015_gs010.csv",
    "mean_abs_drift": 0.067642422678914,
    "max_abs_drift": 0.309572815995634,
    "corr": 0.8760687589640193,
    "target_mean": {
      "Q1": 0.5118894475327742,
      "Q2": 0.5561457446219709,
      "Q3": 0.60295814421775,
      "S1": 0.6866534311530459,
      "S2": 0.6516181952360589,
      "S3": 0.6739255079022918,
      "S4": 0.5632902771516574
    },
    "target_mean_shift": {
      "Q1": 0.001521250630818127,
      "Q2": -0.013172570434489344,
      "Q3": -0.009028617443448506,
      "S1": 0.00404104394194653,
      "S2": 0.007692946582058889,
      "S3": 0.015284687005336198,
      "S4": 0.010276355128970053
    },
    "panel_mean_abs_drift": {
      "early": 0.057383898603670803,
      "mid": 0.07057218447032461,
      "late": 0.07467805497871237
    }
  },
  "targetwise_sources": {
    "Q1": "only_event__absolute__lowrank_r2_k1_wd0.1_b0.2",
    "Q2": "only_cross_modal__absolute__linear_k4_b0.2",
    "Q3": "no_sleep__absolute_plus_deviation__mlp_h2_k4_wd0.1_b0.2",
    "S1": "only_cross_modal__absolute_plus_deviation__lowrank_r2_k4_wd0.1_b0.1",
    "S2": "only_event__absolute__lowrank_r2_k1_wd0.1_b0.1",
    "S3": "subject_prior",
    "S4": "only_cross_modal__absolute_plus_deviation__linear_k4_b0.2"
  },
  "targetwise_source_losses": {
    "Q1": 0.6686024504947535,
    "Q2": 0.6873929553450941,
    "Q3": 0.6718952726689733,
    "S1": 0.5753453251806162,
    "S2": 0.5798255730243417,
    "S3": 0.5347876459944689,
    "S4": 0.6457037658978014
  },
  "subject_prior_avg_log_loss": 0.6276539587598199,
  "n_candidates": 362,
  "views": [
    "no_sleep",
    "only_cross_modal",
    "only_event",
    "only_rhythm"
  ],
  "device": "mps"
}