{
  "view": "only_cross_modal",
  "channels_selected": 2,
  "channel_groups_selected": [
    "cross_modal"
  ],
  "include_mask": true,
  "latent_dim": 24,
  "input_dim": 192,
  "pca_reconstruction_mse": 0.27192139625549316,
  "pca_explained_variance": 0.7280787229537964,
  "subject_leakage_acc": 0.5371428571428571,
  "train_sample_mean_l2": 1.3264793157577515,
  "train_sample_std_l2": 6.332947254180908,
  "adjacent_cosine_mean": 0.2515139707364142,
  "random_cosine_mean": 0.016013817814435217,
  "temporal_locality_gap": 0.23550015292197896,
  "same_subject_nn_rate": 0.47,
  "mean_neighbor_day_gap": 34.97714285714286
}