{
  "base_avg_log_loss": 0.5860964804890776,
  "base_targets": {
    "Q1": 0.6383771659330986,
    "Q2": 0.6503050342800608,
    "Q3": 0.6259927387875206,
    "S1": 0.5555254174976476,
    "S2": 0.538515287507919,
    "S3": 0.49942748314790253,
    "S4": 0.5945322362693936
  },
  "best": {
    "name": "graph_sleep_temporal_label_min3_w0.8",
    "weight": 0.8,
    "avg_log_loss": 0.5844632314577459,
    "delta_vs_base": 0.0016332490313316628,
    "fold_std": 0.011501547320579989,
    "worst_fold": 0.6072134778099139,
    "improved_folds": 5,
    "worst_target_delta": 0.0,
    "promote": true,
    "Q1": 0.6383487136931539,
    "Q2": 0.6503050342800608,
    "Q3": 0.6254905558195907,
    "S1": 0.5551679095830784,
    "S2": 0.5292196070733155,
    "S3": 0.49841585304667624,
    "S4": 0.5942949467083457,
    "improvement": 0.0016332490313316311,
    "improvement_p025": 0.00017244740902570393,
    "improvement_p500": 0.001636205622139088,
    "improvement_p975": 0.0031292393518576917
  },
  "args": {
    "train_path": "data/ch2026_metrics_train.csv",
    "sample_path": "data/ch2026_submission_sample.csv",
    "base_oof": "outputs/blend_graph_sleep_min3/oof_candidate_probability_blend.csv",
    "base_submission": "outputs/blend_graph_sleep_min3/submission_candidate_probability_blend.csv",
    "candidate_oof": "outputs/temporal_label_decoder_on_graph_sleep_min3/oof_temporal_label_decoder.csv",
    "candidate_submission": "outputs/temporal_label_decoder_on_graph_sleep_min3/submission_temporal_label_decoder.csv",
    "output_dir": "outputs/blend_graph_sleep_temporal_label_min3",
    "name": "graph_sleep_temporal_label_min3",
    "weights": "0.05,0.1,0.15,0.2,0.25,0.3,0.4,0.5,0.65,0.8,1.0",
    "folds": 5,
    "bootstrap": 5000,
    "seed": 2026,
    "max_target_regression": 0.001
  }
}