{
  "base_candidate": "primary_w03",
  "base_avg_log_loss": 0.583797792989271,
  "base_targets": {
    "Q1": 0.6373676761965493,
    "Q2": 0.6503050342800608,
    "Q3": 0.6229202717319089,
    "S1": 0.5542725406575977,
    "S2": 0.5292196070733155,
    "S3": 0.49841585304667624,
    "S4": 0.5940835679387884
  },
  "final_avg_log_loss": 0.583797792989271,
  "final_targets": {
    "Q1": 0.6373676761965493,
    "Q2": 0.6503050342800608,
    "Q3": 0.6229202717319089,
    "S1": 0.5542725406575977,
    "S2": 0.5292196070733155,
    "S3": 0.49841585304667624,
    "S4": 0.5940835679387884
  },
  "candidate_names": [
    "primary_w03",
    "temporal_label_min3",
    "targetwise_resid",
    "master_resid_raw",
    "graph_after_temporal",
    "calendar_min3",
    "markov_min3",
    "sleep_metric_min3",
    "q_ranker_tuned",
    "graph_sleep",
    "guarded"
  ],
  "panel_features": [
    "panel_index",
    "panel_position",
    "weekday_sin",
    "weekday_cos",
    "subject_id01",
    "subject_id02",
    "subject_id03",
    "subject_id04",
    "subject_id05",
    "subject_id06",
    "subject_id07",
    "subject_id08",
    "subject_id09",
    "subject_id10"
  ],
  "selection": [
    {
      "target": "Q1",
      "log_loss": 0.6376561234536217,
      "base_log_loss": 0.6373676761965493,
      "delta_vs_base": -0.0002884472570723329,
      "stack_name": "stack_all_targets_C0.001",
      "feature_set": "all_targets",
      "c_value": 0.001,
      "blend_weight": 0.05,
      "folds_improved": 1,
      "used": false
    },
    {
      "target": "Q2",
      "log_loss": 0.6495256007297788,
      "base_log_loss": 0.6503050342800608,
      "delta_vs_base": 0.0007794335502819827,
      "stack_name": "stack_same_target_C0.1",
      "feature_set": "same_target",
      "c_value": 0.1,
      "blend_weight": 0.2,
      "folds_improved": 3,
      "used": false
    },
    {
      "target": "Q3",
      "log_loss": 0.6231733253324997,
      "base_log_loss": 0.6229202717319089,
      "delta_vs_base": -0.0002530536005908024,
      "stack_name": "stack_same_target_C0.1",
      "feature_set": "same_target",
      "c_value": 0.1,
      "blend_weight": 0.05,
      "folds_improved": 2,
      "used": false
    },
    {
      "target": "S1",
      "log_loss": 0.5545658523533185,
      "base_log_loss": 0.5542725406575977,
      "delta_vs_base": -0.0002933116957207771,
      "stack_name": "stack_same_target_C0.1",
      "feature_set": "same_target",
      "c_value": 0.1,
      "blend_weight": 0.05,
      "folds_improved": 3,
      "used": false
    },
    {
      "target": "S2",
      "log_loss": 0.529237001526392,
      "base_log_loss": 0.5292196070733155,
      "delta_vs_base": -1.739445307646914e-05,
      "stack_name": "stack_same_target_C0.1",
      "feature_set": "same_target",
      "c_value": 0.1,
      "blend_weight": 0.05,
      "folds_improved": 3,
      "used": false
    },
    {
      "target": "S3",
      "log_loss": 0.4985048171490324,
      "base_log_loss": 0.49841585304667624,
      "delta_vs_base": -8.896410235614827e-05,
      "stack_name": "stack_same_target_C0.1",
      "feature_set": "same_target",
      "c_value": 0.1,
      "blend_weight": 0.05,
      "folds_improved": 3,
      "used": false
    },
    {
      "target": "S4",
      "log_loss": 0.5942824611630213,
      "base_log_loss": 0.5940835679387884,
      "delta_vs_base": -0.0001988932242329433,
      "stack_name": "stack_same_target_C0.03",
      "feature_set": "same_target",
      "c_value": 0.03,
      "blend_weight": 0.05,
      "folds_improved": 2,
      "used": false
    }
  ],
  "top_candidates": [
    {
      "name": "blend_w0.05_stack_same_target_C0.1",
      "stack_name": "stack_same_target_C0.1",
      "feature_set": "same_target",
      "c_value": 0.1,
      "blend_weight": 0.05,
      "avg_log_loss": 0.5839406009990081,
      "Q1": 0.6378237626929311,
      "Q2": 0.6499829869703467,
      "Q3": 0.6231733253324997,
      "S1": 0.5545658523533185,
      "S2": 0.529237001526392,
      "S3": 0.4985048171490324,
      "S4": 0.5942964609685368
    },
    {
      "name": "blend_w0.05_stack_same_target_C0.03",
      "stack_name": "stack_same_target_C0.03",
      "feature_set": "same_target",
      "c_value": 0.03,
      "blend_weight": 0.05,
      "avg_log_loss": 0.5840139771965307,
      "Q1": 0.6377615856233135,
      "Q2": 0.6502629014804219,
      "Q3": 0.6232614582304569,
      "S1": 0.5545700308289644,
      "S2": 0.5292783075901828,
      "S3": 0.4986810954593542,
      "S4": 0.5942824611630213
    },
    {
      "name": "blend_w0.05_stack_same_target_C0.01",
      "stack_name": "stack_same_target_C0.01",
      "feature_set": "same_target",
      "c_value": 0.01,
      "blend_weight": 0.05,
      "avg_log_loss": 0.5841030558031087,
      "Q1": 0.6377301174110049,
      "Q2": 0.6506114658408341,
      "Q3": 0.6232908774632583,
      "S1": 0.5546158185738301,
      "S2": 0.5293769821012391,
      "S3": 0.498786904654228,
      "S4": 0.5943092245773667
    },
    {
      "name": "blend_w0.1_stack_same_target_C0.1",
      "stack_name": "stack_same_target_C0.1",
      "feature_set": "same_target",
      "c_value": 0.1,
      "blend_weight": 0.1,
      "avg_log_loss": 0.5841125877909742,
      "Q1": 0.6382947471369668,
      "Q2": 0.6497452430469841,
      "Q3": 0.623455444888635,
      "S1": 0.5548831669860741,
      "S2": 0.529269691426194,
      "S3": 0.49860169724572156,
      "S4": 0.5945381238062436
    },
    {
      "name": "blend_w0.1_stack_same_target_C0.03",
      "stack_name": "stack_same_target_C0.03",
      "feature_set": "same_target",
      "c_value": 0.03,
      "blend_weight": 0.1,
      "avg_log_loss": 0.5842499282857566,
      "Q1": 0.6381658167638007,
      "Q2": 0.650282145006352,
      "Q3": 0.6236222053582071,
      "S1": 0.5548843102577273,
      "S2": 0.5293427876552554,
      "S3": 0.4989504775176623,
      "S4": 0.594501755441292
    },
    {
      "name": "blend_w0.05_stack_same_target_C0.003",
      "stack_name": "stack_same_target_C0.003",
      "feature_set": "same_target",
      "c_value": 0.003,
      "blend_weight": 0.05,
      "avg_log_loss": 0.5842777169099138,
      "Q1": 0.6377559132059607,
      "Q2": 0.6509707618153422,
      "Q3": 0.6233378588334957,
      "S1": 0.5547734300654743,
      "S2": 0.5296273622138918,
      "S3": 0.49899409888191687,
      "S4": 0.5944845933533148
    },
    {
      "name": "blend_w0.15_stack_same_target_C0.1",
      "stack_name": "stack_same_target_C0.1",
      "feature_set": "same_target",
      "c_value": 0.1,
      "blend_weight": 0.15,
      "avg_log_loss": 0.584314130681718,
      "Q1": 0.6387807726988914,
      "Q2": 0.6495925045260504,
      "Q3": 0.6237671746942063,
      "S1": 0.5552247941708826,
      "S2": 0.5293178277130779,
      "S3": 0.4987066131101118,
      "S4": 0.5948092278588056
    },
    {
      "name": "blend_w0.1_stack_same_target_C0.01",
      "stack_name": "stack_same_target_C0.01",
      "feature_set": "same_target",
      "c_value": 0.01,
      "blend_weight": 0.1,
      "avg_log_loss": 0.5844204397653255,
      "Q1": 0.638098930887119,
      "Q2": 0.6509604520812875,
      "Q3": 0.6236715901699135,
      "S1": 0.5549682676986547,
      "S2": 0.5295361326917928,
      "S3": 0.4991626801271295,
      "S4": 0.5945450247013818
    },
    {
      "name": "blend_w0.15_stack_same_target_C0.03",
      "stack_name": "stack_same_target_C0.03",
      "feature_set": "same_target",
      "c_value": 0.03,
      "blend_weight": 0.15,
      "avg_log_loss": 0.5845059091559761,
      "Q1": 0.6385804498554418,
      "Q2": 0.6503634006361724,
      "Q3": 0.6240029023369403,
      "S1": 0.5552155845244846,
      "S2": 0.5294130903685597,
      "S3": 0.4992240453038084,
      "S4": 0.5947418910664248
    },
    {
      "name": "blend_w0.2_stack_same_target_C0.1",
      "stack_name": "stack_same_target_C0.1",
      "feature_set": "same_target",
      "c_value": 0.1,
      "blend_weight": 0.2,