target,oof_logloss,target_rate,fold_logloss_mean,fold_logloss_max
Q1,0.6820139321497443,0.4955555555555556,0.6825160393159659,0.7031051703852533
Q2,0.6916367209383575,0.5622222222222222,0.6920834142130443,0.7690319753540859
Q3,0.6610341195397035,0.6,0.6605480806518822,0.6776979129067888
S1,0.6066571701445639,0.6822222222222222,0.607025542407355,0.6443584484503717
S2,0.610014545708785,0.6511111111111111,0.6106255449471905,0.6664004266284491
S3,0.5897341145645151,0.6622222222222223,0.5910783664098578,0.6831103065253513
S4,0.6723723954579671,0.56,0.6721199989113213,0.6991686514499975
