{
  "baseline": "trp_base",
  "promotion_rule": {
    "overall_p025": "> 0",
    "late_delta": ">= -0.0015",
    "tail20_delta": ">= -0.0025",
    "worst_subject_delta": ">= -0.006",
    "worst_late_target_delta": ">= -0.01"
  },
  "summary": [
    {
      "name": "trp_plus_gru28_s3tail_w100",
      "avg_log_loss": 0.5741376509308571,
      "overall_p025": -4.189952695093148e-05,
      "overall_improvement": 9.003848189665659e-05,
      "early_delta": 0.0,
      "mid_delta": 0.0,
      "late_delta": 0.0002665612950887297,
      "tail20_delta": 0.00042649807214201196,
      "late_p025": -0.00012123161133213813,
      "tail20_p025": -0.0002116928615663642,
      "worst_subject_delta": -0.0001926216230738742,
      "worst_late_target_delta": 0.0,
      "promote": false
    },
    {
      "name": "trp_base",
      "avg_log_loss": 0.5742276894127538,
      "overall_p025": 0.0,
      "overall_improvement": 0.0,
      "early_delta": 0.0,
      "mid_delta": 0.0,
      "late_delta": 0.0,
      "tail20_delta": 0.0,
      "late_p025": 0.0,
      "tail20_p025": 0.0,
      "worst_subject_delta": 0.0,
      "worst_late_target_delta": 0.0,
      "promote": false
    }
  ]
}