target,selected_loss,base_loss,delta_vs_base,most_common_family
Q1,0.6691817177735858,0.6691817177735858,0.0,best_late_fusion
Q2,0.6964101312453439,0.7016929759704349,-0.005282844725090952,trajectory_proto
Q3,0.6763943324689933,0.6738888587098408,0.0025054737591523766,trajectory_proto
S1,0.5708954587854569,0.5708954587854569,0.0,best_late_fusion
S2,0.5783156553303062,0.5783156553303062,0.0,best_late_fusion
S3,0.5251202551583003,0.5251202551583003,0.0,best_late_fusion
S4,0.6453856569814593,0.6432464279775342,0.0021392290039250693,best_late_fusion
