{
  "base_avg_log_loss": 0.5871761592107951,
  "base_targets": {
    "Q1": 0.6387339722449896,
    "Q2": 0.650808400274064,
    "Q3": 0.6265411801029656,
    "S1": 0.5577800240494796,
    "S2": 0.5395500479588548,
    "S3": 0.49996489067105887,
    "S4": 0.5968545991741533
  },
  "best": {
    "name": "guarded_graph_min4_w1",
    "weight": 1.0,
    "avg_log_loss": 0.5869211865310253,
    "delta_vs_base": 0.00025497267976981597,
    "fold_std": 0.01124006514964079,
    "worst_fold": 0.6088829749074023,
    "improved_folds": 4,
    "worst_target_delta": 0.0,
    "promote": false,
    "Q1": 0.6387339722449896,
    "Q2": 0.6498841686227959,
    "Q3": 0.6265411801029656,
    "S1": 0.5577800240494796,
    "S2": 0.5395500479588548,
    "S3": 0.4991043135639388,
    "S4": 0.5968545991741533,
    "improvement": 0.0002549726797696983,
    "improvement_p025": -0.00043786884600932564,
    "improvement_p500": 0.00024682640574380695,
    "improvement_p975": 0.0009340441666526999
  },
  "args": {
    "train_path": "data/ch2026_metrics_train.csv",
    "sample_path": "data/ch2026_submission_sample.csv",
    "base_oof": "outputs/fold_guarded_targetwise_smoothing/oof_fold_guarded_targetwise_ensemble.csv",
    "base_submission": "outputs/fold_guarded_targetwise_smoothing/submission_fold_guarded_targetwise_ensemble.csv",
    "candidate_oof": "outputs/graph_diffusion_on_guarded_idlong/oof_graph_diffusion_decoder.csv",
    "candidate_submission": "outputs/graph_diffusion_on_guarded_idlong/submission_graph_diffusion_decoder.csv",
    "output_dir": "outputs/blend_guarded_graph_min4",
    "name": "guarded_graph_min4",
    "weights": "0.05,0.1,0.15,0.2,0.25,0.3,0.4,0.5,0.65,0.8,1.0",
    "folds": 5,
    "bootstrap": 5000,
    "seed": 2026,
    "max_target_regression": 0.001
  }
}