{
  "view": "only_cross_modal",
  "encoder_type": "transformer",
  "encoder_params": 2807,
  "device": "mps",
  "sequence": {
    "n_days": 700.0,
    "n_base_features": 22.0,
    "n_token_features": 95.0,
    "mean_missing_fraction": 0.08419372294372295,
    "add_deviation_features": 1.0
  },
  "n_features": 95,
  "epochs": 50,
  "final_ssl_loss": 0.5451269333703177,
  "best_global_source": "transformer_ridge_resid_a1_w0p2",
  "best_global_avg_log_loss": 0.6269847747635832,
  "best_global_per_target": {
    "Q1": 0.6731471937376085,
    "Q2": 0.6937868584162339,
    "Q3": 0.6781729956231147,
    "S1": 0.5771141357345216,
    "S2": 0.5827110474534014,
    "S3": 0.5348671450500212,
    "S4": 0.6490940473301812
  },
  "targetwise_avg_log_loss": 0.623492583107067,
  "targetwise_per_target": {
    "Q1": 0.6721770581393399,
    "Q2": 0.6844047927085808,
    "Q3": 0.672004921120166,
    "S1": 0.5757019130502258,
    "S2": 0.5798564530783497,
    "S3": 0.5330309613778893,
    "S4": 0.6472719822749171
  },
  "targetwise_sources": {
    "Q1": "subject_prior_a16",
    "Q2": "transformer_logreg_c0p3_w0p35",
    "Q3": "transformer_logreg_c0p1_w0p35",
    "S1": "subject_prior_a8",
    "S2": "subject_prior_a8",
    "S3": "subject_prior_a4",
    "S4": "subject_prior_a8"
  },
  "targetwise_source_losses": {
    "Q1": 0.6721770581393399,
    "Q2": 0.6844047927085808,
    "Q3": 0.672004921120166,
    "S1": 0.5757019130502258,
    "S2": 0.5798564530783497,
    "S3": 0.5330309613778893,
    "S4": 0.6472719822749171
  },
  "drift_vs_reference_best_global": {
    "reference": "outputs/v83_repaired_v80/submission_v83_gq015_gs010.csv",
    "mean_abs_drift": 0.0637604745077782,
    "max_abs_drift": 0.3408903291447792,
    "corr": 0.8784392723418881,
    "target_mean": {
      "Q1": 0.5016518287620597,
      "Q2": 0.5536371057012262,
      "Q3": 0.5989452839291919,
      "S1": 0.6905829897360347,
      "S2": 0.6586194997683051,
      "S3": 0.6699221190636834,
      "S4": 0.5587153903352516
    },
    "target_mean_shift": {
      "Q1": -0.008716368139896341,
      "Q2": -0.01568120935523411,
      "Q3": -0.013041477732006479,
      "S1": 0.007970602524935385,
      "S2": 0.014694251114305227,
      "S3": 0.011281298166727837,
      "S4": 0.005701468312564136
    },
    "panel_mean_abs_drift": {
      "early": 0.04929197325233188,
      "mid": 0.06438693623464205,
      "late": 0.07710660132680058
    }
  },
  "drift_vs_reference_targetwise": {
    "reference": "outputs/v83_repaired_v80/submission_v83_gq015_gs010.csv",
    "mean_abs_drift": 0.06658915338264558,
    "max_abs_drift": 0.3105384269380391,
    "corr": 0.8666436405762813,
    "target_mean": {
      "Q1": 0.49965650813885837,
      "Q2": 0.5502956927797147,
      "Q3": 0.5959422601460789,
      "S1": 0.6923877866215694,
      "S2": 0.6582781981365899,
      "S3": 0.6743072986995421,
      "S4": 0.5592527565880283
    },
    "target_mean_shift": {
      "Q1": -0.01071168876309774,
      "Q2": -0.019022622276745466,
      "Q3": -0.016044501515119478,
      "S1": 0.009775399410469864,
      "S2": 0.014352949482590006,
      "S3": 0.01566647780258651,
      "S4": 0.006238834565341037
    },
    "panel_mean_abs_drift": {
      "early": 0.05233393833037036,
      "mid": 0.06816478440588288,
      "late": 0.0788026858456794
    }
  },
  "ssl_loss_history": [
    1.4590052904401507,
    1.4020410346984864,
    1.3926007264001028,
    1.3466509873526438,
    1.312427054132734,
    1.270690803527832,
    1.2542715031760079,
    1.1871999761036465,
    1.1482607214791434,
    1.1030340385437012,
    1.051154979297093,
    1.006204547200884,
    0.9386851283482143,
    0.8895635546956744,
    0.8461712230954851,
    0.8092502222742353,
    0.7878713165010724,
    0.7369571583611625,
    0.7399662297112601,
    0.6875636669567653,
    0.6932981222016471,
    0.6693723658152989,
    0.683028975214277,
    0.6519267913273402,
    0.6534230293546404,
    0.6303335567883083,
    0.6388306273732867,
    0.6318231044496809,
    0.6016392098154341,
    0.6232322747366769,
    0.6184527751377651,
    0.6127861881256104,
    0.5860350016185215,
    0.5745321907315936,
    0.5908134235654559,
    0.5632580855914525,
    0.5657245479311261,
    0.5643522555487497,
    0.556198741708483,
    0.5463715607779367,
    0.5500146010943822,
    0.5321556173052107,
    0.5436080551147461,
    0.5267183251040323,
    0.5356244059971401,
    0.547660916192191,
    0.5393229913711548,
    0.5388753209795271,
    0.5442822360992432,
    0.5451269333703177
  ]
}