{
  "latent_specs": {
    "best": "artifacts/domain_best_late_fusion_v1.parquet",
    "sot_last_event_latency": "artifacts/domain_sleep_onset_transition_last_event_latency_v1.parquet",
    "sot_shutdown_slope": "artifacts/domain_sleep_onset_transition_shutdown_slope_v1.parquet",
    "sot_prebed_fragmentation": "artifacts/domain_sleep_onset_transition_prebed_fragmentation_v1.parquet",
    "sot_light_environment_transition": "artifacts/domain_sleep_onset_transition_light_environment_transition_v1.parquet",
    "sot_charging_settle": "artifacts/domain_sleep_onset_transition_charging_settle_v1.parquet",
    "sot_onset_consensus": "artifacts/domain_sleep_onset_transition_onset_consensus_v1.parquet"
  },
  "n_folds": 5,
  "prior_alpha": 8.0,
  "c_values": [
    0.03,
    0.1,
    0.3
  ],
  "blends": [
    0.05,
    0.1,
    0.2
  ],
  "subject_prior_avg_log_loss": 0.6276539587598199,
  "subject_prior_per_target": {
    "Q1": 0.6731794431644589,
    "Q2": 0.7050100434092992,
    "Q3": 0.6777702303470193,
    "S1": 0.5757019130502258,
    "S2": 0.5798564530783497,
    "S3": 0.5347876459944689,
    "S4": 0.6472719822749171
  },
  "best_source": "best__absolute_plus_deviation__c0.3_b0.2",
  "best_avg_log_loss": 0.6229613176952576,
  "best_delta_vs_subject_prior": -0.004692641064562242,
  "top_scores": [
    {
      "source": "best__absolute_plus_deviation__c0.3_b0.2",
      "avg_log_loss": 0.6229613176952576,
      "Q1": 0.6689861051722832,
      "Q2": 0.7020978592408005,
      "Q3": 0.6741574430886071,
      "S1": 0.5709585946396454,
      "S2": 0.5775006583045229,
      "S3": 0.5239268911855993,
      "S4": 0.6431016722353451
    },
    {
      "source": "best__absolute_plus_deviation__c0.1_b0.2",
      "avg_log_loss": 0.6237927803338889,
      "Q1": 0.6700346459207199,
      "Q2": 0.7010001209828194,
      "Q3": 0.6736543305290845,
      "S1": 0.570926638022677,
      "S2": 0.5773858608726387,
      "S3": 0.530509557959145,
      "S4": 0.6430383080501377
    },
    {
      "source": "best__deviation__c0.3_b0.2",
      "avg_log_loss": 0.6240101458125175,
      "Q1": 0.6684858700909789,
      "Q2": 0.7005359830135,
      "Q3": 0.6709453564867801,
      "S1": 0.5722806991144583,
      "S2": 0.5788038606570198,
      "S3": 0.5319263483329497,
      "S4": 0.6450929029919353
    },
    {
      "source": "best__absolute__c0.3_b0.2",
      "avg_log_loss": 0.6241173933055804,
      "Q1": 0.6684824693681113,
      "Q2": 0.6960139424354125,
      "Q3": 0.6715958320010429,
      "S1": 0.5767896497254626,
      "S2": 0.57712377584321,
      "S3": 0.5353697319901312,
      "S4": 0.6434463517756924
    },
    {
      "source": "sot_prebed_fragmentation__absolute_plus_deviation__c0.03_b0.2",
      "avg_log_loss": 0.6243130925060312,
      "Q1": 0.6669027763573766,
      "Q2": 0.6996603064743409,
      "Q3": 0.6785914104976506,
      "S1": 0.578534416240432,
      "S2": 0.5744202230906715,
      "S3": 0.531156247027504,
      "S4": 0.6409262678542422
    },
    {
      "source": "sot_prebed_fragmentation__absolute__c0.1_b0.2",
      "avg_log_loss": 0.6243500853755445,
      "Q1": 0.666062668139273,
      "Q2": 0.6964415130428138,
      "Q3": 0.6782304696288793,
      "S1": 0.5792956085287242,
      "S2": 0.5751549931553341,
      "S3": 0.5344458336741881,
      "S4": 0.6408195114595987
    },
    {
      "source": "sot_onset_consensus__deviation__c0.03_b0.2",
      "avg_log_loss": 0.6244569269045703,
      "Q1": 0.6652113894188422,
      "Q2": 0.6993246076119835,
      "Q3": 0.678773175660253,
      "S1": 0.5772116165338861,
      "S2": 0.5794142782110437,
      "S3": 0.5309636817348067,
      "S4": 0.6402997391611774
    },
    {
      "source": "sot_prebed_fragmentation__absolute__c0.3_b0.2",
      "avg_log_loss": 0.6245109361385647,
      "Q1": 0.6679660202610496,
      "Q2": 0.6952020794742628,
      "Q3": 0.6798533285057731,
      "S1": 0.5800676958296062,
      "S2": 0.5745133714591493,
      "S3": 0.5336918871110065,
      "S4": 0.6402821703291048
    },
    {
      "source": "sot_prebed_fragmentation__absolute_plus_deviation__c0.1_b0.2",
      "avg_log_loss": 0.624517368957047,
      "Q1": 0.6689738492655718,
      "Q2": 0.6983751203448691,
      "Q3": 0.6805480265979531,
      "S1": 0.5800729160232234,
      "S2": 0.5737673993547286,
      "S3": 0.5300790910388048,
      "S4": 0.6398051800741779
    },
    {
      "source": "sot_onset_consensus__absolute_plus_deviation__c0.03_b0.2",
      "avg_log_loss": 0.6245390430639042,
      "Q1": 0.6651039804119845,
      "Q2": 0.7008290409269912,
      "Q3": 0.6832875725688909,
      "S1": 0.5780081171059326,
      "S2": 0.5789409982436795,
      "S3": 0.5278225921673257,
      "S4": 0.6377810000225251
    },
    {
      "source": "sot_prebed_fragmentation__absolute__c0.03_b0.2",
      "avg_log_loss": 0.6245575210179088,
      "Q1": 0.6649542239236245,
      "Q2": 0.6979356869416796,
      "Q3": 0.6762242496994256,
      "S1": 0.5787040428892468,
      "S2": 0.5764586943092023,
      "S3": 0.5363575457252704,
      "S4": 0.6412682036369122
    },
    {
      "source": "best__absolute_plus_deviation__c0.3_b0.1",
      "avg_log_loss": 0.6246402437204839,
      "Q1": 0.6703870520810266,
      "Q2": 0.7028804579912902,
      "Q3": 0.6753899056246451,
      "S1": 0.5725652829206151,
      "S2": 0.5782982172544664,
      "S3": 0.5283124809539718,
      "S4": 0.644648309217372
    },
    {
      "source": "best__absolute__c0.1_b0.2",
      "avg_log_loss": 0.6248055077107109,
      "Q1": 0.6690211013852839,
      "Q2": 0.695985553273431,
      "Q3": 0.6722815756692752,
      "S1": 0.5765698767452224,
      "S2": 0.5785418448526426,
      "S3": 0.5375898762311342,
      "S4": 0.6436487258179873
    },
    {
      "source": "sot_onset_consensus__deviation__c0.1_b0.2",
      "avg_log_loss": 0.6248413123430547,
      "Q1": 0.6647243519092071,
      "Q2": 0.6991941266264735,
      "Q3": 0.6814782700542322,
      "S1": 0.577979663745272,
      "S2": 0.5819093310435357,
      "S3": 0.5286302386864546,
      "S4": 0.639973204336208
    },
    {
      "source": "sot_prebed_fragmentation__deviation__c0.03_b0.2",
      "avg_log_loss": 0.6248790095673776,
      "Q1": 0.6666100098171537,
      "Q2": 0.7016288077497727,
      "Q3": 0.676657751144461,
      "S1": 0.5780105890270715,
      "S2": 0.5750683866788611,
      "S3": 0.5322089295494512,
      "S4": 0.643968593004872
    },
    {
      "source": "best__absolute__c0.3_b0.1",
      "avg_log_loss": 0.6249111866265454,
      "Q1": 0.6698847948479304,
      "Q2": 0.6995458522566016,
      "Q3": 0.6740936711983416,
      "S1": 0.5753749930363661,
      "S2": 0.5775081864713353,
      "S3": 0.5334034961742707,
      "S4": 0.6445673124009722
    },
    {
      "source": "best__deviation__c0.1_b0.2",
      "avg_log_loss": 0.6249596685358976,
      "Q1": 0.6693083850507102,
      "Q2": 0.6980632857197336,
      "Q3": 0.6714859185179932,
      "S1": 0.5726232263945995,
      "S2": 0.580821999862295,
      "S3": 0.537460926778204,
      "S4": 0.6449539374277473
    },
    {
      "source": "sot_prebed_fragmentation__deviation__c0.1_b0.2",
      "avg_log_loss": 0.6249675107532969,
      "Q1": 0.6681977513484723,
      "Q2": 0.7000353970383915,
      "Q3": 0.6778248195106233,
      "S1": 0.5796640154205402,
      "S2": 0.5749293028027754,
      "S3": 0.5302615105400013,
      "S4": 0.6438597786122743
    },
    {
      "source": "sot_prebed_fragmentation__absolute_plus_deviation__c0.3_b0.2",
      "avg_log_loss": 0.6249780219926151,
      "Q1": 0.6712382580396052,
      "Q2": 0.6972562817765566,
      "Q3": 0.681893255585079,
      "S1": 0.5817599599887303,
      "S2": 0.5734458514150773,
      "S3": 0.5305686496313311,
      "S4": 0.6386838975119257
    },
    {
      "source": "best__deviation__c0.3_b0.1",
      "avg_log_loss": 0.6250272612527505,
      "Q1": 0.6700725952765982,
      "Q2": 0.7019563241492567,
      "Q3": 0.6737967235018937,
      "S1": 0.5730418893912356,