feature_set,subject_id_accuracy,chance_accuracy,leakage_lift_vs_chance
raw_lifelog_pca,0.9577777777777777,0.12666666666666668,0.831111111111111
existing_cohort_human_state,0.9133333333333333,0.12666666666666668,0.7866666666666666
routine_break_predicted,0.09777777777777778,0.12666666666666668,-0.028888888888888895
routine_break_energy,0.10666666666666667,0.12666666666666668,-0.020000000000000004
routine_break_observed,0.2111111111111111,0.12666666666666668,0.08444444444444443
routine_break_full,0.16444444444444445,0.12666666666666668,0.03777777777777777
