{
  "view": "no_sleep",
  "encoder_type": "gru",
  "encoder_params": 6239,
  "device": "mps",
  "sequence": {
    "n_days": 700.0,
    "n_base_features": 82.0,
    "n_token_features": 335.0,
    "mean_missing_fraction": 0.08443706445993032,
    "add_deviation_features": 1.0
  },
  "n_features": 335,
  "epochs": 50,
  "final_ssl_loss": 0.45194612179483684,
  "best_global_source": "transformer_logreg_c0p1_w0p1",
  "best_global_avg_log_loss": 0.6272327417708115,
  "best_global_per_target": {
    "Q1": 0.6720333296128933,
    "Q2": 0.6987834111093045,
    "Q3": 0.6764059738652933,
    "S1": 0.5770411776899609,
    "S2": 0.58051036411221,
    "S3": 0.538351236539013,
    "S4": 0.6475036994670056
  },
  "targetwise_avg_log_loss": 0.6236621713254379,
  "targetwise_per_target": {
    "Q1": 0.6714185420446329,
    "Q2": 0.6882511748348307,
    "Q3": 0.6738228049000621,
    "S1": 0.5756622863756566,
    "S2": 0.5773376028221648,
    "S3": 0.5330309613778893,
    "S4": 0.6461118269228292
  },
  "targetwise_sources": {
    "Q1": "transformer_logreg_c0p03_w0p2",
    "Q2": "transformer_logreg_c0p1_w0p35",
    "Q3": "subject_prior_a16",
    "S1": "transformer_ridge_resid_a20_w0p05",
    "S2": "transformer_ridge_resid_a1_w0p35",
    "S3": "subject_prior_a4",
    "S4": "transformer_ridge_resid_a1_w0p35"
  },
  "targetwise_source_losses": {
    "Q1": 0.6714185420446329,
    "Q2": 0.6882511748348307,
    "Q3": 0.6738228049000621,
    "S1": 0.5756622863756566,
    "S2": 0.5773376028221648,
    "S3": 0.5330309613778893,
    "S4": 0.6461118269228292
  },
  "drift_vs_reference_best_global": {
    "reference": "outputs/v83_repaired_v80/submission_v83_gq015_gs010.csv",
    "mean_abs_drift": 0.06629720023196853,
    "max_abs_drift": 0.29911618297545917,
    "corr": 0.8819059489435086,
    "target_mean": {
      "Q1": 0.5012934305746297,
      "Q2": 0.5593835464705494,
      "Q3": 0.6024715884577465,
      "S1": 0.6901442932841579,
      "S2": 0.6563440387563451,
      "S3": 0.6699484300332302,
      "S4": 0.5603423442418921
    },
    "target_mean_shift": {
      "Q1": -0.009074766327326338,
      "Q2": -0.00993476858591086,
      "Q3": -0.009515173203451873,
      "S1": 0.007531906073058602,
      "S2": 0.012418790102345083,
      "S3": 0.011307609136274538,
      "S4": 0.007328422219204621
    },
    "panel_mean_abs_drift": {
      "early": 0.054430911493591264,
      "mid": 0.06855498672941934,
      "late": 0.075540016670304
    }
  },
  "drift_vs_reference_targetwise": {
    "reference": "outputs/v83_repaired_v80/submission_v83_gq015_gs010.csv",
    "mean_abs_drift": 0.06690809007952753,
    "max_abs_drift": 0.35027835761639853,
    "corr": 0.8651022778185492,
    "target_mean": {
      "Q1": 0.5009229804462236,
      "Q2": 0.5613771255308192,
      "Q3": 0.6030728937366889,
      "S1": 0.6921997863712295,
      "S2": 0.6575128174633328,
      "S3": 0.6743072986995421,
      "S4": 0.5614865664625548
    },
    "target_mean_shift": {
      "Q1": -0.009445216455732326,
      "Q2": -0.007941189525641039,
      "Q3": -0.008913867924509376,
      "S1": 0.009587399160130265,
      "S2": 0.013587568809332838,
      "S3": 0.01566647780258651,
      "S4": 0.008472644439867458
    },
    "panel_mean_abs_drift": {
      "early": 0.05142011815160914,
      "mid": 0.0684956878768684,
      "late": 0.08029918514905715
    }
  },
  "ssl_loss_history": [
    0.8330681381906782,
    0.8056235711915153,
    0.7956230630193438,
    0.779749047756195,
    0.7608758272443499,
    0.7504962972232274,
    0.7391239060674395,
    0.7248619399751935,
    0.7029961207934788,
    0.7013349325316293,
    0.6821143344470433,
    0.6700326704978943,
    0.6714933967590332,
    0.6602435837473188,
    0.6394564751216344,
    0.641427103791918,
    0.6274592665263584,
    0.6184996679850987,
    0.6065770758901323,
    0.593986793586186,
    0.5880433545793806,
    0.5757973173686436,
    0.5625337018285479,
    0.5464171123504639,
    0.542082143170493,
    0.5255094351087297,
    0.5081927970477513,
    0.514378718989236,
    0.5051749738625118,
    0.49595270599637714,
    0.4888577115535736,
    0.48252639702388217,
    0.4807501724788121,
    0.4775681798798697,
    0.47045196652412413,
    0.47572930029460364,
    0.4682712413583483,
    0.46667367543493,
    0.46180009382111686,
    0.46419893775667465,
    0.46082328234400066,
    0.46109025393213543,
    0.4544760572910309,
    0.4515929935659681,
    0.4467622639451708,
    0.4499712014198303,
    0.44941559399877273,
    0.44735567825181144,
    0.4574656684058053,
    0.45194612179483684
  ]
}