{
  "latent_specs": {
    "best": "artifacts/domain_best_late_fusion_v1.parquet",
    "best_plus_sbc_sleep_off_stability": "artifacts/domain_best_plus_sleep_boundary_coverage_sleep_off_stability_v1.parquet",
    "best_plus_sbc_sleep_off_fragment": "artifacts/domain_best_plus_sleep_boundary_coverage_sleep_off_fragment_v1.parquet",
    "best_plus_sbc_boundary_recoverage": "artifacts/domain_best_plus_sleep_boundary_coverage_boundary_recoverage_v1.parquet",
    "best_plus_sbc_no_wear_episode": "artifacts/domain_best_plus_sleep_boundary_coverage_no_wear_episode_v1.parquet",
    "best_plus_sbc_body_sensor_missing": "artifacts/domain_best_plus_sleep_boundary_coverage_body_sensor_missing_v1.parquet",
    "sbc_no_wear_episode": "artifacts/domain_sleep_boundary_coverage_no_wear_episode_v1.parquet",
    "sbc_boundary_recoverage": "artifacts/domain_sleep_boundary_coverage_boundary_recoverage_v1.parquet"
  },
  "n_folds": 5,
  "prior_alpha": 8.0,
  "c_values": [
    0.03,
    0.1
  ],
  "blends": [
    0.1,
    0.2
  ],
  "subject_prior_avg_log_loss": 0.6276539587598199,
  "subject_prior_per_target": {
    "Q1": 0.6731794431644589,
    "Q2": 0.7050100434092992,
    "Q3": 0.6777702303470193,
    "S1": 0.5757019130502258,
    "S2": 0.5798564530783497,
    "S3": 0.5347876459944689,
    "S4": 0.6472719822749171
  },
  "best_source": "best_plus_sbc_no_wear_episode__absolute__c0.1_b0.2",
  "best_avg_log_loss": 0.6233125627943793,
  "best_delta_vs_subject_prior": -0.0043413959654405865,
  "top_scores": [
    {
      "source": "best_plus_sbc_no_wear_episode__absolute__c0.1_b0.2",
      "avg_log_loss": 0.6233125627943793,
      "Q1": 0.665823964170842,
      "Q2": 0.7003311215523653,
      "Q3": 0.6714056716232234,
      "S1": 0.5700075122600998,
      "S2": 0.5777511725356694,
      "S3": 0.5323273381044656,
      "S4": 0.6455411593139888
    },
    {
      "source": "best_plus_sbc_no_wear_episode__absolute_plus_deviation__c0.1_b0.2",
      "avg_log_loss": 0.6233811552670624,
      "Q1": 0.666671902450211,
      "Q2": 0.7031810326668027,
      "Q3": 0.6711659021776969,
      "S1": 0.568188563548617,
      "S2": 0.579936711430516,
      "S3": 0.5300487566063312,
      "S4": 0.6444752179892612
    },
    {
      "source": "best__absolute_plus_deviation__c0.1_b0.2",
      "avg_log_loss": 0.6237927803338889,
      "Q1": 0.6700346459207199,
      "Q2": 0.7010001209828194,
      "Q3": 0.6736543305290845,
      "S1": 0.570926638022677,
      "S2": 0.5773858608726387,
      "S3": 0.530509557959145,
      "S4": 0.6430383080501377
    },
    {
      "source": "best_plus_sbc_no_wear_episode__absolute_plus_deviation__c0.03_b0.2",
      "avg_log_loss": 0.6241056759867009,
      "Q1": 0.6677924778802383,
      "Q2": 0.7022087340513816,
      "Q3": 0.6725399714087136,
      "S1": 0.5685379748217777,
      "S2": 0.5788476580570194,
      "S3": 0.5343636970969741,
      "S4": 0.6444492185908024
    },
    {
      "source": "best_plus_sbc_no_wear_episode__absolute__c0.03_b0.2",
      "avg_log_loss": 0.6243305917178276,
      "Q1": 0.6668095293903911,
      "Q2": 0.7011274091503169,
      "Q3": 0.6726077674444412,
      "S1": 0.5710688757156458,
      "S2": 0.5780358359239575,
      "S3": 0.5357907576190349,
      "S4": 0.6448739667810062
    },
    {
      "source": "best__absolute__c0.1_b0.2",
      "avg_log_loss": 0.6248055077107109,
      "Q1": 0.6690211013852839,
      "Q2": 0.695985553273431,
      "Q3": 0.6722815756692752,
      "S1": 0.5765698767452224,
      "S2": 0.5785418448526426,
      "S3": 0.5375898762311342,
      "S4": 0.6436487258179873
    },
    {
      "source": "best_plus_sbc_no_wear_episode__absolute__c0.1_b0.1",
      "avg_log_loss": 0.6248329327542581,
      "Q1": 0.6687222969373946,
      "Q2": 0.7018768920376923,
      "Q3": 0.6740818235282674,
      "S1": 0.5722369206968566,
      "S2": 0.5783975173828099,
      "S3": 0.5327687960258156,
      "S4": 0.6457462826709698
    },
    {
      "source": "best_plus_sbc_no_wear_episode__deviation__c0.1_b0.2",
      "avg_log_loss": 0.6248828713768964,
      "Q1": 0.6672800074899722,
      "Q2": 0.7006196354435953,
      "Q3": 0.6687577624733824,
      "S1": 0.5711020050035324,
      "S2": 0.5820168462044051,
      "S3": 0.5375640042623183,
      "S4": 0.646839838761069
    },
    {
      "source": "best_plus_sbc_no_wear_episode__absolute_plus_deviation__c0.1_b0.1",
      "avg_log_loss": 0.6249103237396529,
      "Q1": 0.66924532779156,
      "Q2": 0.7033593261714454,
      "Q3": 0.6739274037227834,
      "S1": 0.5712968636048242,
      "S2": 0.5795413969578224,
      "S3": 0.5316604907197033,
      "S4": 0.6453414572094326
    },
    {
      "source": "best__deviation__c0.1_b0.2",
      "avg_log_loss": 0.6249596685358976,
      "Q1": 0.6693083850507102,
      "Q2": 0.6980632857197336,
      "Q3": 0.6714859185179932,
      "S1": 0.5726232263945995,
      "S2": 0.580821999862295,
      "S3": 0.537460926778204,
      "S4": 0.6449539374277473
    },
    {
      "source": "best_plus_sbc_boundary_recoverage__absolute__c0.1_b0.2",
      "avg_log_loss": 0.6250853120035808,
      "Q1": 0.6678142617260708,
      "Q2": 0.70841889097455,
      "Q3": 0.6706449786413974,
      "S1": 0.5805902953442478,
      "S2": 0.5748799623483047,
      "S3": 0.5299840207692988,
      "S4": 0.6432647742211959
    },
    {
      "source": "best__absolute_plus_deviation__c0.03_b0.2",
      "avg_log_loss": 0.6251308923741101,
      "Q1": 0.6711863561957777,
      "Q2": 0.699155691025882,
      "Q3": 0.6737950473649815,
      "S1": 0.5717664486284147,
      "S2": 0.5791178682289152,
      "S3": 0.536995556825799,
      "S4": 0.6438992783490008
    },
    {
      "source": "best__absolute_plus_deviation__c0.1_b0.1",
      "avg_log_loss": 0.6251313543349591,
      "Q1": 0.6710154207922362,
      "Q2": 0.7024244028175395,
      "Q3": 0.6752788531759149,
      "S1": 0.5726215122367455,
      "S2": 0.5782056607878319,
      "S3": 0.5316874047001796,
      "S4": 0.644686225834266
    },
    {
      "source": "best_plus_sbc_body_sensor_missing__absolute_plus_deviation__c0.1_b0.1",
      "avg_log_loss": 0.6251744415783779,
      "Q1": 0.666837462659368,
      "Q2": 0.7036818546495904,
      "Q3": 0.6789737486461308,
      "S1": 0.5751675206676704,
      "S2": 0.5767945735969618,
      "S3": 0.5296107815616773,
      "S4": 0.6451551492672468
    },
    {
      "source": "best_plus_sbc_boundary_recoverage__absolute__c0.1_b0.1",
      "avg_log_loss": 0.6252562259690636,
      "Q1": 0.6693800952761811,
      "Q2": 0.7054424041418833,
      "Q3": 0.6733377285166424,
      "S1": 0.5769699325624518,
      "S2": 0.5761896582397652,
      "S3": 0.5312907314973109,
      "S4": 0.6441830315492112
    },
    {
      "source": "best_plus_sbc_body_sensor_missing__absolute_plus_deviation__c0.1_b0.2",
      "avg_log_loss": 0.6252584062942844,
      "Q1": 0.6633655291195736,
      "Q2": 0.7053341902845641,
      "Q3": 0.6825921760971884,
      "S1": 0.5771952542600048,
      "S2": 0.5761243098255037,
      "S3": 0.5266227400131783,
      "S4": 0.6455746444599783
    },
    {
      "source": "best_plus_sbc_no_wear_episode__absolute_plus_deviation__c0.03_b0.1",
      "avg_log_loss": 0.625368233375254,
      "Q1": 0.6698841749043208,
      "Q2": 0.7029504092335034,
      "Q3": 0.6747428035113664,
      "S1": 0.5716151039516928,
      "S2": 0.579055865798582,
      "S3": 0.5339660827659329,
      "S4": 0.64536319346138
    },
    {
      "source": "best__absolute__c0.1_b0.1",
      "avg_log_loss": 0.6253895211285249,
      "Q1": 0.670323671444731,
      "Q2": 0.6996653105993168,
      "Q3": 0.6745702392813397,
      "S1": 0.5753595973773291,
      "S2": 0.57826809942169,
      "S3": 0.5347706379870129,
      "S4": 0.6447690917882547
    },
    {
      "source": "best_plus_sbc_no_wear_episode__deviation__c0.1_b0.1",
      "avg_log_loss": 0.6254319992888968,
      "Q1": 0.6694254602513291,
      "Q2": 0.7018808145216918,
      "Q3": 0.6726896339464064,