{
  "view": "full",
  "encoder_type": "transformer",
  "encoder_params": 4847,
  "device": "mps",
  "sequence": {
    "n_days": 700.0,
    "n_base_features": 52.0,
    "n_token_features": 215.0,
    "mean_missing_fraction": 0.19188415750915752,
    "add_deviation_features": 1.0
  },
  "n_features": 215,
  "epochs": 50,
  "final_ssl_loss": 0.6345699276242938,
  "best_global_source": "transformer_logreg_c0p3_w0p1",
  "best_global_avg_log_loss": 0.6269636369907298,
  "best_global_per_target": {
    "Q1": 0.6722410194374699,
    "Q2": 0.6986443774190287,
    "Q3": 0.6757686741008966,
    "S1": 0.5763744196610573,
    "S2": 0.5803883785521473,
    "S3": 0.5374488108684786,
    "S4": 0.6478797788960302
  },
  "targetwise_avg_log_loss": 0.6241040770372805,
  "targetwise_per_target": {
    "Q1": 0.6721770581393399,
    "Q2": 0.6881422198533624,
    "Q3": 0.6736865098748468,
    "S1": 0.5749809656685827,
    "S2": 0.5794388420720252,
    "S3": 0.5330309613778893,
    "S4": 0.6472719822749171
  },
  "targetwise_sources": {
    "Q1": "subject_prior_a16",
    "Q2": "transformer_logreg_c0p3_w0p35",
    "Q3": "transformer_logreg_c0p03_w0p35",
    "S1": "transformer_ridge_resid_a1_w0p35",
    "S2": "transformer_ridge_resid_a1_w0p2",
    "S3": "subject_prior_a4",
    "S4": "subject_prior_a8"
  },
  "targetwise_source_losses": {
    "Q1": 0.6721770581393399,
    "Q2": 0.6881422198533624,
    "Q3": 0.6736865098748468,
    "S1": 0.5749809656685827,
    "S2": 0.5794388420720252,
    "S3": 0.5330309613778893,
    "S4": 0.6472719822749171
  },
  "drift_vs_reference_best_global": {
    "reference": "outputs/v83_repaired_v80/submission_v83_gq015_gs010.csv",
    "mean_abs_drift": 0.06609479172053591,
    "max_abs_drift": 0.30383217358325265,
    "corr": 0.8817777349254927,
    "target_mean": {
      "Q1": 0.49933042379508263,
      "Q2": 0.55667668477647,
      "Q3": 0.6022782403596446,
      "S1": 0.6886998571899067,
      "S2": 0.6562992087045075,
      "S3": 0.6696546690305003,
      "S4": 0.5593898511092537
    },
    "target_mean_shift": {
      "Q1": -0.01103777310687336,
      "Q2": -0.012641630279990263,
      "Q3": -0.009708521301553743,
      "S1": 0.006087469978807159,
      "S2": 0.012373960050507596,
      "S3": 0.011013848133544533,
      "S4": 0.006375929086566197
    },
    "panel_mean_abs_drift": {
      "early": 0.054313430259798096,
      "mid": 0.0685993421581567,
      "late": 0.0750147205847474
    }
  },
  "drift_vs_reference_targetwise": {
    "reference": "outputs/v83_repaired_v80/submission_v83_gq015_gs010.csv",
    "mean_abs_drift": 0.06692263941355857,
    "max_abs_drift": 0.34084120153349484,
    "corr": 0.8653376810199497,
    "target_mean": {
      "Q1": 0.49965650813885837,
      "Q2": 0.5519031096015412,
      "Q3": 0.5998340610372259,
      "S1": 0.6854215889310438,
      "S2": 0.6574687020331135,
      "S3": 0.6743072986995421,
      "S4": 0.5592527565880283
    },
    "target_mean_shift": {
      "Q1": -0.01071168876309774,
      "Q2": -0.017415205454918956,
      "Q3": -0.012152700623972503,
      "S1": 0.0028092017199443983,
      "S2": 0.013543453379113456,
      "S3": 0.01566647780258651,
      "S4": 0.006238834565341037
    },
    "panel_mean_abs_drift": {
      "early": 0.05231842425554255,
      "mid": 0.06842698932165137,
      "late": 0.07954245824397754
    }
  },
  "ssl_loss_history": [
    1.136513658932277,
    1.1266774599892753,
    1.075461369241987,
    1.0474310650144305,
    1.0370769902638026,
    1.0207059614998955,
    0.9869187273297991,
    0.9676410801070077,
    0.9370453459875924,
    0.9343032012666975,
    0.9057373329571315,
    0.8829316483225141,
    0.8574982241221837,
    0.8385301395824978,
    0.8126547748701913,
    0.7778184904370989,
    0.7703465138162885,
    0.7470488146373204,
    0.7314804152079991,
    0.7192255592346192,
    0.7054427215031215,
    0.7057659094674247,
    0.689021487236023,
    0.6759539420264108,
    0.6727325763021197,
    0.6717756359917777,
    0.6614716216496059,
    0.6589467205320085,
    0.6622941909517561,
    0.6730827062470572,
    0.6583479860850743,
    0.666019013268607,
    0.6581629310335432,
    0.6616464798791067,
    0.6637930185454233,
    0.6619180042403084,
    0.661761440890176,
    0.6516799872262137,
    0.654160612991878,
    0.6464632085391453,
    0.6634784432819911,
    0.6624758945192609,
    0.6675406772749765,
    0.6471124141556877,
    0.6521698021888733,
    0.6527859500476292,
    0.6370499549593245,
    0.6513727457182747,
    0.6275337651797703,
    0.6345699276242938
  ]
}