{
  "best_source": "logit_plus_embedding_pca2_c0p01",
  "best_avg_log_loss": 0.63667818428486,
  "drift_vs_reference": {
    "reference": "outputs/v83_repaired_v80/submission_v83_gq015_gs010.csv",
    "mean_abs_drift": 0.08215747500904894,
    "max_abs_drift": 0.4874939852863404,
    "corr": 0.8042761042216883,
    "target_mean": {
      "Q1": 0.5147406667968039,
      "Q2": 0.554253465793259,
      "Q3": 0.598977663349787,
      "S1": 0.6743676064119273,
      "S2": 0.6235444730154762,
      "S3": 0.6264752579562828,
      "S4": 0.5427913516659807
    },
    "target_mean_shift": {
      "Q1": 0.004372469894847931,
      "Q2": -0.01506484926320118,
      "Q3": -0.013009098311411392,
      "S1": -0.008244780799172043,
      "S2": -0.020380775638523817,
      "S3": -0.03216556294067277,
      "S4": -0.010222570356706852
    },
    "panel_mean_abs_drift": {
      "early": 0.07303899953898746,
      "mid": 0.08413544322544089,
      "late": 0.08902269414533727
    }
  },
  "n_views": 16,
  "views": [
    "hourly_transformer_encoder_v1__full",
    "hourly_transformer_encoder_v1__no_gps",
    "hourly_transformer_encoder_v1__no_phone",
    "hourly_transformer_encoder_v1__no_sleep",
    "hourly_transformer_encoder_v1__only_core",
    "hourly_transformer_encoder_v1_extra__no_missingness",
    "hourly_transformer_encoder_v1_extra__only_cross_modal",
    "hourly_transformer_encoder_v1_extra__only_rhythm",
    "multires10_transformer_encoder_v1__full",
    "multires10_transformer_encoder_v1__no_sleep",
    "multires10_transformer_encoder_v1__only_cross_modal",
    "multires10_transformer_encoder_v1__only_rhythm",
    "multires30_transformer_encoder_v1__full",
    "multires30_transformer_encoder_v1__no_sleep",
    "multires30_transformer_encoder_v1__only_cross_modal",
    "multires30_transformer_encoder_v1__only_rhythm"
  ],
  "scores": [
    {
      "source": "logit_plus_embedding_pca2_c0p01",
      "avg_log_loss": 0.63667818428486,
      "Q1": 0.6836110271883573,
      "Q2": 0.6889668556776514,
      "Q3": 0.6863028344147536,
      "S1": 0.5944434360017173,
      "S2": 0.6022602901832842,
      "S3": 0.5355105607660714,
      "S4": 0.6656522857621846
    },
    {
      "source": "logit_plus_embedding_pca2_c0p03",
      "avg_log_loss": 0.6387207273906974,
      "Q1": 0.6858178257589491,
      "Q2": 0.6657194010955911,
      "Q3": 0.6910631383167944,
      "S1": 0.6039747149022461,
      "S2": 0.6122249465585219,
      "S3": 0.540426931222565,
      "S4": 0.6718181338802148
    },
    {
      "source": "logit_plus_embedding_pca2_c0p1",
      "avg_log_loss": 0.6408152428140995,
      "Q1": 0.6874963190512368,
      "Q2": 0.6419237618812559,
      "Q3": 0.6974498861651978,
      "S1": 0.611733193048004,
      "S2": 0.6204168487563547,
      "S3": 0.5467596657344683,
      "S4": 0.6799270250621795
    },
    {
      "source": "logit_plus_embedding_pca4_c0p01",
      "avg_log_loss": 0.6411099370312853,
      "Q1": 0.6854242461685168,
      "Q2": 0.6877936947223046,
      "Q3": 0.6942372260176628,
      "S1": 0.6017526407422648,
      "S2": 0.6114574246717206,
      "S3": 0.5387522190365166,
      "S4": 0.6683521078600102
    },
    {
      "source": "embedding_only_pca2_c0p03",
      "avg_log_loss": 0.6422106585796701,
      "Q1": 0.6883133331539825,
      "Q2": 0.6988676842921907,
      "Q3": 0.6949550205730257,
      "S1": 0.5971830637514238,
      "S2": 0.6041239910002117,
      "S3": 0.5439275796281837,
      "S4": 0.6681039376586727
    },
    {
      "source": "embedding_only_pca2_c0p01",
      "avg_log_loss": 0.6425607320442385,
      "Q1": 0.6852322339354135,
      "Q2": 0.6913810492785387,
      "Q3": 0.6834091474204517,
      "S1": 0.598768401149555,
      "S2": 0.609494589853098,
      "S3": 0.5593698749605366,
      "S4": 0.6702698277120763
    },
    {
      "source": "logit_plus_embedding_pca4_c0p03",
      "avg_log_loss": 0.644935141814629,
      "Q1": 0.6873464111780734,
      "Q2": 0.665347819917109,
      "Q3": 0.6988752226878429,
      "S1": 0.614741202128377,
      "S2": 0.6284500009524843,
      "S3": 0.5439736216127347,
      "S4": 0.6758117142257819
    },
    {
      "source": "embedding_only_pca4_c0p01",
      "avg_log_loss": 0.6463609704869908,
      "Q1": 0.6852285895043245,
      "Q2": 0.6914329048985746,
      "Q3": 0.6905116941476998,
      "S1": 0.6045429428113128,
      "S2": 0.6162675798792538,
      "S3": 0.5615541466706525,
      "S4": 0.6749889354971181
    },
    {
      "source": "logit_plus_embedding_pca2_c0p3",
      "avg_log_loss": 0.6466834973095251,
      "Q1": 0.6960325705711353,
      "Q2": 0.6384038342596794,
      "Q3": 0.7073525976198837,
      "S1": 0.6155411025230956,
      "S2": 0.6264244386794611,
      "S3": 0.552929314977908,
      "S4": 0.6901006225355126
    },
    {
      "source": "embedding_only_pca4_c0p03",
      "avg_log_loss": 0.6474720544280628,
      "Q1": 0.6872045911362991,
      "Q2": 0.7023512710225891,
      "Q3": 0.7029222357450322,
      "S1": 0.6059068816151398,
      "S2": 0.6153113582927306,
      "S3": 0.5461314913460862,
      "S4": 0.6724765518385621
    },
    {
      "source": "logit_plus_embedding_pca8_c0p01",
      "avg_log_loss": 0.6477934684843243,
      "Q1": 0.6971594061499226,
      "Q2": 0.6857191361814128,
      "Q3": 0.7072055510065539,
      "S1": 0.6126371168562752,
      "S2": 0.6164133977335712,
      "S3": 0.5394383647008977,
      "S4": 0.6759813067616371
    },
    {
      "source": "logit_plus_embedding_pca4_c0p1",
      "avg_log_loss": 0.6508279263584125,
      "Q1": 0.6939036069186975,
      "Q2": 0.640870880239795,
      "Q3": 0.6999451478954481,
      "S1": 0.6307525667596617,
      "S2": 0.6519738509565827,
      "S3": 0.5526746290805569,
      "S4": 0.6856748026581446
    },
    {
      "source": "embedding_only_pca8_c0p01",
      "avg_log_loss": 0.6520928537725047,
      "Q1": 0.6948622276506474,
      "Q2": 0.6928007690491057,
      "Q3": 0.7035203160092907,
      "S1": 0.6142280469740714,
      "S2": 0.618332416767283,
      "S3": 0.556062982025378,
      "S4": 0.6848432179317568
    },
    {
      "source": "embedding_only_pca2_c0p1",
      "avg_log_loss": 0.65372535906506,
      "Q1": 0.7002279996104748,
      "Q2": 0.7168671316799329,
      "Q3": 0.7121741026114637,
      "S1": 0.6070211262373563,
      "S2": 0.6160951136156694,
      "S3": 0.5450987612023755,
      "S4": 0.6785932784981471
    },
    {
      "source": "logit_plus_embedding_pca8_c0p03",
      "avg_log_loss": 0.6583063843193673,
      "Q1": 0.7114688565623387,
      "Q2": 0.6619612602929292,
      "Q3": 0.7125454284088919,
      "S1": 0.6434981448260709,
      "S2": 0.6394957192432911,
      "S3": 0.5485407586351518,
      "S4": 0.6906345222668975
    },
    {
      "source": "embedding_only_pca8_c0p03",
      "avg_log_loss": 0.6604990458505958,
      "Q1": 0.7121686282454269,
      "Q2": 0.7088531158109665,
      "Q3": 0.72105330311833,
      "S1": 0.6313129155625208,
      "S2": 0.6190833877586652,
      "S3": 0.543402578983933,
      "S4": 0.6876193914743285
    },
    {
      "source": "embedding_only_pca4_c0p1",
      "avg_log_loss": 0.6638795824585076,
      "Q1": 0.702088711583924,
      "Q2": 0.7258903146131942,
      "Q3": 0.7221924171030372,
      "S1": 0.6249209132387059,
      "S2": 0.6409053664680523,
      "S3": 0.5470952426306643,
      "S4": 0.6840641115719753
    },
    {
      "source": "logit_plus_embedding_pca4_c0p3",
      "avg_log_loss": 0.6643252089966573,
      "Q1": 0.713209551728705,
      "Q2": 0.6390541568891671,
      "Q3": 0.702964552373572,
      "S1": 0.6500263441098132,
      "S2": 0.6805981566134736,
      "S3": 0.5656324787565935,
      "S4": 0.6987912225052766
    },
    {
      "source": "embedding_only_pca2_c0p3",
      "avg_log_loss": 0.6690559992992808,
      "Q1": 0.7137501280102234,
      "Q2": 0.735684259618213,
      "Q3": 0.7275729889570257,
      "S1": 0.6213308524454006,
      "S2": 0.6353374637253331,
      "S3": 0.5562513697661343,