target,selected_cells,gain_sum,mean_gain,positive_gain_rate,raw_action_count,inverse_action_count,positive_subjects,negative_subjects
Q1,12,-0.8140942604559935,-0.0678411883713328,0.25,4.0,8.0,0,3
Q2,18,-2.3607116886749773,-0.13115064937083207,0.2222222222222222,7.0,11.0,0,3
Q3,1,-0.40851247813651437,-0.40851247813651437,0.0,1.0,0.0,0,1
S1,19,-2.717411442930678,-0.1430216548910883,0.5263157894736842,11.0,8.0,4,5
S4,62,0.7626860689187339,0.012301388208366676,0.6129032258064516,29.0,33.0,4,4
