{
  "view": "only_cross_modal",
  "encoder_type": "transformer",
  "encoder_params": 2711,
  "device": "mps",
  "sequence": {
    "n_days": 700.0,
    "n_base_features": 22.0,
    "n_token_features": 95.0,
    "raw_tokens_per_day": 48.0,
    "effective_tokens_per_day": 12.0,
    "pool_len": 4.0,
    "pool_stats": "mean",
    "mean_missing_fraction": 0.06805059523809524,
    "add_deviation_features": 1.0
  },
  "n_features": 95,
  "epochs": 50,
  "final_ssl_loss": 0.24369646276746476,
  "best_global_source": "transformer_ridge_resid_a1_w0p35",
  "best_global_avg_log_loss": 0.6253548839949266,
  "best_global_per_target": {
    "Q1": 0.6736089783172771,
    "Q2": 0.6978995511026399,
    "Q3": 0.6808568685654346,
    "S1": 0.5780189996521565,
    "S2": 0.5764007583764804,
    "S3": 0.5329053944950625,
    "S4": 0.6377936374554345
  },
  "targetwise_avg_log_loss": 0.6221737066202809,
  "targetwise_per_target": {
    "Q1": 0.6721770581393399,
    "Q2": 0.6876130379310879,
    "Q3": 0.6732890618261042,
    "S1": 0.5757019130502258,
    "S2": 0.5759684690471603,
    "S3": 0.5327145664295393,
    "S4": 0.6377518399185098
  },
  "targetwise_sources": {
    "Q1": "subject_prior_a16",
    "Q2": "transformer_logreg_c0p3_w0p35",
    "Q3": "transformer_logreg_c0p03_w0p35",
    "S1": "subject_prior_a8",
    "S2": "transformer_ridge_resid_a5_w0p35",
    "S3": "transformer_ridge_resid_a5_w0p35",
    "S4": "transformer_ridge_resid_a5_w0p35"
  },
  "targetwise_source_losses": {
    "Q1": 0.6721770581393399,
    "Q2": 0.6876130379310879,
    "Q3": 0.6732890618261042,
    "S1": 0.5757019130502258,
    "S2": 0.5759684690471603,
    "S3": 0.5327145664295393,
    "S4": 0.6377518399185098
  },
  "drift_vs_reference_best_global": {
    "reference": "outputs/v83_repaired_v80/submission_v83_gq015_gs010.csv",
    "mean_abs_drift": 0.06976102110483766,
    "max_abs_drift": 0.3419257449174635,
    "corr": 0.8620431661056884,
    "target_mean": {
      "Q1": 0.5053957338796087,
      "Q2": 0.5610169678572475,
      "Q3": 0.5972669678237028,
      "S1": 0.6852959796513053,
      "S2": 0.6446405994892574,
      "S3": 0.6653546356659267,
      "S4": 0.5541548195763899
    },
    "target_mean_shift": {
      "Q1": -0.0049724630223473626,
      "Q2": -0.008301347199212631,
      "Q3": -0.014719793837495642,
      "S1": 0.0026835924402059453,
      "S2": 0.0007153508352574596,
      "S3": 0.006713814768971019,
      "S4": 0.0011408975537023805
    },
    "panel_mean_abs_drift": {
      "early": 0.056265133131054655,
      "mid": 0.06868575565797844,
      "late": 0.08383054870412615
    }
  },
  "drift_vs_reference_targetwise": {
    "reference": "outputs/v83_repaired_v80/submission_v83_gq015_gs010.csv",
    "mean_abs_drift": 0.07036603654075178,
    "max_abs_drift": 0.3516933575131799,
    "corr": 0.8621315981925187,
    "target_mean": {
      "Q1": 0.49965650813885837,
      "Q2": 0.5526581310419949,
      "Q3": 0.6006631834415885,
      "S1": 0.6923877866215694,
      "S2": 0.6445077683376396,
      "S3": 0.6650046372103603,
      "S4": 0.5539873200522922
    },
    "target_mean_shift": {
      "Q1": -0.01071168876309774,
      "Q2": -0.016660184014465236,
      "Q3": -0.01132357821960984,
      "S1": 0.009775399410469864,
      "S2": 0.0005825196836396911,
      "S3": 0.006363816313404737,
      "S4": 0.0009733980296048112
    },
    "panel_mean_abs_drift": {
      "early": 0.05938351280860685,
      "mid": 0.07032554393694686,
      "late": 0.08100048162488938
    }
  },
  "ssl_loss_history": [
    1.0981045259748186,
    1.01349260193961,
    0.9821636605262757,
    0.9661791058949062,
    0.91428177016122,
    0.8980339986937387,
    0.86624278988157,
    0.8218456258092608,
    0.7692723934991019,
    0.7177390139443534,
    0.6578000375202724,
    0.5924891563824245,
    0.5188092446327209,
    0.4740384042263031,
    0.4337240765775953,
    0.3841263842582703,
    0.34216133287974765,
    0.31582625917025975,
    0.3064752297742026,
    0.299414347410202,
    0.2950284404414041,
    0.28168764659336637,
    0.2836208409922464,
    0.27403671979904176,
    0.2802848439557212,
    0.27542797889028275,
    0.271937141759055,
    0.2618618267774582,
    0.2699848330020905,
    0.2761479731968471,
    0.27266405820846557,
    0.270173288668905,
    0.26947010823658535,
    0.2720142251253128,
    0.2774178686312267,
    0.2622824421950749,
    0.2709676854951041,
    0.26241975954600744,
    0.25390147124017987,
    0.25471655334745136,
    0.260564546585083,
    0.2437981491429465,
    0.2549607900210789,
    0.25276221309389385,
    0.2430058033977236,
    0.2512694431202752,
    0.24280617458479745,
    0.255439875125885,
    0.23710297065121788,
    0.24369646276746476
  ]
}