target,selected_loss,base_loss,delta_vs_base,most_common_family
Q1,0.6713717295374761,0.6691817177735858,0.0021900117638903537,best_late_fusion
Q2,0.6992132912296122,0.7016929759704349,-0.0024796847408226743,best_late_fusion
Q3,0.6829436094423034,0.6738888587098408,0.009054750732462513,routine_regularity
S1,0.5718769075428669,0.5708954587854569,0.000981448757409975,routine_regularity
S2,0.5826580158801179,0.5783156553303062,0.004342360549811741,routine_regularity
S3,0.5251202551583003,0.5251202551583003,0.0,best_late_fusion
S4,0.6373292998748257,0.6432464279775342,-0.005917128102708546,routine_regularity
