{
  "view": "only_event",
  "encoder_type": "transformer",
  "encoder_params": 7454,
  "device": "mps",
  "sequence": {
    "n_days": 700.0,
    "n_base_features": 45.0,
    "n_token_features": 374.0,
    "raw_tokens_per_day": 48.0,
    "effective_tokens_per_day": 12.0,
    "pool_len": 4.0,
    "pool_stats": "mean_std",
    "mean_missing_fraction": 0.0,
    "add_deviation_features": 1.0
  },
  "n_features": 374,
  "epochs": 50,
  "final_ssl_loss": 0.21026905860219683,
  "best_global_source": "transformer_logreg_c0p3_w0p1",
  "best_global_avg_log_loss": 0.627091370912724,
  "best_global_per_target": {
    "Q1": 0.6724272735265552,
    "Q2": 0.6994465730322597,
    "Q3": 0.6760758108012547,
    "S1": 0.5776915046657488,
    "S2": 0.5799156280298244,
    "S3": 0.5371461829354452,
    "S4": 0.6469366233979801
  },
  "targetwise_avg_log_loss": 0.6237351696443307,
  "targetwise_per_target": {
    "Q1": 0.6717852246390433,
    "Q2": 0.6902907963260714,
    "Q3": 0.6727826279886568,
    "S1": 0.5757019130502258,
    "S2": 0.5774274483420705,
    "S3": 0.5330309613778893,
    "S4": 0.6451272157863582
  },
  "targetwise_sources": {
    "Q1": "transformer_logreg_c0p03_w0p2",
    "Q2": "transformer_logreg_c0p3_w0p35",
    "Q3": "transformer_logreg_c0p03_w0p35",
    "S1": "subject_prior_a8",
    "S2": "transformer_ridge_resid_a20_w0p35",
    "S3": "subject_prior_a4",
    "S4": "transformer_ridge_resid_a20_w0p35"
  },
  "targetwise_source_losses": {
    "Q1": 0.6717852246390433,
    "Q2": 0.6902907963260714,
    "Q3": 0.6727826279886568,
    "S1": 0.5757019130502258,
    "S2": 0.5774274483420705,
    "S3": 0.5330309613778893,
    "S4": 0.6451272157863582
  },
  "drift_vs_reference_best_global": {
    "reference": "outputs/v83_repaired_v80/submission_v83_gq015_gs010.csv",
    "mean_abs_drift": 0.06632052002680196,
    "max_abs_drift": 0.3051009246253751,
    "corr": 0.8818431232598272,
    "target_mean": {
      "Q1": 0.5023514733923862,
      "Q2": 0.5597644974897336,
      "Q3": 0.6030966642630889,
      "S1": 0.6913782415142407,
      "S2": 0.6578511120567184,
      "S3": 0.6703744459154102,
      "S4": 0.5607447195741526
    },
    "target_mean_shift": {
      "Q1": -0.008016723509569805,
      "Q2": -0.009553817566726547,
      "Q3": -0.008890097398109408,
      "S1": 0.008765854303141193,
      "S2": 0.01392586340271853,
      "S3": 0.011733625018454602,
      "S4": 0.007730797551465253
    },
    "panel_mean_abs_drift": {
      "early": 0.05511317912663465,
      "mid": 0.06876282311533903,
      "late": 0.07474747058521541
    }
  },
  "drift_vs_reference_targetwise": {
    "reference": "outputs/v83_repaired_v80/submission_v83_gq015_gs010.csv",
    "mean_abs_drift": 0.06592097110059462,
    "max_abs_drift": 0.37544721047983065,
    "corr": 0.8702547400108784,
    "target_mean": {
      "Q1": 0.5025118930277229,
      "Q2": 0.5627104540979642,
      "Q3": 0.6018597414982298,
      "S1": 0.6923877866215694,
      "S2": 0.6598347830774052,
      "S3": 0.6743072986995421,
      "S4": 0.5624810689513042
    },
    "target_mean_shift": {
      "Q1": -0.007856303874232999,
      "Q2": -0.0066078609584959555,
      "Q3": -0.010127020162968696,
      "S1": 0.009775399410469864,
      "S2": 0.015909534423405286,
      "S3": 0.01566647780258651,
      "S4": 0.009467146928616867
    },
    "panel_mean_abs_drift": {
      "early": 0.05161106955786164,
      "mid": 0.06772268138160148,
      "late": 0.0779665001968362
    }
  },
  "ssl_loss_history": [
    0.5099080732890537,
    0.4750857629094805,
    0.47093735115868707,
    0.4529843042578016,
    0.4291373310770307,
    0.42057564054216656,
    0.4070396780967712,
    0.39720567549977986,
    0.3901403721741268,
    0.3736739955629621,
    0.36503847650119237,
    0.37276031187602454,
    0.36501282657895767,
    0.35447008473532543,
    0.34671971559524534,
    0.3423599628039769,
    0.3089039475577218,
    0.30793212822505406,
    0.3046162923744747,
    0.2962342994553702,
    0.2873220636163439,
    0.2755355509689876,
    0.27819362350872584,
    0.2706107223033905,
    0.2659156904901777,
    0.25021065507616314,
    0.2523753660065787,
    0.2466602975130081,
    0.23818693263190133,
    0.23400213360786437,
    0.2424807540008,
    0.24209128328732082,
    0.2345171933514731,
    0.23638989346367972,
    0.2361595206601279,
    0.2215084901877812,
    0.22789997203009468,
    0.23717714403356824,
    0.2148801941531045,
    0.22369146023477826,
    0.22716236685003552,
    0.2188813247850963,
    0.20801932896886552,
    0.21040062998022352,
    0.22644666416304451,
    0.2114073042358671,
    0.20965267181396485,
    0.21263434529304504,
    0.20505875834396908,
    0.21026905860219683
  ]
}