{
  "best_source": "baseline_targetwise_hybrid",
  "best_avg_log_loss": 0.6124483661667259,
  "best_per_target": {
    "Q1": 0.6627851441975227,
    "Q2": 0.6632436246339598,
    "Q3": 0.6612694752161558,
    "S1": 0.5617402233346357,
    "S2": 0.5743917416336362,
    "S3": 0.5217057561708389,
    "S4": 0.6420025979803325
  },
  "best_drift_vs_reference": {
    "reference": "outputs/v83_repaired_v80/submission_v83_gq015_gs010.csv",
    "mean_abs_drift": 0.09565161173369027,
    "max_abs_drift": 0.5020396360907389,
    "corr": 0.7470781257166815,
    "target_mean": {
      "Q1": 0.5179217309153771,
      "Q2": 0.550594608745234,
      "Q3": 0.5701159763472731,
      "S1": 0.7200781874467044,
      "S2": 0.6404671563932918,
      "S3": 0.6697638011854482,
      "S4": 0.575432404025213
    },
    "target_mean_shift": {
      "Q1": 0.0075535340134211286,
      "Q2": -0.018723706311226173,
      "Q3": -0.04187078531392526,
      "S1": 0.03746580023560507,
      "S2": -0.0034580922607082227,
      "S3": 0.011122980288492602,
      "S4": 0.022418482002525688
    },
    "panel_mean_abs_drift": {
      "early": 0.08006445656848409,
      "mid": 0.09375017874582808,
      "late": 0.11254532539886049
    }
  },
  "best_global_source": "selected_single__logreg_c0.03_b0.35",
  "best_global_avg_log_loss": 0.6163967384116921,
  "best_global_drift_vs_reference": {
    "reference": "outputs/v83_repaired_v80/submission_v83_gq015_gs010.csv",
    "mean_abs_drift": 0.09701947782934582,
    "max_abs_drift": 0.44031895943740257,
    "corr": 0.7291083359505722,
    "target_mean": {
      "Q1": 0.5413074250589766,
      "Q2": 0.550594608745234,
      "Q3": 0.5837638300798742,
      "S1": 0.7298684384096834,
      "S2": 0.627108875085818,
      "S3": 0.6633675490998548,
      "S4": 0.5957764301929054
    },
    "target_mean_shift": {
      "Q1": 0.030939228157020576,
      "Q2": -0.018723706311226173,
      "Q3": -0.028222931581324127,
      "S1": 0.04725605119858413,
      "S2": -0.01681637356818195,
      "S3": 0.004726728202899256,
      "S4": 0.04276250817021809
    },
    "panel_mean_abs_drift": {
      "early": 0.09148118292714327,
      "mid": 0.09606760722285858,
      "late": 0.10329177715074638
    }
  },
  "targetwise_avg_log_loss": 0.6125297197131017,
  "targetwise_drift_vs_reference": {
    "reference": "outputs/v83_repaired_v80/submission_v83_gq015_gs010.csv",
    "mean_abs_drift": 0.0954790644358238,
    "max_abs_drift": 0.5020396360907389,
    "corr": 0.7482785728887372,
    "target_mean": {
      "Q1": 0.5115224682542957,
      "Q2": 0.550594608745234,
      "Q3": 0.5701159763472731,
      "S1": 0.7200781874467044,
      "S2": 0.6404671563932918,
      "S3": 0.6697638011854482,
      "S4": 0.575432404025213
    },
    "target_mean_shift": {
      "Q1": 0.0011542713523397144,
      "Q2": -0.018723706311226173,
      "Q3": -0.04187078531392526,
      "S1": 0.03746580023560507,
      "S2": -0.0034580922607082227,
      "S3": 0.011122980288492602,
      "S4": 0.022418482002525688
    },
    "panel_mean_abs_drift": {
      "early": 0.0795538946576399,
      "mid": 0.09357445348380589,
      "late": 0.11270196597498339
    }
  },
  "targetwise_sources": {
    "Q1": "selected_single__ridge_a5_b0.1",
    "Q2": "selected_single__logreg_c0.03_b0.35",
    "Q3": "selected_single__ridge_a20_b0.2",
    "S1": "selected_single__ridge_a5_b0.2",
    "S2": "selected_single__logreg_c0.03_b0.2",
    "S3": "selected_single__logreg_c0.1_b0.2",
    "S4": "selected_single__ridge_a5_b0.2"
  },
  "targetwise_source_losses": {
    "Q1": 0.6633546190221531,
    "Q2": 0.6632436246339598,
    "Q3": 0.6612694752161558,
    "S1": 0.5617402233346357,
    "S2": 0.5743917416336362,
    "S3": 0.5217057561708389,
    "S4": 0.6420025979803325
  },
  "hybrid_avg_log_loss": 0.6124483661667259,
  "hybrid_drift_vs_reference": {
    "reference": "outputs/v83_repaired_v80/submission_v83_gq015_gs010.csv",
    "mean_abs_drift": 0.09565161173369027,
    "max_abs_drift": 0.5020396360907389,
    "corr": 0.7470781257166815,
    "target_mean": {
      "Q1": 0.5179217309153771,
      "Q2": 0.550594608745234,
      "Q3": 0.5701159763472731,
      "S1": 0.7200781874467044,
      "S2": 0.6404671563932918,
      "S3": 0.6697638011854482,
      "S4": 0.575432404025213
    },
    "target_mean_shift": {
      "Q1": 0.0075535340134211286,
      "Q2": -0.018723706311226173,
      "Q3": -0.04187078531392526,
      "S1": 0.03746580023560507,
      "S2": -0.0034580922607082227,
      "S3": 0.011122980288492602,
      "S4": 0.022418482002525688
    },
    "panel_mean_abs_drift": {
      "early": 0.08006445656848409,
      "mid": 0.09375017874582808,
      "late": 0.11254532539886049
    }
  },
  "hybrid_sources": {
    "Q1": "baseline",
    "Q2": "selected_single__logreg_c0.03_b0.35",
    "Q3": "selected_single__ridge_a20_b0.2",
    "S1": "selected_single__ridge_a5_b0.2",
    "S2": "selected_single__logreg_c0.03_b0.2",
    "S3": "selected_single__logreg_c0.1_b0.2",
    "S4": "selected_single__ridge_a5_b0.2"
  },
  "hybrid_source_losses": {
    "Q1": 0.6627851441975227,
    "Q2": 0.6632436246339598,
    "Q3": 0.6612694752161558,
    "S1": 0.5617402233346357,
    "S2": 0.5743917416336362,
    "S3": 0.5217057561708389,
    "S4": 0.6420025979803325
  },
  "hybrid_blend_scores": [
    {
      "latent_weight": 0.0,
      "avg_log_loss": 0.6177477785388266,
      "drift_vs_reference": 0.07698575532230352,
      "Q1": 0.6627851441975227,
      "Q2": 0.6874632255714308,
      "Q3": 0.6639601692625265,
      "S1": 0.5645047401412568,
      "S2": 0.5758589414653473,
      "S3": 0.5258078198860064,
      "S4": 0.6438544092476953
    },
    {
      "latent_weight": 0.15,
      "avg_log_loss": 0.6165672622269637,
      "drift_vs_reference": 0.07930328549536306,
      "Q1": 0.6627851441975228,
      "Q2": 0.6824138145335714,
      "Q3": 0.6632203718353741,
      "S1": 0.563656739398976,
      "S2": 0.5755220616971385,
      "S3": 0.5249167504576735,
      "S4": 0.6434559534684902
    },
    {
      "latent_weight": 0.25,
      "avg_log_loss": 0.6158578601215859,
      "drift_vs_reference": 0.08097643560260011,
      "Q1": 0.6627851441975227,
      "Q2": 0.6793397353984978,
      "Q3": 0.6627921757162207,
      "S1": 0.5631753777108512,
      "S2": 0.5753219697022159,
      "S3": 0.5243775909084479,
      "S4": 0.6432130272173452
    },
    {
      "latent_weight": 0.35,
      "avg_log_loss": 0.6152094377155476,
      "drift_vs_reference": 0.08273325750383169,
      "Q1": 0.6627851441975228,
      "Q2": 0.6764922422319949,
      "Q3": 0.6624161886812896,
      "S1": 0.562761203114584,
      "S2": 0.5751407906157827,
      "S3": 0.5238819350998977,
      "S4": 0.6429885600677615
    },
    {
      "latent_weight": 0.5,
      "avg_log_loss": 0.6143496157965436,
      "drift_vs_reference": 0.0855011334419625,
      "Q1": 0.6627851441975227,
      "Q2": 0.6726351942419646,
      "Q3": 0.6619506768888835,
      "S1": 0.5622664349665114,
      "S2": 0.5749033457904017,
      "S3": 0.5232194158884108,
      "S4": 0.6426870986021103
    },
    {
      "latent_weight": 0.65,
      "avg_log_loss": 0.6136237648840072,
      "drift_vs_reference": 0.08842839876891286,
      "Q1": 0.6627851441975228,
      "Q2": 0.6692639102960627,
      "Q3": 0.6616043875078326,
      "S1": 0.5619248816678313,
      "S2": 0.5747056947390085,
      "S3": 0.5226534181894106,
      "S4": 0.6424289175903816
    },
    {
      "latent_weight": 0.8,
      "avg_log_loss": 0.6130311109270072,
      "drift_vs_reference": 0.09145446374156392,
      "Q1": 0.6627851441975227,
      "Q2": 0.6663694660695786,
      "Q3": 0.6613788648076985,
      "S1": 0.5617390874056182,
      "S2": 0.5745464443696174,
      "S3": 0.5221834474282709,
      "S4": 0.6422153222107444
    },
    {
      "latent_weight": 1.0,
      "avg_log_loss": 0.6124483661667259,
      "drift_vs_reference": 0.09565161173369027,
      "Q1": 0.6627851441975227,
      "Q2": 0.6632436246339598,