{
  "baseline": "q3w100",
  "promotion_rule": {
    "overall_p025": "> 0",
    "late_delta": ">= -0.0015",
    "tail20_delta": ">= -0.0025",
    "worst_subject_delta": ">= -0.006",
    "worst_late_target_delta": ">= -0.01"
  },
  "summary": [
    {
      "name": "v22",
      "avg_log_loss": 0.574234686523467,
      "overall_p025": 0.0002355828264407677,
      "overall_improvement": 0.0014470468675221498,
      "early_delta": 0.0,
      "mid_delta": 0.0013521933842590705,
      "late_delta": 0.0029763069927558616,
      "tail20_delta": 0.004169183820018074,
      "late_p025": -4.8056818739807466e-05,
      "tail20_p025": -0.0002521780006614066,
      "worst_subject_delta": -0.0020238457777629337,
      "worst_late_target_delta": 0.0,
      "promote": true
    },
    {
      "name": "q3w100",
      "avg_log_loss": 0.575681733390989,
      "overall_p025": 0.0,
      "overall_improvement": 0.0,
      "early_delta": 0.0,
      "mid_delta": 0.0,
      "late_delta": 0.0,
      "tail20_delta": 0.0,
      "late_p025": 0.0,
      "tail20_p025": 0.0,
      "worst_subject_delta": 0.0,
      "worst_late_target_delta": 0.0,
      "promote": false
    }
  ]
}