{
  "view": "only_rhythm",
  "device": "mps",
  "sequence": {
    "n_days": 700.0,
    "n_base_features": 31.0,
    "n_token_features": 131.0,
    "mean_missing_fraction": 0.17440380184331794,
    "add_deviation_features": 1.0
  },
  "n_features": 131,
  "epochs": 50,
  "final_ssl_loss": 0.6256155688422067,
  "best_global_source": "transformer_logreg_c0p03_w0p1",
  "best_global_avg_log_loss": 0.6273103156063128,
  "best_global_per_target": {
    "Q1": 0.6722014685070326,
    "Q2": 0.7013590144107303,
    "Q3": 0.6746389484033325,
    "S1": 0.5759711959725218,
    "S2": 0.5807430426963076,
    "S3": 0.5389237259530845,
    "S4": 0.6473348133011791
  },
  "targetwise_avg_log_loss": 0.6245589612268183,
  "targetwise_per_target": {
    "Q1": 0.6721770581393399,
    "Q2": 0.6960388695702591,
    "Q3": 0.6692054638661518,
    "S1": 0.5746042828750975,
    "S2": 0.5798055458364492,
    "S3": 0.5330309613778893,
    "S4": 0.647050546922541
  },
  "targetwise_sources": {
    "Q1": "subject_prior_a16",
    "Q2": "transformer_logreg_c0p03_w0p35",
    "Q3": "transformer_logreg_c0p3_w0p35",
    "S1": "transformer_ridge_resid_a1_w0p35",
    "S2": "transformer_ridge_resid_a1_w0p2",
    "S3": "subject_prior_a4",
    "S4": "transformer_ridge_resid_a1_w0p35"
  },
  "targetwise_source_losses": {
    "Q1": 0.6721770581393399,
    "Q2": 0.6960388695702591,
    "Q3": 0.6692054638661518,
    "S1": 0.5746042828750975,
    "S2": 0.5798055458364492,
    "S3": 0.5330309613778893,
    "S4": 0.647050546922541
  },
  "drift_vs_reference_best_global": {
    "reference": "outputs/v83_repaired_v80/submission_v83_gq015_gs010.csv",
    "mean_abs_drift": 0.06589080626241846,
    "max_abs_drift": 0.30439513380157923,
    "corr": 0.8824498467691266,
    "target_mean": {
      "Q1": 0.5010704165017404,
      "Q2": 0.5589106267999306,
      "Q3": 0.6027470616400034,
      "S1": 0.6907052941032922,
      "S2": 0.6576995747705109,
      "S3": 0.6728021865161797,
      "S4": 0.559703613801796
    },
    "target_mean_shift": {
      "Q1": -0.009297780400215632,
      "Q2": -0.010407688256529588,
      "Q3": -0.009239700021194978,
      "S1": 0.008092906892192876,
      "S2": 0.013774326116511006,
      "S3": 0.01416136561922417,
      "S4": 0.006689691779108582
    },
    "panel_mean_abs_drift": {
      "early": 0.05476364124321394,
      "mid": 0.06858458453703907,
      "late": 0.07399485255396268
    }
  },
  "drift_vs_reference_targetwise": {
    "reference": "outputs/v83_repaired_v80/submission_v83_gq015_gs010.csv",
    "mean_abs_drift": 0.06513372511764942,
    "max_abs_drift": 0.339416025577255,
    "corr": 0.8729112668913018,
    "target_mean": {
      "Q1": 0.49965650813885837,
      "Q2": 0.5597219066836535,
      "Q3": 0.5997727891693028,
      "S1": 0.690000638015305,
      "S2": 0.6584486297433381,
      "S3": 0.6743072986995421,
      "S4": 0.5599624396965921
    },
    "target_mean_shift": {
      "Q1": -0.01071168876309774,
      "Q2": -0.009596408372806571,
      "Q3": -0.012213972491895628,
      "S1": 0.007388250804205509,
      "S2": 0.014523381089338129,
      "S3": 0.01566647780258651,
      "S4": 0.0069485176739047865
    },
    "panel_mean_abs_drift": {
      "early": 0.05053499568967139,
      "mid": 0.0677420672602735,
      "late": 0.07667023588537179
    }
  },
  "ssl_loss_history": [
    1.321178501674107,
    1.3046316855294364,
    1.2893293271745954,
    1.2775294828414916,
    1.2789955595561435,
    1.265288130896432,
    1.246056033543178,
    1.2449657542364938,
    1.2264873041425433,
    1.2208688933508738,
    1.2076768963677542,
    1.19639075756073,
    1.1825838129861015,
    1.160148789542062,
    1.1466415187290737,
    1.1169123997007098,
    1.1069738571984427,
    1.079645073073251,
    1.0676337105887277,
    1.035143850190299,
    1.0063824786458697,
    0.9766965372221811,
    0.950396033355168,
    0.9186524568285261,
    0.8940628698893955,
    0.864557283946446,
    0.8368357379095895,
    0.8065935100827898,
    0.7771023127010891,
    0.75146162714277,
    0.7278115340641567,
    0.7063652927534921,
    0.6776941326686314,
    0.66814040184021,
    0.6613592185292925,
    0.6421509572437831,
    0.642907350063324,
    0.6410802248546056,
    0.6312341942105975,
    0.6278992332730975,
    0.6255683510644096,
    0.6238198522159032,
    0.6213044224466596,
    0.6172501512936184,
    0.6278956982067653,
    0.6258621444020952,
    0.6237055587768555,
    0.6455522762026106,
    0.6228690273421151,
    0.6256155688422067
  ]
}