feature_set,subject_id_accuracy,chance_accuracy,leakage_lift_vs_chance
raw_lifelog_pca,0.9577777777777777,0.12666666666666668,0.831111111111111
existing_cohort_human_state,0.9133333333333333,0.12666666666666668,0.7866666666666666
absolute_world_model_predicted,0.8844444444444445,0.12666666666666668,0.7577777777777778
absolute_world_model_full,0.9222222222222223,0.12666666666666668,0.7955555555555556
subject_relative_world_model_predicted,0.07333333333333333,0.12666666666666668,-0.053333333333333344
subject_relative_world_model_energy,0.5177777777777778,0.12666666666666668,0.3911111111111111
subject_relative_world_model_full,0.2577777777777778,0.12666666666666668,0.1311111111111111
hybrid_absolute_relative_world_model,0.6977777777777778,0.12666666666666668,0.5711111111111111
