{
  "view": "no_sleep",
  "encoder_type": "gru",
  "encoder_params": 3175,
  "device": "mps",
  "sequence": {
    "n_days": 700.0,
    "n_base_features": 82.0,
    "n_token_features": 335.0,
    "mean_missing_fraction": 0.08443706445993032,
    "add_deviation_features": 1.0
  },
  "n_features": 335,
  "epochs": 50,
  "final_ssl_loss": 0.48907260792596,
  "best_global_source": "transformer_ridge_resid_a1_w0p35",
  "best_global_avg_log_loss": 0.6272773205504174,
  "best_global_per_target": {
    "Q1": 0.6737770224627092,
    "Q2": 0.703008035654096,
    "Q3": 0.6774437129437841,
    "S1": 0.5755805674758737,
    "S2": 0.5804563307264045,
    "S3": 0.5348709440031078,
    "S4": 0.645804630586946
  },
  "targetwise_avg_log_loss": 0.6243962863462187,
  "targetwise_per_target": {
    "Q1": 0.671797377333344,
    "Q2": 0.6924806880309147,
    "Q3": 0.6722888293613488,
    "S1": 0.5755150646547381,
    "S2": 0.5798564530783497,
    "S3": 0.5330309613778893,
    "S4": 0.645804630586946
  },
  "targetwise_sources": {
    "Q1": "transformer_logreg_c0p3_w0p2",
    "Q2": "transformer_logreg_c0p3_w0p35",
    "Q3": "transformer_logreg_c0p03_w0p35",
    "S1": "transformer_ridge_resid_a1_w0p2",
    "S2": "subject_prior_a8",
    "S3": "subject_prior_a4",
    "S4": "transformer_ridge_resid_a1_w0p35"
  },
  "targetwise_source_losses": {
    "Q1": 0.671797377333344,
    "Q2": 0.6924806880309147,
    "Q3": 0.6722888293613488,
    "S1": 0.5755150646547381,
    "S2": 0.5798564530783497,
    "S3": 0.5330309613778893,
    "S4": 0.645804630586946
  },
  "drift_vs_reference_best_global": {
    "reference": "outputs/v83_repaired_v80/submission_v83_gq015_gs010.csv",
    "mean_abs_drift": 0.06504308067465865,
    "max_abs_drift": 0.32975664550443184,
    "corr": 0.8764362853648024,
    "target_mean": {
      "Q1": 0.5061142593296996,
      "Q2": 0.564861354794165,
      "Q3": 0.6013139344741509,
      "S1": 0.6916768772139196,
      "S2": 0.6593102556937491,
      "S3": 0.6700453991168754,
      "S4": 0.5656035318687066
    },
    "target_mean_shift": {
      "Q1": -0.004253937572256437,
      "Q2": -0.004456960262295239,
      "Q3": -0.0106728271870474,
      "S1": 0.009064490002820252,
      "S2": 0.015385007039749148,
      "S3": 0.011404578219919668,
      "S4": 0.012589609846019208
    },
    "panel_mean_abs_drift": {
      "early": 0.05032093855258344,
      "mid": 0.06743042564192041,
      "late": 0.07691444563615793
    }
  },
  "drift_vs_reference_targetwise": {
    "reference": "outputs/v83_repaired_v80/submission_v83_gq015_gs010.csv",
    "mean_abs_drift": 0.06751274000312137,
    "max_abs_drift": 0.3176361042348014,
    "corr": 0.867502865521795,
    "target_mean": {
      "Q1": 0.5022826005413417,
      "Q2": 0.5655144632137119,
      "Q3": 0.60132275376498,
      "S1": 0.6919815526743409,
      "S2": 0.6582781981365899,
      "S3": 0.6743072986995421,
      "S4": 0.5656035318687066
    },
    "target_mean_shift": {
      "Q1": -0.008085596360614303,
      "Q2": -0.0038038518427481486,
      "Q3": -0.010664007896218347,
      "S1": 0.009369165463241525,
      "S2": 0.014352949482590006,
      "S3": 0.01566647780258651,
      "S4": 0.012589609846019208
    },
    "panel_mean_abs_drift": {
      "early": 0.053455053131840014,
      "mid": 0.07005765929752147,
      "late": 0.07858923437970801
    }
  },
  "ssl_loss_history": [
    0.9110933859007699,
    0.9055595973559788,
    0.8902524209022522,
    0.8804428734098162,
    0.8547074740273611,
    0.8603211484636579,
    0.8485176835741316,
    0.851078450679779,
    0.8382142223630633,
    0.8250070347104754,
    0.8152022436686924,
    0.8105318423679897,
    0.8029247420174735,
    0.7846695300510952,
    0.779546651499612,
    0.7672717779023307,
    0.7539256794112069,
    0.7428076355797903,
    0.7358446025848389,
    0.7206311648232596,
    0.7090566682815552,
    0.6962921510423933,
    0.6757294603756496,
    0.6626306533813476,
    0.6559411876542227,
    0.6503331695284162,
    0.6286546468734742,
    0.6188579290253775,
    0.6102218355451311,
    0.5859251778466361,
    0.5786199167796544,
    0.5718764410700117,
    0.5553666135243007,
    0.5450243544578552,
    0.5383428992543902,
    0.5213206877027239,
    0.5294452340262277,
    0.5211943554878234,
    0.5108019927569798,
    0.5125040207590376,
    0.5046462198666164,
    0.5051424278531755,
    0.4957667294570378,
    0.49871356793812344,
    0.4887017113821847,
    0.491990305355617,
    0.4926144896234785,
    0.4864561355113983,
    0.4789752880164555,
    0.48907260792596
  ]
}