target,selected_loss,base_loss,delta_vs_base,most_common_family
Q1,0.6691817177735858,0.6691817177735858,0.0,best_late_fusion
Q2,0.6992132912296122,0.7016929759704349,-0.0024796847408226743,best_late_fusion
Q3,0.6767406096500848,0.6738888587098408,0.0028517509402438803,event_rhythm
S1,0.5708954587854569,0.5708954587854569,0.0,best_late_fusion
S2,0.5783156553303062,0.5783156553303062,0.0,best_late_fusion
S3,0.5251202551583003,0.5251202551583003,0.0,best_late_fusion
S4,0.6408542560913184,0.6432464279775342,-0.002392171886215788,event_rhythm
