{
  "best_source": "targetwise",
  "best_avg_log_loss": 0.6169801221383912,
  "best_per_target": {
    "Q1": 0.6627144043880686,
    "Q2": 0.6863549521941337,
    "Q3": 0.6593967451692085,
    "S1": 0.5644987518397367,
    "S2": 0.5758574619922732,
    "S3": 0.5262208624382864,
    "S4": 0.6438176769470311
  },
  "best_global_source": "full__cls_plus_all_groups__transformer_logreg_c0p1_w0p1",
  "best_global_avg_log_loss": 0.6228426122551511,
  "best_global_per_target": {
    "Q1": 0.670723287828888,
    "Q2": 0.690625759449591,
    "Q3": 0.6686938593682171,
    "S1": 0.5733813106936294,
    "S2": 0.5786844088524851,
    "S3": 0.5262353500628563,
    "S4": 0.6515543095303911
  },
  "targetwise_avg_log_loss": 0.6169801221383912,
  "targetwise_per_target": {
    "Q1": 0.6627144043880686,
    "Q2": 0.6863549521941337,
    "Q3": 0.6593967451692085,
    "S1": 0.5644987518397367,
    "S2": 0.5758574619922732,
    "S3": 0.5262208624382864,
    "S4": 0.6438176769470311
  },
  "targetwise_sources": {
    "Q1": "full__cls_plus_physio__abs_plus_subrel_train__transformer_ridge_resid_a5_w0p1",
    "Q2": "only_cross_modal__cls_plus_all_groups__subrel_train__transformer_logreg_c0p1_w0p1",
    "Q3": "full__cls_plus_all_groups__subrel_train__transformer_ridge_resid_a5_w0p1",
    "S1": "full__cls_plus_physio__abs_plus_subrel_train__transformer_ridge_resid_a5_w0p1",
    "S2": "full__cls_plus_body__transformer_logreg_c0p1_w0p1",
    "S3": "full__cls_plus_all_groups__abs_plus_subrel_train__transformer_logreg_c0p1_w0p1",
    "S4": "only_event__cls__abs_plus_subrel_train__transformer_ridge_resid_a5_w0p1"
  },
  "targetwise_source_losses": {
    "Q1": 0.6627144043880686,
    "Q2": 0.6863549521941337,
    "Q3": 0.6593967451692085,
    "S1": 0.5644987518397367,
    "S2": 0.5758574619922732,
    "S3": 0.5262208624382864,
    "S4": 0.6438176769470311
  },
  "drift_vs_reference_best": {
    "reference": "outputs/v83_repaired_v80/submission_v83_gq015_gs010.csv",
    "mean_abs_drift": 0.0772241074114874,
    "max_abs_drift": 0.44612231177478867,
    "corr": 0.826033448324796,
    "target_mean": {
      "Q1": 0.517459196406877,
      "Q2": 0.5539801852699358,
      "Q3": 0.5824345429994355,
      "S1": 0.7161729263574897,
      "S2": 0.6465166485730028,
      "S3": 0.6709518059400442,
      "S4": 0.5645664965255378
    },
    "target_mean_shift": {
      "Q1": 0.007090999504921068,
      "Q2": -0.015338129786524402,
      "Q3": -0.02955221866176281,
      "S1": 0.03356053914639035,
      "S2": 0.002591399919002911,
      "S3": 0.012310985043088538,
      "S4": 0.01155257450285029
    },
    "panel_mean_abs_drift": {
      "early": 0.06117833549260704,
      "mid": 0.07701007146671825,
      "late": 0.09291255777341713
    }
  },
  "drift_vs_reference_global": {
    "reference": "outputs/v83_repaired_v80/submission_v83_gq015_gs010.csv",
    "mean_abs_drift": 0.0681516787399691,
    "max_abs_drift": 0.3365988543470789,
    "corr": 0.8672224583325491,
    "target_mean": {
      "Q1": 0.49909650722417476,
      "Q2": 0.5445436612599978,
      "Q3": 0.6113186860758697,
      "S1": 0.6943756017243999,
      "S2": 0.6572987621460934,
      "S3": 0.6542452766517123,
      "S4": 0.560431068557899
    },
    "target_mean_shift": {
      "Q1": -0.01127168967778136,
      "Q2": -0.024774653796462407,
      "Q3": -0.0006680755853287322,
      "S1": 0.011763214513300622,
      "S2": 0.013373513492093437,
      "S3": -0.004395544245243387,
      "S4": 0.007417146535211624
    },
    "panel_mean_abs_drift": {
      "early": 0.05456339670723644,
      "mid": 0.06977511280818838,
      "late": 0.07967513872846173
    }
  },
  "drift_vs_reference_targetwise": {
    "reference": "outputs/v83_repaired_v80/submission_v83_gq015_gs010.csv",
    "mean_abs_drift": 0.0772241074114874,
    "max_abs_drift": 0.44612231177478867,
    "corr": 0.826033448324796,
    "target_mean": {
      "Q1": 0.517459196406877,
      "Q2": 0.5539801852699358,
      "Q3": 0.5824345429994355,
      "S1": 0.7161729263574897,
      "S2": 0.6465166485730028,
      "S3": 0.6709518059400442,
      "S4": 0.5645664965255378
    },
    "target_mean_shift": {
      "Q1": 0.007090999504921068,
      "Q2": -0.015338129786524402,
      "Q3": -0.02955221866176281,
      "S1": 0.03356053914639035,
      "S2": 0.002591399919002911,
      "S3": 0.012310985043088538,
      "S4": 0.01155257450285029
    },
    "panel_mean_abs_drift": {
      "early": 0.06117833549260704,
      "mid": 0.07701007146671825,
      "late": 0.09291255777341713
    }
  },
  "n_feature_candidates": 102,
  "candidate_mode": "curated",
  "view_group_counts": [
    {
      "view": "no_sleep",
      "group": "ambience",
      "channels": 7
    },
    {
      "view": "no_sleep",
      "group": "body",
      "channels": 5
    },
    {
      "view": "no_sleep",
      "group": "cross",
      "channels": 2
    },
    {
      "view": "no_sleep",
      "group": "event",
      "channels": 37
    },
    {
      "view": "no_sleep",
      "group": "light",
      "channels": 3
    },
    {
      "view": "no_sleep",
      "group": "mobility",
      "channels": 11
    },
    {
      "view": "no_sleep",
      "group": "other",
      "channels": 2
    },
    {
      "view": "no_sleep",
      "group": "phone",
      "channels": 12
    },
    {
      "view": "no_sleep",
      "group": "radio",
      "channels": 8
    },
    {
      "view": "full",
      "group": "ambience",
      "channels": 7
    },
    {
      "view": "full",
      "group": "body",
      "channels": 17
    },
    {
      "view": "full",
      "group": "cross",
      "channels": 2
    },
    {
      "view": "full",
      "group": "event",
      "channels": 45
    },
    {
      "view": "full",
      "group": "light",
      "channels": 6
    },
    {
      "view": "full",
      "group": "mobility",
      "channels": 11
    },
    {
      "view": "full",
      "group": "other",
      "channels": 2
    },
    {
      "view": "full",
      "group": "phone",
      "channels": 12
    },
    {
      "view": "full",
      "group": "radio",
      "channels": 8
    },
    {
      "view": "only_event",
      "group": "event",
      "channels": 45
    },
    {
      "view": "only_cross_modal",
      "group": "ambience",
      "channels": 7
    },
    {
      "view": "only_cross_modal",
      "group": "body",
      "channels": 1
    },
    {
      "view": "only_cross_modal",
      "group": "cross",
      "channels": 2
    },
    {
      "view": "only_cross_modal",
      "group": "event",
      "channels": 45
    },
    {
      "view": "only_cross_modal",
      "group": "mobility",
      "channels": 8
    },
    {
      "view": "only_cross_modal",
      "group": "phone",
      "channels": 6
    }
  ]
}