{
  "baseline": "multi_signal",
  "promotion_rule": {
    "overall_p025": "> 0",
    "late_delta": ">= -0.0015",
    "tail20_delta": ">= -0.0025",
    "worst_subject_delta": ">= -0.006",
    "worst_late_target_delta": ">= -0.01"
  },
  "summary": [
    {
      "name": "forward_prior_broadw",
      "avg_log_loss": 0.5739588538111923,
      "overall_p025": 0.0029611404279134626,
      "overall_improvement": 0.007633448692249756,
      "early_delta": 0.006645678712704828,
      "mid_delta": 0.005395958144065571,
      "late_delta": 0.010778609070501988,
      "tail20_delta": 0.006752823308355027,
      "late_p025": 0.003067652138552816,
      "tail20_p025": -0.0022831147352066596,
      "worst_subject_delta": -0.004516262792639725,
      "worst_late_target_delta": 0.0,
      "promote": true
    },
    {
      "name": "multi_signal",
      "avg_log_loss": 0.5815923025034421,
      "overall_p025": 0.0,
      "overall_improvement": 0.0,
      "early_delta": 0.0,
      "mid_delta": 0.0,
      "late_delta": 0.0,
      "tail20_delta": 0.0,
      "late_p025": 0.0,
      "tail20_p025": 0.0,
      "worst_subject_delta": 0.0,
      "worst_late_target_delta": 0.0,
      "promote": false
    }
  ]
}