view,ssl_loss,best_global,targetwise,drift_global,drift_targetwise,channels
no_sleep,0.571211963381086,0.6234156894477266,0.618766767072379,0.08505478888144948,0.1001799493331616,87
only_event,0.4725956756728036,0.6209076019253932,0.6190415594820567,0.09962523345019826,0.09664925447274715,45
full,0.5778270476205009,0.62278186023765,0.6197935658858909,0.09448315314671916,0.08597079003967606,110
only_cross_modal,0.4649380854197911,0.623726830447021,0.6207194371457216,0.08583859999177978,0.0953917153945404,69
