{
  "baseline": "multi_signal",
  "promotion_rule": {
    "overall_p025": "> 0",
    "late_delta": ">= -0.0015",
    "tail20_delta": ">= -0.0025",
    "worst_subject_delta": ">= -0.006",
    "worst_late_target_delta": ">= -0.01"
  },
  "summary": [
    {
      "name": "qranker_tail_full",
      "avg_log_loss": 0.5806920422088399,
      "overall_p025": 0.0001357145779409822,
      "overall_improvement": 0.0009002602946022114,
      "early_delta": 0.0,
      "mid_delta": 0.0005697209573167772,
      "late_delta": 0.0021142641568777654,
      "tail20_delta": 0.0027568199686941464,
      "late_p025": 1.6446988491924827e-05,
      "tail20_p025": -0.0006262381661789208,
      "worst_subject_delta": -0.0007643826158136857,
      "worst_late_target_delta": 0.0,
      "promote": true
    },
    {
      "name": "qranker_tail_w065",
      "avg_log_loss": 0.5808394897336239,
      "overall_p025": 0.00017757585478149682,
      "overall_improvement": 0.0007528127698181151,
      "early_delta": 0.0,
      "mid_delta": 0.0005697209573167772,
      "late_delta": 0.0016777418795563825,
      "tail20_delta": 0.002058384324980067,
      "late_p025": 0.0002510435549632662,
      "tail20_p025": -0.00019518924746342079,
      "worst_subject_delta": -0.0007643826158136857,
      "worst_late_target_delta": 0.0,
      "promote": true
    },
    {
      "name": "tail_q3_support_s4",
      "avg_log_loss": 0.5812959111196158,
      "overall_p025": 2.4061483222574322e-05,
      "overall_improvement": 0.00029639138382627763,
      "early_delta": 0.0,
      "mid_delta": 4.730873407032821e-05,
      "late_delta": 0.0008317219658782182,
      "tail20_delta": 0.0008594647144078982,
      "late_p025": 0.00015595249422479268,
      "tail20_p025": 2.3923485166160608e-05,
      "worst_subject_delta": -0.0006132271879879525,
      "worst_late_target_delta": 0.0,
      "promote": true
    },
    {
      "name": "multi_signal",
      "avg_log_loss": 0.5815923025034421,
      "overall_p025": 0.0,
      "overall_improvement": 0.0,
      "early_delta": 0.0,
      "mid_delta": 0.0,
      "late_delta": 0.0,
      "tail20_delta": 0.0,
      "late_p025": 0.0,
      "tail20_p025": 0.0,
      "worst_subject_delta": 0.0,
      "worst_late_target_delta": 0.0,
      "promote": false
    }
  ]
}