{
  "view": "only_rhythm",
  "encoder_type": "gru",
  "encoder_params": 1339,
  "device": "mps",
  "sequence": {
    "n_days": 700.0,
    "n_base_features": 31.0,
    "n_token_features": 131.0,
    "mean_missing_fraction": 0.17440380184331794,
    "add_deviation_features": 1.0
  },
  "n_features": 131,
  "epochs": 50,
  "final_ssl_loss": 0.6707986497879028,
  "best_global_source": "transformer_ridge_resid_a1_w0p35",
  "best_global_avg_log_loss": 0.6268416500383553,
  "best_global_per_target": {
    "Q1": 0.6723438574306176,
    "Q2": 0.7050077313823777,
    "Q3": 0.6794044066831644,
    "S1": 0.5763141465427667,
    "S2": 0.5761594439977341,
    "S3": 0.5360715766990941,
    "S4": 0.6425903875327329
  },
  "targetwise_avg_log_loss": 0.6234782241698843,
  "targetwise_per_target": {
    "Q1": 0.6708096379941161,
    "Q2": 0.6930827621878434,
    "Q3": 0.6730539756810231,
    "S1": 0.5756204004178511,
    "S2": 0.5761594439977341,
    "S3": 0.5330309613778893,
    "S4": 0.6425903875327329
  },
  "targetwise_sources": {
    "Q1": "transformer_logreg_c0p3_w0p2",
    "Q2": "transformer_logreg_c0p3_w0p35",
    "Q3": "transformer_logreg_c0p03_w0p35",
    "S1": "transformer_ridge_resid_a20_w0p1",
    "S2": "transformer_ridge_resid_a1_w0p35",
    "S3": "subject_prior_a4",
    "S4": "transformer_ridge_resid_a1_w0p35"
  },
  "targetwise_source_losses": {
    "Q1": 0.6708096379941161,
    "Q2": 0.6930827621878434,
    "Q3": 0.6730539756810231,
    "S1": 0.5756204004178511,
    "S2": 0.5761594439977341,
    "S3": 0.5330309613778893,
    "S4": 0.6425903875327329
  },
  "drift_vs_reference_best_global": {
    "reference": "outputs/v83_repaired_v80/submission_v83_gq015_gs010.csv",
    "mean_abs_drift": 0.0643871908169201,
    "max_abs_drift": 0.3660970568995266,
    "corr": 0.8756979706625392,
    "target_mean": {
      "Q1": 0.504490370331917,
      "Q2": 0.5612499076620406,
      "Q3": 0.6041440888847429,
      "S1": 0.6920699420653025,
      "S2": 0.6594803326723052,
      "S3": 0.6720528230964774,
      "S4": 0.5610656526787566
    },
    "target_mean_shift": {
      "Q1": -0.005877826570039052,
      "Q2": -0.008068407394419613,
      "Q3": -0.007842672776455442,
      "S1": 0.009457554854203054,
      "S2": 0.015555084018305184,
      "S3": 0.01341200219952169,
      "S4": 0.008051730656069105
    },
    "panel_mean_abs_drift": {
      "early": 0.04839527897879608,
      "mid": 0.06670963907619487,
      "late": 0.07754687981934791
    }
  },
  "drift_vs_reference_targetwise": {
    "reference": "outputs/v83_repaired_v80/submission_v83_gq015_gs010.csv",
    "mean_abs_drift": 0.0675523735910877,
    "max_abs_drift": 0.3660970568995266,
    "corr": 0.8641223436466982,
    "target_mean": {
      "Q1": 0.5005271725999941,
      "Q2": 0.5624938301748693,
      "Q3": 0.6010001567571701,
      "S1": 0.6922719759028335,
      "S2": 0.6594803326723052,
      "S3": 0.6743072986995421,
      "S4": 0.5610656526787566
    },
    "target_mean_shift": {
      "Q1": -0.009841024301961862,
      "Q2": -0.006824484881590912,
      "Q3": -0.010986604904028311,
      "S1": 0.009659588691734137,
      "S2": 0.015555084018305184,
      "S3": 0.01566647780258651,
      "S4": 0.008051730656069105
    },
    "panel_mean_abs_drift": {
      "early": 0.05267818838286866,
      "mid": 0.0694811269806184,
      "late": 0.08001821659982788
    }
  },
  "ssl_loss_history": [
    1.263831454685756,
    1.251555380821228,
    1.231452215058463,
    1.2214717851366315,
    1.2110820320674351,
    1.1976043265206473,
    1.195786783354623,
    1.1645861809594291,
    1.1616372694287982,
    1.155531826700483,
    1.1389199938092913,
    1.116988159588405,
    1.1160854298727854,
    1.097400064468384,
    1.0922539833613805,
    1.0850729022707257,
    1.0850629254749844,
    1.0677127722331456,
    1.0554710027149745,
    1.0607837888172695,
    1.0412683902468,
    1.044171508380345,
    1.0290203823362079,
    1.0242828859601703,
    1.0033390137127467,
    1.0016623054231917,
    0.991527465411595,
    0.9983356128420149,
    0.9888518387930734,
    0.9819003404889788,
    0.9644989820889064,
    0.9609991822923932,
    0.952887065751212,
    0.9558313543455942,
    0.9348638841084072,
    0.9417399045399257,
    0.9144120233399528,
    0.9131646708079747,
    0.898852253981999,
    0.8758532963480268,
    0.8611225298472813,
    0.8421427723339626,
    0.8236744563920158,
    0.7939198456491743,
    0.775670005934579,
    0.7538923818724496,
    0.7308538900102888,
    0.708373406614576,
    0.6919911309650966,
    0.6707986497879028
  ]
}