{
  "best_source": "targetwise",
  "best_avg_log_loss": 0.6242492642272633,
  "best_per_target": {
    "Q1": 0.6706970868996152,
    "Q2": 0.6955791551889962,
    "Q3": 0.671722390804806,
    "S1": 0.5749723756758169,
    "S2": 0.5790227724009432,
    "S3": 0.5347876459944689,
    "S4": 0.6429634226261972
  },
  "best_drift_vs_reference": {
    "reference": "outputs/v83_repaired_v80/submission_v83_gq015_gs010.csv",
    "mean_abs_drift": 0.06831535760487072,
    "max_abs_drift": 0.302958938579977,
    "corr": 0.870105800881928,
    "target_mean": {
      "Q1": 0.5023365517716791,
      "Q2": 0.5553869085873785,
      "Q3": 0.5989042569279873,
      "S1": 0.6883403161524376,
      "S2": 0.6563975752177796,
      "S3": 0.6739255079022918,
      "S4": 0.558327752290368
    },
    "target_mean_shift": {
      "Q1": -0.008031645130276861,
      "Q2": -0.013931406469081588,
      "Q3": -0.013082504733211008,
      "S1": 0.005727928941338153,
      "S2": 0.012472326563779624,
      "S3": 0.015284687005336198,
      "S4": 0.0053138302676806306
    },
    "panel_mean_abs_drift": {
      "early": 0.05546546181868611,
      "mid": 0.07105485129368724,
      "late": 0.07803669264363969
    }
  },
  "best_subject_drift_vs_reference": {
    "id01": 0.042646831045311605,
    "id02": 0.053292799220274224,
    "id03": 0.06371089116789162,
    "id04": 0.07492542487371641,
    "id05": 0.07573827171296589,
    "id06": 0.07045381505572999,
    "id07": 0.08086528601761814,
    "id08": 0.08520040865008167,
    "id09": 0.07059658770604481,
    "id10": 0.07403730552619593
  },
  "best_target_gain_vs_subject_prior": {
    "Q1": 0.0024823562648437214,
    "Q2": 0.009430888220303024,
    "Q3": 0.006047839542213329,
    "S1": 0.0007295373744088396,
    "S2": 0.000833680677406412,
    "S3": 0.0,
    "S4": 0.004308559648719901
  },
  "best_global_source": "no_sleep__absolute_plus_deviation__linear_k4_b0.1",
  "best_global_avg_log_loss": 0.626739437408703,
  "best_global_drift_vs_reference": {
    "reference": "outputs/v83_repaired_v80/submission_v83_gq015_gs010.csv",
    "mean_abs_drift": 0.06566275645951127,
    "max_abs_drift": 0.3100631034331697,
    "corr": 0.8803267678317183,
    "target_mean": {
      "Q1": 0.5026719674125476,
      "Q2": 0.5602924184272646,
      "Q3": 0.6022772036515405,
      "S1": 0.6885742014363571,
      "S2": 0.6556048500288831,
      "S3": 0.670899897536887,
      "S4": 0.5587902544391983
    },
    "target_mean_shift": {
      "Q1": -0.007696229489408467,
      "Q2": -0.009025896629195557,
      "Q3": -0.009709558009657912,
      "S1": 0.005961814225257669,
      "S2": 0.011679601374883148,
      "S3": 0.012259076639931182,
      "S4": 0.005776332416510839
    },
    "panel_mean_abs_drift": {
      "early": 0.053680366025101914,
      "mid": 0.06802545968031781,
      "late": 0.07491512879238915
    }
  },
  "targetwise_avg_log_loss": 0.6242492642272633,
  "targetwise_drift_vs_reference": {
    "reference": "outputs/v83_repaired_v80/submission_v83_gq015_gs010.csv",
    "mean_abs_drift": 0.06831535760487072,
    "max_abs_drift": 0.302958938579977,
    "corr": 0.870105800881928,
    "target_mean": {
      "Q1": 0.5023365517716791,
      "Q2": 0.5553869085873785,
      "Q3": 0.5989042569279873,
      "S1": 0.6883403161524376,
      "S2": 0.6563975752177796,
      "S3": 0.6739255079022918,
      "S4": 0.558327752290368
    },
    "target_mean_shift": {
      "Q1": -0.008031645130276861,
      "Q2": -0.013931406469081588,
      "Q3": -0.013082504733211008,
      "S1": 0.005727928941338153,
      "S2": 0.012472326563779624,
      "S3": 0.015284687005336198,
      "S4": 0.0053138302676806306
    },
    "panel_mean_abs_drift": {
      "early": 0.05546546181868611,
      "mid": 0.07105485129368724,
      "late": 0.07803669264363969
    }
  },
  "targetwise_sources": {
    "Q1": "no_sleep__absolute__linear_k1_b0.2",
    "Q2": "no_sleep__deviation__linear_k2_b0.2",
    "Q3": "no_sleep__absolute_plus_deviation__lowrank_r2_k2_wd0.1_b0.2",
    "S1": "no_sleep__deviation__linear_k2_b0.1",
    "S2": "no_sleep__absolute_plus_deviation__lowrank_r2_k4_wd0.1_b0.1",
    "S3": "subject_prior",
    "S4": "no_sleep__absolute_plus_deviation__linear_k4_b0.2"
  },
  "targetwise_source_losses": {
    "Q1": 0.6706970868996152,
    "Q2": 0.6955791551889962,
    "Q3": 0.671722390804806,
    "S1": 0.5749723756758169,
    "S2": 0.5790227724009432,
    "S3": 0.5347876459944689,
    "S4": 0.6429634226261972
  },
  "subject_prior_avg_log_loss": 0.6276539587598199,
  "n_candidates": 362,
  "views": [
    "no_sleep",
    "only_cross_modal",
    "only_event",
    "only_rhythm"
  ],
  "device": "mps"
}