{
  "policy": "nested_ge5_on_global",
  "avg_log_loss": 0.6252301771972396,
  "macro_f1_at_0p5": 0.7091441509737332,
  "per_target": {
    "Q1": 0.6723896044845546,
    "Q2": 0.6901393380120717,
    "Q3": 0.6752523881260539,
    "S1": 0.5762663013069679,
    "S2": 0.5798929704759818,
    "S3": 0.53687617344588,
    "S4": 0.6457944645291678
  },
  "sources": {
    "Q1": "only_cross_modal__absolute__lowrank_r2_k4_wd0.1_b0.1",
    "Q2": "only_cross_modal__deviation__linear_k4_b0.2",
    "Q3": "only_cross_modal__absolute__lowrank_r2_k4_wd0.1_b0.1",
    "S1": "only_cross_modal__absolute__lowrank_r2_k4_wd0.1_b0.1",
    "S2": "only_cross_modal__absolute__lowrank_r2_k4_wd0.1_b0.1",
    "S3": "only_cross_modal__absolute__lowrank_r2_k4_wd0.1_b0.1",
    "S4": "only_cross_modal__absolute__lowrank_r2_k4_wd0.1_b0.1"
  },
  "drift_vs_reference": {
    "reference": "outputs/v83_repaired_v80/submission_v83_gq015_gs010.csv",
    "mean_abs_drift": 0.06737730393052897,
    "max_abs_drift": 0.3047349921318313,
    "corr": 0.8827127090326978,
    "target_mean": {
      "Q1": 0.5024168984293937,
      "Q2": 0.5654703934192657,
      "Q3": 0.6029842422008515,
      "S1": 0.6844519383907318,
      "S2": 0.6513821399211883,
      "S3": 0.6637699601650238,
      "S4": 0.5596196502447128
    },
    "target_mean_shift": {
      "Q1": -0.007951298472562249,
      "Q2": -0.0038479216371944194,
      "Q3": -0.00900251946034693,
      "S1": 0.0018395511796324442,
      "S2": 0.007456891267188391,
      "S3": 0.005129139268068174,
      "S4": 0.00660572822202542
    },
    "panel_mean_abs_drift": {
      "early": 0.05659130734145333,
      "mid": 0.06937567017109932,
      "late": 0.07583127242860974
    }
  },
  "subject_drift_vs_reference": {
    "id01": 0.042272719809144925,
    "id02": 0.050206507688722216,
    "id03": 0.057781048063542804,
    "id04": 0.07076749605535433,
    "id05": 0.0764331610369256,
    "id06": 0.07886433677489539,
    "id07": 0.08314238183551763,
    "id08": 0.08112373646324196,
    "id09": 0.0679508956585929,
    "id10": 0.07291330926796329
  }
}