{
  "policy": "nested_ge4_on_global",
  "avg_log_loss": 0.6247896487130953,
  "macro_f1_at_0p5": 0.7082833181760415,
  "per_target": {
    "Q1": 0.6723896044845546,
    "Q2": 0.6901393380120717,
    "Q3": 0.6752523881260539,
    "S1": 0.5753393775147073,
    "S2": 0.5798929704759818,
    "S3": 0.5347193978491299,
    "S4": 0.6457944645291678
  },
  "sources": {
    "Q1": "only_cross_modal__absolute__lowrank_r2_k4_wd0.1_b0.1",
    "Q2": "only_cross_modal__deviation__linear_k4_b0.2",
    "Q3": "only_cross_modal__absolute__lowrank_r2_k4_wd0.1_b0.1",
    "S1": "only_event__absolute_plus_deviation__lowrank_r2_k4_wd0.1_b0.1",
    "S2": "only_cross_modal__absolute__lowrank_r2_k4_wd0.1_b0.1",
    "S3": "only_cross_modal__absolute_plus_deviation__mlp_h1_k4_wd0.1_b0.1",
    "S4": "only_cross_modal__absolute__lowrank_r2_k4_wd0.1_b0.1"
  },
  "drift_vs_reference": {
    "reference": "outputs/v83_repaired_v80/submission_v83_gq015_gs010.csv",
    "mean_abs_drift": 0.06646863190825868,
    "max_abs_drift": 0.3047349921318313,
    "corr": 0.8825338523676819,
    "target_mean": {
      "Q1": 0.5024168984293937,
      "Q2": 0.5654703934192657,
      "Q3": 0.6029842422008515,
      "S1": 0.6890579102039337,
      "S2": 0.6513821399211883,
      "S3": 0.6720947073101997,
      "S4": 0.5596196502447128
    },
    "target_mean_shift": {
      "Q1": -0.007951298472562249,
      "Q2": -0.0038479216371944194,
      "Q3": -0.00900251946034693,
      "S1": 0.006445522992834348,
      "S2": 0.007456891267188391,
      "S3": 0.013453886413244106,
      "S4": 0.00660572822202542
    },
    "panel_mean_abs_drift": {
      "early": 0.055194570012529094,
      "mid": 0.06874752710143603,
      "late": 0.07511951160727169
    }
  },
  "subject_drift_vs_reference": {
    "id01": 0.04386229286253688,
    "id02": 0.04973922643231897,
    "id03": 0.05705067533512544,
    "id04": 0.07162836310152888,
    "id05": 0.07477011471178047,
    "id06": 0.07386668769673939,
    "id07": 0.08087579522492644,
    "id08": 0.08105369334399534,
    "id09": 0.06815606587205239,
    "id10": 0.07089591434839983
  }
}