{
  "policy": "full_targetwise_upper_bound",
  "avg_log_loss": 0.6235996607124059,
  "macro_f1_at_0p5": 0.7094889863214845,
  "per_target": {
    "Q1": 0.6701819480594304,
    "Q2": 0.6901393380120717,
    "Q3": 0.6720885611140797,
    "S1": 0.5753393775147073,
    "S2": 0.5789792080631794,
    "S3": 0.5347193978491299,
    "S4": 0.6437497943742425
  },
  "sources": {
    "Q1": "only_rhythm__absolute__mlp_h1_k2_wd0.1_b0.2",
    "Q2": "only_cross_modal__deviation__linear_k4_b0.2",
    "Q3": "only_rhythm__absolute_plus_deviation__mlp_h1_k1_wd0.1_b0.2",
    "S1": "only_event__absolute_plus_deviation__lowrank_r2_k4_wd0.1_b0.1",
    "S2": "no_sleep__absolute_plus_deviation__lowrank_r2_k1_wd0.1_b0.1",
    "S3": "only_cross_modal__absolute_plus_deviation__mlp_h1_k4_wd0.1_b0.1",
    "S4": "only_cross_modal__deviation__lowrank_r1_k4_wd0.1_b0.2"
  },
  "drift_vs_reference": {
    "reference": "outputs/v83_repaired_v80/submission_v83_gq015_gs010.csv",
    "mean_abs_drift": 0.06817166218531229,
    "max_abs_drift": 0.30969880734408106,
    "corr": 0.878350686276591,
    "target_mean": {
      "Q1": 0.49870942521095274,
      "Q2": 0.5654703934192657,
      "Q3": 0.6042566252946854,
      "S1": 0.6890579102039337,
      "S2": 0.6479511040449143,
      "S3": 0.6720947073101997,
      "S4": 0.5621944383382798
    },
    "target_mean_shift": {
      "Q1": -0.011658771691003258,
      "Q2": -0.0038479216371944194,
      "Q3": -0.007730136366513005,
      "S1": 0.006445522992834348,
      "S2": 0.00402585539091428,
      "S3": 0.013453886413244106,
      "S4": 0.009180516315592314
    },
    "panel_mean_abs_drift": {
      "early": 0.05802682144745155,
      "mid": 0.07115018710150987,
      "late": 0.07505000774366738
    }
  },
  "subject_drift_vs_reference": {
    "id01": 0.04380514663329829,
    "id02": 0.052347043825510385,
    "id03": 0.06326125880136668,
    "id04": 0.0734260419325588,
    "id05": 0.07414931244579366,
    "id06": 0.07471400665849355,
    "id07": 0.08367312694053403,
    "id08": 0.08243639756863788,
    "id09": 0.06825414863970963,
    "id10": 0.07293011460668573
  }
}