{
  "policy": "nested_ge5_on_prior",
  "avg_log_loss": 0.6255295709130267,
  "macro_f1_at_0p5": 0.7033851617615253,
  "per_target": {
    "Q1": 0.6731794422471674,
    "Q2": 0.6901393380120717,
    "Q3": 0.6777702289866104,
    "S1": 0.5757019105062541,
    "S2": 0.5798564509827919,
    "S3": 0.5347876461794805,
    "S4": 0.6472719794768114
  },
  "sources": {
    "Q1": "subject_prior",
    "Q2": "only_cross_modal__deviation__linear_k4_b0.2",
    "Q3": "subject_prior",
    "S1": "subject_prior",
    "S2": "subject_prior",
    "S3": "subject_prior",
    "S4": "subject_prior"
  },
  "drift_vs_reference": {
    "reference": "outputs/v83_repaired_v80/submission_v83_gq015_gs010.csv",
    "mean_abs_drift": 0.06237689541866783,
    "max_abs_drift": 0.31101326857531275,
    "corr": 0.8853886933906109,
    "target_mean": {
      "Q1": 0.5014193546772003,
      "Q2": 0.5654703934192657,
      "Q3": 0.6037432565689087,
      "S1": 0.6923877832889557,
      "S2": 0.6582782040834427,
      "S3": 0.6739255083799363,
      "S4": 0.5592527530789375
    },
    "target_mean_shift": {
      "Q1": -0.008948842224755699,
      "Q2": -0.0038479216371944194,
      "Q3": -0.00824350509228968,
      "S1": 0.009775396077856323,
      "S2": 0.014352955429442727,
      "S3": 0.015284687482980588,
      "S4": 0.00623883105625012
    },
    "panel_mean_abs_drift": {
      "early": 0.04862816289334546,
      "mid": 0.0640970873492189,
      "late": 0.07396066173444074
    }
  },
  "subject_drift_vs_reference": {
    "id01": 0.04373858634455515,
    "id02": 0.04261515346197098,
    "id03": 0.05061992506385452,
    "id04": 0.06751002503401018,
    "id05": 0.07272563466675026,
    "id06": 0.06179089968882904,
    "id07": 0.08047127746718184,
    "id08": 0.07867682728034207,
    "id09": 0.06718145422233361,
    "id10": 0.06503139924741196
  }
}