{
  "policy": "nested_ge3_on_prior",
  "avg_log_loss": 0.6246563638852514,
  "macro_f1_at_0p5": 0.7077273346589693,
  "per_target": {
    "Q1": 0.6731794422471674,
    "Q2": 0.6901393380120717,
    "Q3": 0.6720885611140797,
    "S1": 0.5753393775147073,
    "S2": 0.5798564509827919,
    "S3": 0.5347193978491299,
    "S4": 0.6472719794768114
  },
  "sources": {
    "Q1": "subject_prior",
    "Q2": "only_cross_modal__deviation__linear_k4_b0.2",
    "Q3": "only_rhythm__absolute_plus_deviation__mlp_h1_k1_wd0.1_b0.2",
    "S1": "only_event__absolute_plus_deviation__lowrank_r2_k4_wd0.1_b0.1",
    "S2": "subject_prior",
    "S3": "only_cross_modal__absolute_plus_deviation__mlp_h1_k4_wd0.1_b0.1",
    "S4": "subject_prior"
  },
  "drift_vs_reference": {
    "reference": "outputs/v83_repaired_v80/submission_v83_gq015_gs010.csv",
    "mean_abs_drift": 0.06454986960097145,
    "max_abs_drift": 0.30969880734408106,
    "corr": 0.8825044526426019,
    "target_mean": {
      "Q1": 0.5014193546772003,
      "Q2": 0.5654703934192657,
      "Q3": 0.6042566252946854,
      "S1": 0.6890579102039337,
      "S2": 0.6582782040834427,
      "S3": 0.6720947073101997,
      "S4": 0.5592527530789375
    },
    "target_mean_shift": {
      "Q1": -0.008948842224755699,
      "Q2": -0.0038479216371944194,
      "Q3": -0.007730136366513005,
      "S1": 0.006445522992834348,
      "S2": 0.014352955429442727,
      "S3": 0.013453886413244106,
      "S4": 0.00623883105625012
    },
    "panel_mean_abs_drift": {
      "early": 0.052259562688754965,
      "mid": 0.06706203639116057,
      "late": 0.07395334399174859
    }
  },
  "subject_drift_vs_reference": {
    "id01": 0.044577838681803594,
    "id02": 0.04665260243862436,
    "id03": 0.053094298462705816,
    "id04": 0.07315116237472533,
    "id05": 0.07340505750320443,
    "id06": 0.06489389549913795,
    "id07": 0.08057429084523218,
    "id08": 0.0829578869611152,
    "id09": 0.06715137597171973,
    "id10": 0.06570206352557234
  }
}