{
  "policy": "best_global",
  "avg_log_loss": 0.6263711538007222,
  "macro_f1_at_0p5": 0.7076573832068583,
  "per_target": {
    "Q1": 0.6723896044845546,
    "Q2": 0.6981261742364493,
    "Q3": 0.6752523881260539,
    "S1": 0.5762663013069679,
    "S2": 0.5798929704759818,
    "S3": 0.53687617344588,
    "S4": 0.6457944645291678
  },
  "sources": {
    "Q1": "only_cross_modal__absolute__lowrank_r2_k4_wd0.1_b0.1",
    "Q2": "only_cross_modal__absolute__lowrank_r2_k4_wd0.1_b0.1",
    "Q3": "only_cross_modal__absolute__lowrank_r2_k4_wd0.1_b0.1",
    "S1": "only_cross_modal__absolute__lowrank_r2_k4_wd0.1_b0.1",
    "S2": "only_cross_modal__absolute__lowrank_r2_k4_wd0.1_b0.1",
    "S3": "only_cross_modal__absolute__lowrank_r2_k4_wd0.1_b0.1",
    "S4": "only_cross_modal__absolute__lowrank_r2_k4_wd0.1_b0.1"
  },
  "drift_vs_reference": {
    "reference": "outputs/v83_repaired_v80/submission_v83_gq015_gs010.csv",
    "mean_abs_drift": 0.06728574823088293,
    "max_abs_drift": 0.3047349921318313,
    "corr": 0.8821299543317911,
    "target_mean": {
      "Q1": 0.5024168984293937,
      "Q2": 0.5578707443475723,
      "Q3": 0.6029842422008515,
      "S1": 0.6844519383907318,
      "S2": 0.6513821399211883,
      "S3": 0.6637699601650238,
      "S4": 0.5596196502447128
    },
    "target_mean_shift": {
      "Q1": -0.007951298472562249,
      "Q2": -0.011447570708887841,
      "Q3": -0.00900251946034693,
      "S1": 0.0018395511796324442,
      "S2": 0.007456891267188391,
      "S3": 0.005129139268068174,
      "S4": 0.00660572822202542
    },
    "panel_mean_abs_drift": {
      "early": 0.056243410766148715,
      "mid": 0.06905003642356777,
      "late": 0.07621558060871074
    }
  },
  "subject_drift_vs_reference": {
    "id01": 0.04171986141028062,
    "id02": 0.04987990320326183,
    "id03": 0.05623936257316166,
    "id04": 0.07072044160755582,
    "id05": 0.07720842222983125,
    "id06": 0.08389397351721893,
    "id07": 0.07773957401510666,
    "id08": 0.08117053837694052,
    "id09": 0.06872855569073814,
    "id10": 0.07470157614516658
  }
}