{
  "policy": "nested_ge4_on_prior",
  "avg_log_loss": 0.6254680307241843,
  "macro_f1_at_0p5": 0.706170033831023,
  "per_target": {
    "Q1": 0.6731794422471674,
    "Q2": 0.6901393380120717,
    "Q3": 0.6777702289866104,
    "S1": 0.5753393775147073,
    "S2": 0.5798564509827919,
    "S3": 0.5347193978491299,
    "S4": 0.6472719794768114
  },
  "sources": {
    "Q1": "subject_prior",
    "Q2": "only_cross_modal__deviation__linear_k4_b0.2",
    "Q3": "subject_prior",
    "S1": "only_event__absolute_plus_deviation__lowrank_r2_k4_wd0.1_b0.1",
    "S2": "subject_prior",
    "S3": "only_cross_modal__absolute_plus_deviation__mlp_h1_k4_wd0.1_b0.1",
    "S4": "subject_prior"
  },
  "drift_vs_reference": {
    "reference": "outputs/v83_repaired_v80/submission_v83_gq015_gs010.csv",
    "mean_abs_drift": 0.06391244502515205,
    "max_abs_drift": 0.31101326857531275,
    "corr": 0.8839798298924734,
    "target_mean": {
      "Q1": 0.5014193546772003,
      "Q2": 0.5654703934192657,
      "Q3": 0.6037432565689087,
      "S1": 0.6890579102039337,
      "S2": 0.6582782040834427,
      "S3": 0.6720947073101997,
      "S4": 0.5592527530789375
    },
    "target_mean_shift": {
      "Q1": -0.008948842224755699,
      "Q2": -0.0038479216371944194,
      "Q3": -0.00824350509228968,
      "S1": 0.006445522992834348,
      "S2": 0.014352955429442727,
      "S3": 0.013453886413244106,
      "S4": 0.00623883105625012
    },
    "panel_mean_abs_drift": {
      "early": 0.050782847500804036,
      "mid": 0.06640349696438372,
      "late": 0.07414620603739099
    }
  },
  "subject_drift_vs_reference": {
    "id01": 0.04474882784024444,
    "id02": 0.04510029914364171,
    "id03": 0.05275284097310567,
    "id04": 0.06962603141152598,
    "id05": 0.0735059934047543,
    "id06": 0.06671038430157096,
    "id07": 0.08019847796299955,
    "id08": 0.07915503555844527,
    "id09": 0.06751047124996011,
    "id10": 0.06643695456688839
  }
}