{
  "policy": "nested_ge3_on_global",
  "avg_log_loss": 0.6243376734256704,
  "macro_f1_at_0p5": 0.7098406190039878,
  "per_target": {
    "Q1": 0.6723896044845546,
    "Q2": 0.6901393380120717,
    "Q3": 0.6720885611140797,
    "S1": 0.5753393775147073,
    "S2": 0.5798929704759818,
    "S3": 0.5347193978491299,
    "S4": 0.6457944645291678
  },
  "sources": {
    "Q1": "only_cross_modal__absolute__lowrank_r2_k4_wd0.1_b0.1",
    "Q2": "only_cross_modal__deviation__linear_k4_b0.2",
    "Q3": "only_rhythm__absolute_plus_deviation__mlp_h1_k1_wd0.1_b0.2",
    "S1": "only_event__absolute_plus_deviation__lowrank_r2_k4_wd0.1_b0.1",
    "S2": "only_cross_modal__absolute__lowrank_r2_k4_wd0.1_b0.1",
    "S3": "only_cross_modal__absolute_plus_deviation__mlp_h1_k4_wd0.1_b0.1",
    "S4": "only_cross_modal__absolute__lowrank_r2_k4_wd0.1_b0.1"
  },
  "drift_vs_reference": {
    "reference": "outputs/v83_repaired_v80/submission_v83_gq015_gs010.csv",
    "mean_abs_drift": 0.06676319990043823,
    "max_abs_drift": 0.30969880734408106,
    "corr": 0.8818903405241041,
    "target_mean": {
      "Q1": 0.5024168984293937,
      "Q2": 0.5654703934192657,
      "Q3": 0.6042566252946854,
      "S1": 0.6890579102039337,
      "S2": 0.6513821399211883,
      "S3": 0.6720947073101997,
      "S4": 0.5596196502447128
    },
    "target_mean_shift": {
      "Q1": -0.007951298472562249,
      "Q2": -0.0038479216371944194,
      "Q3": -0.007730136366513005,
      "S1": 0.006445522992834348,
      "S2": 0.007456891267188391,
      "S3": 0.013453886413244106,
      "S4": 0.00660572822202542
    },
    "panel_mean_abs_drift": {
      "early": 0.05598830464785975,
      "mid": 0.06912115307353177,
      "late": 0.07485533281037558
    }
  },
  "subject_drift_vs_reference": {
    "id01": 0.043690487215073154,
    "id02": 0.050383289937939106,
    "id03": 0.057804236653330496,
    "id04": 0.07301788392579979,
    "id05": 0.07463929259925259,
    "id06": 0.07305890036068508,
    "id07": 0.08122336345282151,
    "id08": 0.08297668416266438,
    "id09": 0.06771889229357814,
    "id10": 0.07050058903315343
  }
}