{
  "best_source": "targetwise",
  "best_avg_log_loss": 0.6235504988530922,
  "best_per_target": {
    "Q1": 0.6704601557472011,
    "Q2": 0.6891476885539826,
    "Q3": 0.6717835679837898,
    "S1": 0.5752969931152113,
    "S2": 0.5794734724172438,
    "S3": 0.5347876459944689,
    "S4": 0.6439039681597486
  },
  "best_drift_vs_reference": {
    "reference": "outputs/v83_repaired_v80/submission_v83_gq015_gs010.csv",
    "mean_abs_drift": 0.06717262303315609,
    "max_abs_drift": 0.29164433235962084,
    "corr": 0.8778887736637396,
    "target_mean": {
      "Q1": 0.5001048051940215,
      "Q2": 0.566741708985188,
      "Q3": 0.6037731070697511,
      "S1": 0.6889743976426589,
      "S2": 0.6540312284323889,
      "S3": 0.6739255079022918,
      "S4": 0.5623100860982074
    },
    "target_mean_shift": {
      "Q1": -0.01026339170793462,
      "Q2": -0.0025766060712719943,
      "Q3": -0.008213654591447322,
      "S1": 0.00636201043155959,
      "S2": 0.010105979778388957,
      "S3": 0.015284687005336198,
      "S4": 0.009296164075519945
    },
    "panel_mean_abs_drift": {
      "early": 0.056616800104128354,
      "mid": 0.07013502660801936,
      "late": 0.07446318754452813
    }
  },
  "best_subject_drift_vs_reference": {
    "id01": 0.04424787483672127,
    "id02": 0.05393691773570591,
    "id03": 0.06049408524157005,
    "id04": 0.07130353096745104,
    "id05": 0.07279475879638404,
    "id06": 0.06923201285052923,
    "id07": 0.08425625593323298,
    "id08": 0.0838866405550216,
    "id09": 0.066923448455546,
    "id10": 0.07082661109008649
  },
  "best_target_gain_vs_subject_prior": {
    "Q1": 0.0027192874172577985,
    "Q2": 0.015862354855316618,
    "Q3": 0.0059866623632295335,
    "S1": 0.00040491993501445833,
    "S2": 0.0003829806611058695,
    "S3": 0.0,
    "S4": 0.003368014115168516
  },
  "best_global_source": "only_cross_modal__absolute__lowrank_r2_k4_wd0.1_b0.1",
  "best_global_avg_log_loss": 0.6265073705194303,
  "best_global_drift_vs_reference": {
    "reference": "outputs/v83_repaired_v80/submission_v83_gq015_gs010.csv",
    "mean_abs_drift": 0.06720829607646037,
    "max_abs_drift": 0.30312315731815276,
    "corr": 0.8829492288802384,
    "target_mean": {
      "Q1": 0.501823877336101,
      "Q2": 0.5584772506276725,
      "Q3": 0.6031324423901965,
      "S1": 0.6848253877056111,
      "S2": 0.6512682503755707,
      "S3": 0.6627081236012466,
      "S4": 0.5594092373943627
    },
    "target_mean_shift": {
      "Q1": -0.008544319565855002,
      "Q2": -0.010841064428787583,
      "Q3": -0.008854319271001861,
      "S1": 0.002213000494511631,
      "S2": 0.007343001721570705,
      "S3": 0.00406730270429095,
      "S4": 0.006395315371675239
    },
    "panel_mean_abs_drift": {
      "early": 0.0562793708006229,
      "mid": 0.06887833705723291,
      "late": 0.07612074867898451
    }
  },
  "targetwise_avg_log_loss": 0.6235504988530922,
  "targetwise_drift_vs_reference": {
    "reference": "outputs/v83_repaired_v80/submission_v83_gq015_gs010.csv",
    "mean_abs_drift": 0.06717262303315609,
    "max_abs_drift": 0.29164433235962084,
    "corr": 0.8778887736637396,
    "target_mean": {
      "Q1": 0.5001048051940215,
      "Q2": 0.566741708985188,
      "Q3": 0.6037731070697511,
      "S1": 0.6889743976426589,
      "S2": 0.6540312284323889,
      "S3": 0.6739255079022918,
      "S4": 0.5623100860982074
    },
    "target_mean_shift": {
      "Q1": -0.01026339170793462,
      "Q2": -0.0025766060712719943,
      "Q3": -0.008213654591447322,
      "S1": 0.00636201043155959,
      "S2": 0.010105979778388957,
      "S3": 0.015284687005336198,
      "S4": 0.009296164075519945
    },
    "panel_mean_abs_drift": {
      "early": 0.056616800104128354,
      "mid": 0.07013502660801936,
      "late": 0.07446318754452813
    }
  },
  "targetwise_sources": {
    "Q1": "only_event__absolute_plus_deviation__mlp_h1_k4_wd0.1_b0.2",
    "Q2": "only_cross_modal__deviation__linear_k4_b0.2",
    "Q3": "only_rhythm__absolute__linear_k2_b0.2",
    "S1": "only_rhythm__absolute__linear_k2_b0.1",
    "S2": "only_rhythm__deviation__lowrank_r2_k1_wd0.1_b0.1",
    "S3": "subject_prior",
    "S4": "no_sleep__deviation__lowrank_r2_k1_wd0.1_b0.2"
  },
  "targetwise_source_losses": {
    "Q1": 0.6704601557472011,
    "Q2": 0.6891476885539826,
    "Q3": 0.6717835679837898,
    "S1": 0.5752969931152113,
    "S2": 0.5794734724172438,
    "S3": 0.5347876459944689,
    "S4": 0.6439039681597486
  },
  "subject_prior_avg_log_loss": 0.6276539587598199,
  "n_candidates": 362,
  "views": [
    "no_sleep",
    "only_cross_modal",
    "only_event",
    "only_rhythm"
  ],
  "device": "mps"
}