view,ssl_loss,best_global,targetwise,drift_global,drift_targetwise
no_sleep,0.31428330183029174,0.6264336677871035,0.6225818542318333,0.06741052980875341,0.07326220613641586
no_event,0.37126865931919645,0.6266657378277392,0.6233808085512288,0.06688835464778196,0.06956375990128782
full,0.33514292325292316,0.6266231096791844,0.6234723830482903,0.06451720817485782,0.06995709013294166
only_cross_modal,0.21455074523176465,0.6265200531094687,0.6236964943295163,0.07023901945148664,0.07177911860996676
only_event,0.21561114055769784,0.6273934923445604,0.6237007761389852,0.0643688878929432,0.06824486482821093
