{
  "baseline": "v36a",
  "base_avg_log_loss": 0.5636512002069283,
  "base_targets": {
    "Q1": 0.6229089036576567,
    "Q2": 0.6015446851390505,
    "Q3": 0.5808181491118762,
    "S1": 0.542876211922032,
    "S2": 0.5216020735854402,
    "S3": 0.49350229428993797,
    "S4": 0.582306083742504
  },
  "final_avg_log_loss": 0.5632751168810014,
  "final_targets": {
    "Q1": 0.6216499144196274,
    "Q2": 0.6015446851390505,
    "Q3": 0.5804854284035567,
    "S1": 0.5422364307363464,
    "S2": 0.5214226553407659,
    "S3": 0.49328062038515885,
    "S4": 0.582306083742504
  },
  "improvement": 0.0003760833259268681,
  "fold_deltas": [
    0.0,
    0.0,
    0.0008121846295008788,
    0.001095732130833289,
    0.0
  ],
  "subject_deltas": {
    "id01": 0.0009070132029445688,
    "id02": 6.359411857781092e-05,
    "id03": 9.049212495600607e-05,
    "id04": 0.0007057342626653698,
    "id05": -0.00013646124902944918,
    "id06": -4.305945384122309e-05,
    "id07": 0.00035515256482744476,
    "id08": 0.0004094654009132438,
    "id09": 0.0008679745109479198,
    "id10": 0.0005435151583109967
  },
  "block_deltas": {
    "early": 0.0,
    "mid": 0.0018315541556884374,
    "late": -0.00011998205949799685,
    "tail20": 0.0
  },
  "bootstrap": {
    "improvement_p025": 0.00010466000452313172,
    "improvement_p500": 0.00037145842266321803,
    "improvement_p975": 0.0006546263473018544
  },
  "candidate_names": [
    "v36a",
    "v35e",
    "forward",
    "forward_broad",
    "master_residual",
    "stack_v34a",
    "stack_qcal",
    "diverse_lgbm",
    "graph_tc",
    "block_s1",
    "current_pool",
    "temporal_calendar",
    "label_proj",
    "v14_s4_core",
    "tchgb_s3",
    "tclogreg_q3"
  ],
  "panel_features": [
    "panel_index",
    "panel_position",
    "weekday_sin",
    "weekday_cos",
    "subject_id01",
    "subject_id02",
    "subject_id03",
    "subject_id04",
    "subject_id05",
    "subject_id06",
    "subject_id07",
    "subject_id08",
    "subject_id09",
    "subject_id10"
  ],
  "args": {
    "train_path": "data/ch2026_metrics_train.csv",
    "sample_path": "data/ch2026_submission_sample.csv",
    "output_dir": "outputs/windowed_prediction_stack_v37a_lb_safe_on_v36a",
    "baseline": "v36a",
    "candidate": [
      "v36a:outputs/sample_portfolio_v36a_v35e_oracle_block_tail_mix/oof_sample_support_target_blend.csv:outputs/sample_portfolio_v36a_v35e_oracle_block_tail_mix/submission_sample_support_target_blend.csv",
      "v35e:outputs/sample_portfolio_v35e_v35b_plus_stack_q2mid_w050_prob/oof_sample_support_target_blend.csv:outputs/sample_portfolio_v35e_v35b_plus_stack_q2mid_w050_prob/submission_sample_support_target_blend.csv",
      "forward:outputs/forward_label_prior_on_multi_signal/oof_forward_label_prior.csv:outputs/forward_label_prior_on_multi_signal/submission_forward_label_prior.csv",
      "forward_broad:outputs/forward_label_prior_on_multi_signal_broadw/oof_forward_label_prior.csv:outputs/forward_label_prior_on_multi_signal_broadw/submission_forward_label_prior.csv",
      "master_residual:outputs/master_residual_on_v27_q3mid_w065_fast_min3/oof_master_residual_decoder.csv:outputs/master_residual_on_v27_q3mid_w065_fast_min3/submission_master_residual_decoder.csv",
      "stack_v34a:outputs/prediction_stack_decoder_v34a_diverse_robust_smallc/oof_prediction_stack_decoder.csv:outputs/prediction_stack_decoder_v34a_diverse_robust_smallc/submission_prediction_stack_decoder.csv",
      "stack_qcal:outputs/prediction_stack_decoder_qcal_idlong_wide/oof_prediction_stack_decoder.csv:outputs/prediction_stack_decoder_qcal_idlong_wide/submission_prediction_stack_decoder.csv",
      "diverse_lgbm:outputs/diverse_tabular_decoder/oof_lgbm_latent.csv:outputs/diverse_tabular_decoder/submission_lgbm_latent.csv",
      "graph_tc:outputs/graph_temporal_contrastive_on_v27_q3mid_w065_min3/oof_graph_diffusion_decoder.csv:outputs/graph_temporal_contrastive_on_v27_q3mid_w065_min3/submission_graph_diffusion_decoder.csv",
      "block_s1:outputs/block_aware_s1_broad_residual_on_qcount/oof_block_aware_targetwise_blend.csv:outputs/block_aware_s1_broad_residual_on_qcount/submission_block_aware_targetwise_blend.csv",
      "current_pool:outputs/sample_weighted_targetwise_current_pool_vs_multi_signal/oof_sample_weighted_targetwise_blend.csv:outputs/sample_weighted_targetwise_current_pool_vs_multi_signal/submission_sample_weighted_targetwise_blend.csv",
      "temporal_calendar:outputs/blend_temporal_label_calendar_min3/oof_candidate_probability_blend.csv:outputs/blend_temporal_label_calendar_min3/submission_candidate_probability_blend.csv",
      "label_proj:outputs/label_prior_projection_on_v29_s1mid_min3/oof_label_prior_projection.csv:outputs/label_prior_projection_on_v29_s1mid_min3/submission_label_prior_projection.csv",
      "v14_s4_core:outputs/position_weighted_tail_decoder_on_v14/sources/oof_logreg_core_midtail_C0.03.csv:outputs/position_weighted_tail_decoder_on_v14/sources/submission_logreg_core_midtail_C0.03.csv",
      "tchgb_s3:outputs/position_weighted_temporal_contrastive_hgb_decoder_on_v21/sources/oof_hgb_latent_temporal_core_tail3_l20.3.csv:outputs/position_weighted_temporal_contrastive_hgb_decoder_on_v21/sources/submission_hgb_latent_temporal_core_tail3_l20.3.csv",
      "tclogreg_q3:outputs/position_weighted_temporal_contrastive_decoder_on_v21/sources/oof_logreg_latent_temporal_rankdev_midtail_C0.03.csv:outputs/position_weighted_temporal_contrastive_decoder_on_v21/sources/submission_logreg_latent_temporal_rankdev_midtail_C0.03.csv"
    ],
    "windows": "early:0:0.333333,mid:0.333333:0.666667,late_mid:0.666667:0.8,tail20:0.8:1.000001",
    "feature_sets": "same_target,same_context,all_targets",
    "c_values": "0.003,0.01,0.03,0.1,0.3",
    "blend_weights": "0.05,0.1,0.2,0.3,0.5,0.7,1.0",
    "folds": 5,
    "min_train_rows": 24,
    "min_window_delta": 0.0002,
    "min_window_folds_improved": 2,
    "max_subject_window_regression": 0.025,
    "max_fold_window_regression": 0.015,
    "stress_weight": 0.2,
    "bootstrap": 5000,
    "seed": 2026,
    "require_sample_support": true
  }
}