{
  "best_source": "targetwise",
  "best_avg_log_loss": 0.6233135812294819,
  "best_per_target": {
    "Q1": 0.6688028119881733,
    "Q2": 0.6919200598928071,
    "Q3": 0.6711597090913138,
    "S1": 0.5750142705397765,
    "S2": 0.578154999785977,
    "S3": 0.5347876459944689,
    "S4": 0.6433555713138563
  },
  "best_drift_vs_reference": {
    "reference": "outputs/v83_repaired_v80/submission_v83_gq015_gs010.csv",
    "mean_abs_drift": 0.06638738551645618,
    "max_abs_drift": 0.2905395274861543,
    "corr": 0.8795627640954924,
    "target_mean": {
      "Q1": 0.5029079299854051,
      "Q2": 0.559110317233422,
      "Q3": 0.6072056512236798,
      "S1": 0.6916085791689622,
      "S2": 0.6610037709843405,
      "S3": 0.6739255079022918,
      "S4": 0.5550250517695082
    },
    "target_mean_shift": {
      "Q1": -0.0074602669165508735,
      "Q2": -0.010207997823038197,
      "Q3": -0.004781110437518564,
      "S1": 0.00899619195786288,
      "S2": 0.01707852233034044,
      "S3": 0.015284687005336198,
      "S4": 0.0020111297468208347
    },
    "panel_mean_abs_drift": {
      "early": 0.05550480269310111,
      "mid": 0.07014173352897386,
      "late": 0.07321986676911668
    }
  },
  "best_subject_drift_vs_reference": {
    "id01": 0.04218939207383312,
    "id02": 0.051292303729833046,
    "id03": 0.059646865191490095,
    "id04": 0.07131159446374277,
    "id05": 0.07285020242215463,
    "id06": 0.07269551052606175,
    "id07": 0.0791354116040018,
    "id08": 0.08129992771282588,
    "id09": 0.06837339330169667,
    "id10": 0.07268148895105714
  },
  "best_target_gain_vs_subject_prior": {
    "Q1": 0.004376631176285617,
    "Q2": 0.013089983516492043,
    "Q3": 0.006610521255705493,
    "S1": 0.0006876425104492823,
    "S2": 0.001701453292372701,
    "S3": 0.0,
    "S4": 0.003916410961060768
  },
  "best_global_source": "no_sleep__deviation__mlp_h2_k4_wd0.1_b0.1",
  "best_global_avg_log_loss": 0.6264033305295577,
  "best_global_drift_vs_reference": {
    "reference": "outputs/v83_repaired_v80/submission_v83_gq015_gs010.csv",
    "mean_abs_drift": 0.06577978040353698,
    "max_abs_drift": 0.3061111009078401,
    "corr": 0.8825316621503009,
    "target_mean": {
      "Q1": 0.5005956416875286,
      "Q2": 0.5588482160399317,
      "Q3": 0.6043221427582433,
      "S1": 0.6899750863042938,
      "S2": 0.656883960986467,
      "S3": 0.6686129558317551,
      "S4": 0.5599232783085406
    },
    "target_mean_shift": {
      "Q1": -0.009772555214427448,
      "Q2": -0.01047009901652848,
      "Q3": -0.007664618902955105,
      "S1": 0.007362699093194509,
      "S2": 0.01295871233246706,
      "S3": 0.009972134934799275,
      "S4": 0.006909356285853127
    },
    "panel_mean_abs_drift": {
      "early": 0.05446081767648394,
      "mid": 0.06851231938158095,
      "late": 0.07403100638519228
    }
  },
  "targetwise_avg_log_loss": 0.6233135812294819,
  "targetwise_drift_vs_reference": {
    "reference": "outputs/v83_repaired_v80/submission_v83_gq015_gs010.csv",
    "mean_abs_drift": 0.06638738551645618,
    "max_abs_drift": 0.2905395274861543,
    "corr": 0.8795627640954924,
    "target_mean": {
      "Q1": 0.5029079299854051,
      "Q2": 0.559110317233422,
      "Q3": 0.6072056512236798,
      "S1": 0.6916085791689622,
      "S2": 0.6610037709843405,
      "S3": 0.6739255079022918,
      "S4": 0.5550250517695082
    },
    "target_mean_shift": {
      "Q1": -0.0074602669165508735,
      "Q2": -0.010207997823038197,
      "Q3": -0.004781110437518564,
      "S1": 0.00899619195786288,
      "S2": 0.01707852233034044,
      "S3": 0.015284687005336198,
      "S4": 0.0020111297468208347
    },
    "panel_mean_abs_drift": {
      "early": 0.05550480269310111,
      "mid": 0.07014173352897386,
      "late": 0.07321986676911668
    }
  },
  "targetwise_sources": {
    "Q1": "only_rhythm__absolute_plus_deviation__mlp_h1_k2_wd0.1_b0.2",
    "Q2": "no_sleep__deviation__mlp_h2_k4_wd0.1_b0.2",
    "Q3": "only_rhythm__absolute_plus_deviation__mlp_h2_k1_wd0.1_b0.2",
    "S1": "only_event__deviation__mlp_h2_k2_wd0.1_b0.1",
    "S2": "only_cross_modal__deviation__lowrank_r2_k4_wd0.1_b0.1",
    "S3": "subject_prior",
    "S4": "only_cross_modal__absolute_plus_deviation__mlp_h2_k2_wd0.1_b0.2"
  },
  "targetwise_source_losses": {
    "Q1": 0.6688028119881733,
    "Q2": 0.6919200598928071,
    "Q3": 0.6711597090913138,
    "S1": 0.5750142705397765,
    "S2": 0.578154999785977,
    "S3": 0.5347876459944689,
    "S4": 0.6433555713138563
  },
  "subject_prior_avg_log_loss": 0.6276539587598199,
  "n_candidates": 362,
  "views": [
    "no_sleep",
    "only_cross_modal",
    "only_event",
    "only_rhythm"
  ],
  "device": "mps"
}