{
  "base_avg_log_loss": 0.5871761592107951,
  "base_targets": {
    "Q1": 0.6387339722449896,
    "Q2": 0.650808400274064,
    "Q3": 0.6265411801029656,
    "S1": 0.5577800240494796,
    "S2": 0.5395500479588548,
    "S3": 0.49996489067105887,
    "S4": 0.5968545991741533
  },
  "best": {
    "name": "guarded_graph_min3_w0.4",
    "weight": 0.4,
    "avg_log_loss": 0.5864429119163507,
    "delta_vs_base": 0.0007332472944444612,
    "fold_std": 0.011287522094655946,
    "worst_fold": 0.6085184092330435,
    "improved_folds": 5,
    "worst_target_delta": 0.00035680631189105583,
    "promote": true,
    "Q1": 0.6383771659330986,
    "Q2": 0.6503050342800608,
    "Q3": 0.6259927387875206,
    "S1": 0.5572056499732368,
    "S2": 0.5386656485994038,
    "S3": 0.49942748314790253,
    "S4": 0.5951266626932319,
    "improvement": 0.0007332472944443035,
    "improvement_p025": 1.7535344772590195e-05,
    "improvement_p500": 0.0007248009351211221,
    "improvement_p975": 0.0014559652510222978
  },
  "args": {
    "train_path": "data/ch2026_metrics_train.csv",
    "sample_path": "data/ch2026_submission_sample.csv",
    "base_oof": "outputs/fold_guarded_targetwise_smoothing/oof_fold_guarded_targetwise_ensemble.csv",
    "base_submission": "outputs/fold_guarded_targetwise_smoothing/submission_fold_guarded_targetwise_ensemble.csv",
    "candidate_oof": "outputs/graph_diffusion_on_guarded_idlong_min3/oof_graph_diffusion_decoder.csv",
    "candidate_submission": "outputs/graph_diffusion_on_guarded_idlong_min3/submission_graph_diffusion_decoder.csv",
    "output_dir": "outputs/blend_guarded_graph_min3",
    "name": "guarded_graph_min3",
    "weights": "0.05,0.1,0.15,0.2,0.25,0.3,0.4,0.5,0.65,0.8,1.0",
    "folds": 5,
    "bootstrap": 5000,
    "seed": 2026,
    "max_target_regression": 0.001
  }
}