{
  "view": "only_cross_modal",
  "device": "mps",
  "sequence": {
    "n_days": 700.0,
    "n_base_features": 22.0,
    "n_token_features": 95.0,
    "mean_missing_fraction": 0.06805059523809524,
    "add_deviation_features": 1.0
  },
  "n_features": 95,
  "epochs": 50,
  "final_ssl_loss": 0.3719830550466265,
  "best_global_source": "transformer_ridge_resid_a20_w0p35",
  "best_global_avg_log_loss": 0.6258864162856043,
  "best_global_per_target": {
    "Q1": 0.6752648612800559,
    "Q2": 0.6964859584549102,
    "Q3": 0.6797301359858766,
    "S1": 0.5785856481660108,
    "S2": 0.5768601419133224,
    "S3": 0.5349001542563483,
    "S4": 0.6393780139427051
  },
  "targetwise_avg_log_loss": 0.6220838204307552,
  "targetwise_per_target": {
    "Q1": 0.6721741536140214,
    "Q2": 0.6846848534268578,
    "Q3": 0.6733959081545728,
    "S1": 0.5757019130502258,
    "S2": 0.5764468274440567,
    "S3": 0.5330309613778893,
    "S4": 0.6391521259476622
  },
  "targetwise_sources": {
    "Q1": "transformer_logreg_c0p3_w0p2",
    "Q2": "transformer_logreg_c0p3_w0p35",
    "Q3": "transformer_logreg_c0p03_w0p35",
    "S1": "subject_prior_a8",
    "S2": "transformer_ridge_resid_a5_w0p35",
    "S3": "subject_prior_a4",
    "S4": "transformer_ridge_resid_a5_w0p35"
  },
  "targetwise_source_losses": {
    "Q1": 0.6721741536140214,
    "Q2": 0.6846848534268578,
    "Q3": 0.6733959081545728,
    "S1": 0.5757019130502258,
    "S2": 0.5764468274440567,
    "S3": 0.5330309613778893,
    "S4": 0.6391521259476622
  },
  "drift_vs_reference_best_global": {
    "reference": "outputs/v83_repaired_v80/submission_v83_gq015_gs010.csv",
    "mean_abs_drift": 0.06780406777616423,
    "max_abs_drift": 0.33793717301214143,
    "corr": 0.8689230319899588,
    "target_mean": {
      "Q1": 0.503996421193279,
      "Q2": 0.5549707079502523,
      "Q3": 0.5983774269455032,
      "S1": 0.6851989196457491,
      "S2": 0.6443151239525912,
      "S3": 0.6661337957516136,
      "S4": 0.5565827736304036
    },
    "target_mean_shift": {
      "Q1": -0.006371775708676959,
      "Q2": -0.014347607106207895,
      "Q3": -0.013609334715695169,
      "S1": 0.0025865324346497458,
      "S2": 0.00038987529859116777,
      "S3": 0.0074929748546578865,
      "S4": 0.003568851607716225
    },
    "panel_mean_abs_drift": {
      "early": 0.05426928886839077,
      "mid": 0.06790955868209689,
      "late": 0.08075813983787022
    }
  },
  "drift_vs_reference_targetwise": {
    "reference": "outputs/v83_repaired_v80/submission_v83_gq015_gs010.csv",
    "mean_abs_drift": 0.06912413564186091,
    "max_abs_drift": 0.34282421090495435,
    "corr": 0.8605390508932694,
    "target_mean": {
      "Q1": 0.5022288558809116,
      "Q2": 0.5488459706036543,
      "Q3": 0.6017219793401415,
      "S1": 0.6923877866215694,
      "S2": 0.643262466642647,
      "S3": 0.6743072986995421,
      "S4": 0.5559272461806805
    },
    "target_mean_shift": {
      "Q1": -0.008139341021044365,
      "Q2": -0.02047234445280593,
      "Q3": -0.010264782321056846,
      "S1": 0.009775399410469864,
      "S2": -0.0006627820113530385,
      "S3": 0.01566647780258651,
      "S4": 0.002913324157992995
    },
    "panel_mean_abs_drift": {
      "early": 0.05704009099903126,
      "mid": 0.06885555180772777,
      "late": 0.08104394880592072
    }
  },
  "ssl_loss_history": [
    1.2159973403385707,
    1.1563752807889667,
    1.1229054519108363,
    1.1110883215495517,
    1.0703691938945226,
    1.0424828951699394,
    1.0111903544834682,
    0.9654472752979824,
    0.921617580822536,
    0.863519138268062,
    0.8157547943932669,
    0.7532013157435826,
    0.6942601769311088,
    0.6493856314250401,
    0.5882197417531695,
    0.5313865487916128,
    0.4963148481505258,
    0.48075246538434707,
    0.45077198914119176,
    0.4452679252624512,
    0.44541959830692834,
    0.4195607074669429,
    0.42361118384769986,
    0.4187360756737845,
    0.4124259604726519,
    0.4193226989677974,
    0.41623346754482815,
    0.4121743781226022,
    0.41069598981312344,
    0.417747460774013,
    0.412502372435161,
    0.4089709755352565,
    0.41257834145001004,
    0.40890960437910895,
    0.4083112042290824,
    0.4109523391723633,
    0.40391554287501746,
    0.39846606373786925,
    0.40171792268753054,
    0.39053661959511893,
    0.39082701206207277,
    0.38895010760852267,
    0.3950458906378065,
    0.3940370622703007,
    0.3942876366206578,
    0.3840295958518982,
    0.38062246748379297,
    0.37462302361215866,
    0.38443051712853565,
    0.3719830550466265
  ]
}