{
  "view": "only_cross_modal",
  "encoder_type": "transformer",
  "encoder_params": 4326,
  "device": "mps",
  "sequence": {
    "n_days": 700.0,
    "n_base_features": 22.0,
    "n_token_features": 190.0,
    "raw_tokens_per_day": 48.0,
    "effective_tokens_per_day": 12.0,
    "pool_len": 4.0,
    "pool_stats": "mean_std",
    "mean_missing_fraction": 0.06805059523809524,
    "add_deviation_features": 1.0
  },
  "n_features": 190,
  "epochs": 50,
  "final_ssl_loss": 0.18511767881257193,
  "best_global_source": "transformer_logreg_c0p3_w0p1",
  "best_global_avg_log_loss": 0.6269119397446831,
  "best_global_per_target": {
    "Q1": 0.6714421688497408,
    "Q2": 0.6965623114011659,
    "Q3": 0.6764979975978751,
    "S1": 0.5778790883481325,
    "S2": 0.5801063268691241,
    "S3": 0.5383444364990665,
    "S4": 0.6475512486476772
  },
  "targetwise_avg_log_loss": 0.6227726487164061,
  "targetwise_per_target": {
    "Q1": 0.6707189800604699,
    "Q2": 0.6818878449233557,
    "Q3": 0.6738129059898074,
    "S1": 0.5757019130502258,
    "S2": 0.5797238964211016,
    "S3": 0.5330309613778893,
    "S4": 0.6445320391919934
  },
  "targetwise_sources": {
    "Q1": "transformer_logreg_c0p3_w0p2",
    "Q2": "transformer_logreg_c0p3_w0p35",
    "Q3": "transformer_logreg_c0p03_w0p35",
    "S1": "subject_prior_a8",
    "S2": "transformer_logreg_c0p3_w0p05",
    "S3": "subject_prior_a4",
    "S4": "transformer_ridge_resid_a1_w0p35"
  },
  "targetwise_source_losses": {
    "Q1": 0.6707189800604699,
    "Q2": 0.6818878449233557,
    "Q3": 0.6738129059898074,
    "S1": 0.5757019130502258,
    "S2": 0.5797238964211016,
    "S3": 0.5330309613778893,
    "S4": 0.6445320391919934
  },
  "drift_vs_reference_best_global": {
    "reference": "outputs/v83_repaired_v80/submission_v83_gq015_gs010.csv",
    "mean_abs_drift": 0.06683758330022214,
    "max_abs_drift": 0.3059043774533996,
    "corr": 0.8821622818656846,
    "target_mean": {
      "Q1": 0.5008700925640194,
      "Q2": 0.5559564590638422,
      "Q3": 0.6025700547107363,
      "S1": 0.689580328817818,
      "S2": 0.6528316943354909,
      "S3": 0.6679209160560936,
      "S4": 0.560513753106731
    },
    "target_mean_shift": {
      "Q1": -0.009498104337936625,
      "Q2": -0.013361855992617914,
      "Q3": -0.009416706950461953,
      "S1": 0.006967941606718573,
      "S2": 0.008906445681490979,
      "S3": 0.009280095159138071,
      "S4": 0.007499831084043495
    },
    "panel_mean_abs_drift": {
      "early": 0.05554482511061782,
      "mid": 0.06914594484311683,
      "late": 0.0754777264000727
    }
  },
  "drift_vs_reference_targetwise": {
    "reference": "outputs/v83_repaired_v80/submission_v83_gq015_gs010.csv",
    "mean_abs_drift": 0.0679511558695159,
    "max_abs_drift": 0.3600157335080956,
    "corr": 0.8641779181135995,
    "target_mean": {
      "Q1": 0.5003208223015411,
      "Q2": 0.5493823196073445,
      "Q3": 0.5991996219504235,
      "S1": 0.6923877866215694,
      "S2": 0.6555549462360405,
      "S3": 0.6743072986995421,
      "S4": 0.563701556443077
    },
    "target_mean_shift": {
      "Q1": -0.010047374600415004,
      "Q2": -0.019935995449115722,
      "Q3": -0.012787139710774708,
      "S1": 0.009775399410469864,
      "S2": 0.011629697582040435,
      "S3": 0.01566647780258651,
      "S4": 0.010687634420389402
    },
    "panel_mean_abs_drift": {
      "early": 0.05439871415447606,
      "mid": 0.06946537388828783,
      "late": 0.07954668675275353
    }
  },
  "ssl_loss_history": [
    0.656165086541857,
    0.607034078666142,
    0.5747846072060722,
    0.5656960245541164,
    0.5429610487392971,
    0.5089334443637303,
    0.47476458362170626,
    0.44187815938677105,
    0.40920254571097237,
    0.3756308388710022,
    0.3433785843849182,
    0.31669794014522007,
    0.28517477904047284,
    0.2696148157119751,
    0.24366623733724865,
    0.22864223650523594,
    0.21304994446890696,
    0.2099642504964556,
    0.19148014579500472,
    0.19492385072367532,
    0.18973267138004302,
    0.18939205186707633,
    0.18388939244406563,
    0.1881702309846878,
    0.18976621653352466,
    0.1790925292457853,
    0.18553276462214333,
    0.19065782334123338,
    0.18079529668603625,
    0.18909678655011314,
    0.187974807705198,
    0.18177881845406124,
    0.18057325516428266,
    0.17767364544527872,
    0.1818030290092741,
    0.184385952098029,
    0.18910318527902875,
    0.1799526447909219,
    0.1820974039179938,
    0.18496479315417153,
    0.19183047762938907,
    0.18549985681261336,
    0.18806026901517595,
    0.18417440235614777,
    0.1826396201338087,
    0.17811677481446947,
    0.18179030103342875,
    0.1849174806049892,
    0.17951372929981776,
    0.18511767881257193
  ]
}