target,changed_cells,posterior_gain_sum,posterior_gain_share,memory_agree_rate,memory_disagree_rate,memory_agree_gain_share_within_target,memory_disagree_gain_share_within_target,mean_alignment,mean_reliability_q
S2,207,2.7329405940925673,0.2180111067095631,0.42028985507246375,0.5797101449275363,0.2012347211954105,0.7987652788045894,-1.1150585450976924,0.5123683138350503
S1,194,2.546570997593637,0.2031441015219742,0.31443298969072164,0.6855670103092784,0.2174769283909204,0.7825230716090796,-2.0717273900665987,0.4791537283153232
Q3,141,1.9310750979816529,0.1540449946699422,0.5531914893617021,0.44680851063829785,0.549864047117276,0.45013595288272396,-0.055706648266802265,0.501609273975334
Q1,167,1.7164076413198364,0.13692062325018617,0.4491017964071856,0.5508982035928144,0.2600778940046661,0.7399221059953338,-0.4082434217098101,0.5118918788928167
S4,192,1.6496122524126329,0.13159224666921251,0.3177083333333333,0.6822916666666666,0.1597375035796642,0.8402624964203359,-0.3197467376407847,0.5157923360107095
S3,194,1.4867055547613748,0.11859691500261133,0.42783505154639173,0.5721649484536082,0.31785975560401164,0.6821402443959883,-0.32453817698333387,0.5255454808926427
Q2,105,0.4724739295335656,0.03769001217651052,0.3904761904761905,0.6095238095238096,0.3340311492379698,0.6659688507620303,-0.019843089529415468,0.4638745458022567
