{
  "best_source": "targetwise",
  "best_avg_log_loss": 0.624200197380912,
  "best_per_target": {
    "Q1": 0.6701853393209944,
    "Q2": 0.6924944454205,
    "Q3": 0.6716004557053351,
    "S1": 0.5751679457050273,
    "S2": 0.5786937161950529,
    "S3": 0.5347876459944689,
    "S4": 0.6464718333250061
  },
  "best_drift_vs_reference": {
    "reference": "outputs/v83_repaired_v80/submission_v83_gq015_gs010.csv",
    "mean_abs_drift": 0.06611756278085258,
    "max_abs_drift": 0.2984428828461855,
    "corr": 0.8804158175507925,
    "target_mean": {
      "Q1": 0.5095059109138262,
      "Q2": 0.5512827234866406,
      "Q3": 0.6017930247409472,
      "S1": 0.6879611973685492,
      "S2": 0.6504634550008493,
      "S3": 0.6739255079022918,
      "S4": 0.5597489740959107
    },
    "target_mean_shift": {
      "Q1": -0.0008622859881298588,
      "Q2": -0.018035591569819553,
      "Q3": -0.010193736920251155,
      "S1": 0.005348810157449748,
      "S2": 0.006538206346849419,
      "S3": 0.015284687005336198,
      "S4": 0.006735052073223338
    },
    "panel_mean_abs_drift": {
      "early": 0.05428348460500139,
      "mid": 0.0682219919069473,
      "late": 0.07547905446266359
    }
  },
  "best_subject_drift_vs_reference": {
    "id01": 0.043648805499757616,
    "id02": 0.05186875002822446,
    "id03": 0.05987122370679594,
    "id04": 0.07044125794574885,
    "id05": 0.0765045105673943,
    "id06": 0.07457227646176993,
    "id07": 0.0714075585937218,
    "id08": 0.08437172540713747,
    "id09": 0.06892783272169994,
    "id10": 0.06950876829125684
  },
  "best_target_gain_vs_subject_prior": {
    "Q1": 0.002994103843464435,
    "Q2": 0.012515597988799199,
    "Q3": 0.0061697746416842225,
    "S1": 0.000533967345198505,
    "S2": 0.001162736883296711,
    "S3": 0.0,
    "S4": 0.0008001489499109837
  },
  "best_global_source": "only_event__absolute_plus_deviation__mlp_h2_k4_wd0.1_b0.1",
  "best_global_avg_log_loss": 0.6268260189342927,
  "best_global_drift_vs_reference": {
    "reference": "outputs/v83_repaired_v80/submission_v83_gq015_gs010.csv",
    "mean_abs_drift": 0.0655594274268982,
    "max_abs_drift": 0.3016696660178083,
    "corr": 0.8831880355005576,
    "target_mean": {
      "Q1": 0.4999895845532579,
      "Q2": 0.5607128028566598,
      "Q3": 0.6037087945781876,
      "S1": 0.6917961485010851,
      "S2": 0.6567244448292572,
      "S3": 0.6680301239587552,
      "S4": 0.559264954396218
    },
    "target_mean_shift": {
      "Q1": -0.010378612348698114,
      "Q2": -0.008605512199800366,
      "Q3": -0.008277967083010726,
      "S1": 0.009183761289985678,
      "S2": 0.012799196175257186,
      "S3": 0.009389303061799612,
      "S4": 0.0062510323735306145
    },
    "panel_mean_abs_drift": {
      "early": 0.0543800675126595,
      "mid": 0.06796456965015918,
      "late": 0.07399567105556774
    }
  },
  "targetwise_avg_log_loss": 0.624200197380912,
  "targetwise_drift_vs_reference": {
    "reference": "outputs/v83_repaired_v80/submission_v83_gq015_gs010.csv",
    "mean_abs_drift": 0.06611756278085258,
    "max_abs_drift": 0.2984428828461855,
    "corr": 0.8804158175507925,
    "target_mean": {
      "Q1": 0.5095059109138262,
      "Q2": 0.5512827234866406,
      "Q3": 0.6017930247409472,
      "S1": 0.6879611973685492,
      "S2": 0.6504634550008493,
      "S3": 0.6739255079022918,
      "S4": 0.5597489740959107
    },
    "target_mean_shift": {
      "Q1": -0.0008622859881298588,
      "Q2": -0.018035591569819553,
      "Q3": -0.010193736920251155,
      "S1": 0.005348810157449748,
      "S2": 0.006538206346849419,
      "S3": 0.015284687005336198,
      "S4": 0.006735052073223338
    },
    "panel_mean_abs_drift": {
      "early": 0.05428348460500139,
      "mid": 0.0682219919069473,
      "late": 0.07547905446266359
    }
  },
  "targetwise_sources": {
    "Q1": "only_event__absolute__lowrank_r2_k1_wd0.1_b0.2",
    "Q2": "only_cross_modal__absolute_plus_deviation__linear_k4_b0.2",
    "Q3": "only_rhythm__absolute_plus_deviation__linear_k2_b0.2",
    "S1": "only_event__absolute_plus_deviation__lowrank_r2_k4_wd0.1_b0.1",
    "S2": "only_cross_modal__absolute_plus_deviation__lowrank_r1_k4_wd0.1_b0.1",
    "S3": "subject_prior",
    "S4": "only_event__absolute_plus_deviation__lowrank_r2_k4_wd0.1_b0.1"
  },
  "targetwise_source_losses": {
    "Q1": 0.6701853393209944,
    "Q2": 0.6924944454205,
    "Q3": 0.6716004557053351,
    "S1": 0.5751679457050273,
    "S2": 0.5786937161950529,
    "S3": 0.5347876459944689,
    "S4": 0.6464718333250061
  },
  "subject_prior_avg_log_loss": 0.6276539587598199,
  "n_candidates": 362,
  "views": [
    "no_sleep",
    "only_cross_modal",
    "only_event",
    "only_rhythm"
  ],
  "device": "mps"
}