{
  "view": "only_cross_modal",
  "encoder_type": "gru",
  "encoder_params": 2159,
  "device": "mps",
  "sequence": {
    "n_days": 700.0,
    "n_base_features": 22.0,
    "n_token_features": 95.0,
    "mean_missing_fraction": 0.06805059523809524,
    "add_deviation_features": 1.0
  },
  "n_features": 95,
  "epochs": 50,
  "final_ssl_loss": 0.37612658194133214,
  "best_global_source": "transformer_logreg_c0p3_w0p1",
  "best_global_avg_log_loss": 0.6270594507962406,
  "best_global_per_target": {
    "Q1": 0.672773023221703,
    "Q2": 0.6991601830160004,
    "Q3": 0.6759385624058787,
    "S1": 0.576447397577036,
    "S2": 0.5811926230586382,
    "S3": 0.5373203388272978,
    "S4": 0.6465840274671307
  },
  "targetwise_avg_log_loss": 0.6240415336191573,
  "targetwise_per_target": {
    "Q1": 0.6721770581393399,
    "Q2": 0.6903011383388364,
    "Q3": 0.6738228049000621,
    "S1": 0.5743391505983563,
    "S2": 0.5798564530783497,
    "S3": 0.5322726143901542,
    "S4": 0.6455215158890023
  },
  "targetwise_sources": {
    "Q1": "subject_prior_a16",
    "Q2": "transformer_logreg_c0p3_w0p35",
    "Q3": "subject_prior_a16",
    "S1": "transformer_ridge_resid_a1_w0p35",
    "S2": "subject_prior_a8",
    "S3": "transformer_ridge_resid_a1_w0p35",
    "S4": "transformer_ridge_resid_a20_w0p35"
  },
  "targetwise_source_losses": {
    "Q1": 0.6721770581393399,
    "Q2": 0.6903011383388364,
    "Q3": 0.6738228049000621,
    "S1": 0.5743391505983563,
    "S2": 0.5798564530783497,
    "S3": 0.5322726143901542,
    "S4": 0.6455215158890023
  },
  "drift_vs_reference_best_global": {
    "reference": "outputs/v83_repaired_v80/submission_v83_gq015_gs010.csv",
    "mean_abs_drift": 0.06664971757016222,
    "max_abs_drift": 0.3017731194605501,
    "corr": 0.8828823069061458,
    "target_mean": {
      "Q1": 0.500631661500437,
      "Q2": 0.5598439314870721,
      "Q3": 0.6033472801065975,
      "S1": 0.6923995242877647,
      "S2": 0.657472573982194,
      "S3": 0.6707376541260902,
      "S4": 0.5608125958790514
    },
    "target_mean_shift": {
      "Q1": -0.00973653540151899,
      "Q2": -0.009474383569387982,
      "Q3": -0.008639481554600835,
      "S1": 0.00978713707666544,
      "S2": 0.013547325328194016,
      "S3": 0.012096833229134562,
      "S4": 0.0077986738563639805
    },
    "panel_mean_abs_drift": {
      "early": 0.05578073034231118,
      "mid": 0.06898790561756299,
      "late": 0.0748519216260389
    }
  },
  "drift_vs_reference_targetwise": {
    "reference": "outputs/v83_repaired_v80/submission_v83_gq015_gs010.csv",
    "mean_abs_drift": 0.06648358394586597,
    "max_abs_drift": 0.3526413591592521,
    "corr": 0.8736457920775471,
    "target_mean": {
      "Q1": 0.49965650813885837,
      "Q2": 0.5629884730886492,
      "Q3": 0.6030728937366889,
      "S1": 0.6967915669056866,
      "S2": 0.6582781981365899,
      "S3": 0.6722464173964322,
      "S4": 0.564081493349847
    },
    "target_mean_shift": {
      "Q1": -0.01071168876309774,
      "Q2": -0.006329841967810964,
      "Q3": -0.008913867924509376,
      "S1": 0.014179179694587225,
      "S2": 0.014352949482590006,
      "S3": 0.013605596499476664,
      "S4": 0.011067571327159619
    },
    "panel_mean_abs_drift": {
      "early": 0.05364923691095987,
      "mid": 0.06947606933538922,
      "late": 0.07594288005800559
    }
  },
  "ssl_loss_history": [
    1.3522776181357248,
    1.2916827848979404,
    1.2354964351654052,
    1.196429946081979,
    1.1550795160021101,
    1.1216901711055212,
    1.0886206000191825,
    1.0549319171905518,
    1.0090751229013715,
    0.9673795757974897,
    0.9126673368045262,
    0.8588912555149624,
    0.8051762178965978,
    0.7472276806831359,
    0.6885161226136344,
    0.6407163034166609,
    0.595572819028582,
    0.5680790373257228,
    0.5343585133552551,
    0.5202009044374738,
    0.5041593851361956,
    0.4967851788657052,
    0.480957202230181,
    0.47547334092003957,
    0.4820578367369516,
    0.4683368045943124,
    0.4480360773631505,
    0.4498825263977051,
    0.4405618497303554,
    0.43744861636843,
    0.4332015439442226,
    0.42001020227159774,
    0.4120684060028621,
    0.4111671641894749,
    0.4036300148282732,
    0.4070451005867549,
    0.39744323679379057,
    0.39371689438819885,
    0.39457085745675224,
    0.39388054319790433,
    0.3814463000638144,
    0.39103674479893274,
    0.3840020774091993,
    0.3829234494481768,
    0.3914560110228402,
    0.38049955555370873,
    0.38125365853309634,
    0.37918232219559805,
    0.3802941901343209,
    0.37612658194133214
  ]
}