{
  "view": "only_body",
  "channels_selected": 31,
  "channel_groups_selected": [
    "body"
  ],
  "include_mask": true,
  "latent_dim": 24,
  "input_dim": 2976,
  "pca_reconstruction_mse": 0.3357584476470947,
  "pca_explained_variance": 0.5996723771095276,
  "subject_leakage_acc": 0.6514285714285715,
  "train_sample_mean_l2": 7.459418773651123,
  "train_sample_std_l2": 9.697648048400879,
  "adjacent_cosine_mean": 0.28204660517555,
  "random_cosine_mean": 0.021722978780019112,
  "temporal_locality_gap": 0.2603236263955309,
  "same_subject_nn_rate": 0.5485714285714286,
  "mean_neighbor_day_gap": 33.16
}