{
  "view": "only_event",
  "encoder_type": "transformer",
  "encoder_params": 4275,
  "device": "mps",
  "sequence": {
    "n_days": 700.0,
    "n_base_features": 45.0,
    "n_token_features": 187.0,
    "raw_tokens_per_day": 48.0,
    "effective_tokens_per_day": 12.0,
    "pool_len": 4.0,
    "pool_stats": "mean",
    "mean_missing_fraction": 0.0,
    "add_deviation_features": 1.0
  },
  "n_features": 187,
  "epochs": 50,
  "final_ssl_loss": 0.3051067842755999,
  "best_global_source": "transformer_ridge_resid_a5_w0p2",
  "best_global_avg_log_loss": 0.6271638886386331,
  "best_global_per_target": {
    "Q1": 0.6742661939815525,
    "Q2": 0.7005988842705749,
    "Q3": 0.6793168934546796,
    "S1": 0.5742083176154551,
    "S2": 0.5807109265787416,
    "S3": 0.5352905541842623,
    "S4": 0.6457554503851659
  },
  "targetwise_avg_log_loss": 0.6236198975713315,
  "targetwise_per_target": {
    "Q1": 0.6721379627125935,
    "Q2": 0.6885085110710879,
    "Q3": 0.6737862924379553,
    "S1": 0.5733974344360449,
    "S2": 0.5798564530783497,
    "S3": 0.5330309613778893,
    "S4": 0.6446216678854005
  },
  "targetwise_sources": {
    "Q1": "transformer_logreg_c0p03_w0p2",
    "Q2": "transformer_logreg_c0p3_w0p35",
    "Q3": "transformer_logreg_c0p03_w0p35",
    "S1": "transformer_ridge_resid_a20_w0p35",
    "S2": "subject_prior_a8",
    "S3": "subject_prior_a4",
    "S4": "transformer_ridge_resid_a1_w0p35"
  },
  "targetwise_source_losses": {
    "Q1": 0.6721379627125935,
    "Q2": 0.6885085110710879,
    "Q3": 0.6737862924379553,
    "S1": 0.5733974344360449,
    "S2": 0.5798564530783497,
    "S3": 0.5330309613778893,
    "S4": 0.6446216678854005
  },
  "drift_vs_reference_best_global": {
    "reference": "outputs/v83_repaired_v80/submission_v83_gq015_gs010.csv",
    "mean_abs_drift": 0.06316375253720409,
    "max_abs_drift": 0.31058253973391503,
    "corr": 0.8814243859450102,
    "target_mean": {
      "Q1": 0.5039279020578775,
      "Q2": 0.5664863388076268,
      "Q3": 0.6032332611128571,
      "S1": 0.6947048413500484,
      "S2": 0.6571254754295701,
      "S3": 0.6724747161425112,
      "S4": 0.5585456538616765
    },
    "target_mean_shift": {
      "Q1": -0.00644029484407854,
      "Q2": -0.002831976248833355,
      "Q3": -0.008753500548341273,
      "S1": 0.012092454138948956,
      "S2": 0.013200226775570105,
      "S3": 0.013833895245555521,
      "S4": 0.0055317318389891965
    },
    "panel_mean_abs_drift": {
      "early": 0.04843050907482971,
      "mid": 0.06410649770865727,
      "late": 0.0764564362393698
    }
  },
  "drift_vs_reference_targetwise": {
    "reference": "outputs/v83_repaired_v80/submission_v83_gq015_gs010.csv",
    "mean_abs_drift": 0.0680509767053495,
    "max_abs_drift": 0.3157555346690619,
    "corr": 0.8616548070568335,
    "target_mean": {
      "Q1": 0.5036182697043933,
      "Q2": 0.571301004740395,
      "Q3": 0.6010728106348954,
      "S1": 0.6959064493607299,
      "S2": 0.6582781981365899,
      "S3": 0.6743072986995421,
      "S4": 0.5556647949077488
    },
    "target_mean_shift": {
      "Q1": -0.006749927197562812,
      "Q2": 0.001982689683934822,
      "Q3": -0.010913951026302889,
      "S1": 0.013294062149630553,
      "S2": 0.014352949482590006,
      "S3": 0.01566647780258651,
      "S4": 0.0026508728850612507
    },
    "panel_mean_abs_drift": {
      "early": 0.053246712627875455,
      "mid": 0.06899726400980022,
      "late": 0.08140871562397846
    }
  },
  "ssl_loss_history": [
    0.8789218160084316,
    0.8400921017783028,
    0.8194040134974888,
    0.7815041817937578,
    0.7607896981920514,
    0.759087096623012,
    0.7418249906812395,
    0.7420329437937055,
    0.7189133756501334,
    0.7004145193099975,
    0.6620199615614755,
    0.6226616559709821,
    0.634288329396929,
    0.5977018649237497,
    0.5860964713777814,
    0.5103752977507455,
    0.5119536031995501,
    0.485455687046051,
    0.47276266864367894,
    0.4199412112576621,
    0.41086447409221105,
    0.3869284015042441,
    0.3985559466906956,
    0.3873086786270142,
    0.3730064412525722,
    0.35346290690558296,
    0.342594815322331,
    0.35460732562201364,
    0.3561169159412384,
    0.3442317250796727,
    0.3417465192931039,
    0.3524464334760393,
    0.3229728353023529,
    0.33628512569836205,
    0.3282949525969369,
    0.31565434643200463,
    0.32968067833355497,
    0.32000205627509526,
    0.32117928624153136,
    0.31609623057501657,
    0.30081482989447456,
    0.32393938813890727,
    0.3037627712317875,
    0.31223704065595353,
    0.2884125254835401,
    0.2986850302559989,
    0.30076419046946934,
    0.2941380274295807,
    0.2968367564678192,
    0.3051067842755999
  ]
}