{
  "view": "no_phone",
  "device": "mps",
  "sequence": {
    "n_days": 700.0,
    "n_base_features": 46.0,
    "n_token_features": 99.0,
    "mean_missing_fraction": 0.20840191511387163
  },
  "n_features": 99,
  "epochs": 80,
  "final_ssl_loss": 0.271903498513358,
  "best_global_source": "transformer_logreg_c0p3_w0p1",
  "best_global_avg_log_loss": 0.626430737209857,
  "best_global_per_target": {
    "Q1": 0.671957048294947,
    "Q2": 0.6955138077766684,
    "Q3": 0.6776426501460963,
    "S1": 0.5762638139076888,
    "S2": 0.5807749347492484,
    "S3": 0.533746719134467,
    "S4": 0.6491161864598833
  },
  "targetwise_avg_log_loss": 0.6234443992343437,
  "targetwise_per_target": {
    "Q1": 0.671957048294947,
    "Q2": 0.6824919101278273,
    "Q3": 0.6738228049000621,
    "S1": 0.5757019130502258,
    "S2": 0.5798564530783497,
    "S3": 0.5330086829140773,
    "S4": 0.6472719822749171
  },
  "targetwise_sources": {
    "Q1": "transformer_logreg_c0p3_w0p1",
    "Q2": "transformer_logreg_c0p3_w0p35",
    "Q3": "subject_prior_a16",
    "S1": "subject_prior_a8",
    "S2": "subject_prior_a8",
    "S3": "transformer_ridge_resid_a20_w0p2",
    "S4": "subject_prior_a8"
  },
  "targetwise_source_losses": {
    "Q1": 0.671957048294947,
    "Q2": 0.6824919101278273,
    "Q3": 0.6738228049000621,
    "S1": 0.5757019130502258,
    "S2": 0.5798564530783497,
    "S3": 0.5330086829140773,
    "S4": 0.6472719822749171
  },
  "drift_vs_reference_best_global": {
    "reference": "outputs/v83_repaired_v80/submission_v83_gq015_gs010.csv",
    "mean_abs_drift": 0.06838557689426239,
    "max_abs_drift": 0.3299941926767932,
    "corr": 0.8751352438793644,
    "target_mean": {
      "Q1": 0.4989380909905247,
      "Q2": 0.5566536183205305,
      "Q3": 0.6020204105072822,
      "S1": 0.690125117587694,
      "S2": 0.6502356359659932,
      "S3": 0.6596129604496411,
      "S4": 0.5582236037228053
    },
    "target_mean_shift": {
      "Q1": -0.011430105911431334,
      "Q2": -0.012664696735929607,
      "Q3": -0.00996635115391615,
      "S1": 0.00751273037659473,
      "S2": 0.006310387311993256,
      "S3": 0.0009721395526854923,
      "S4": 0.0052096817001180094
    },
    "panel_mean_abs_drift": {
      "early": 0.05821221237991539,
      "mid": 0.06970514279321652,
      "late": 0.07691136419500663
    }
  },
  "drift_vs_reference_targetwise": {
    "reference": "outputs/v83_repaired_v80/submission_v83_gq015_gs010.csv",
    "mean_abs_drift": 0.06757696549371571,
    "max_abs_drift": 0.4514151154161036,
    "corr": 0.8621209314704162,
    "target_mean": {
      "Q1": 0.4989380909905247,
      "Q2": 0.5518223770057535,
      "Q3": 0.6030728937366889,
      "S1": 0.6923877866215694,
      "S2": 0.6582781981365899,
      "S3": 0.6620026676938228,
      "S4": 0.5592527565880283
    },
    "target_mean_shift": {
      "Q1": -0.011430105911431334,
      "Q2": -0.01749593805070665,
      "Q3": -0.008913867924509376,
      "S1": 0.009775399410469864,
      "S2": 0.014352949482590006,
      "S3": 0.0033618467968670965,
      "S4": 0.006238834565341037
    },
    "panel_mean_abs_drift": {
      "early": 0.05534836353037131,
      "mid": 0.06950099742450906,
      "late": 0.07749520914946152
    }
  },
  "ssl_loss_history": [
    1.0793082107816423,
    0.783931907245091,
    0.5902345183917455,
    0.5134290082114084,
    0.48613976120948793,
    0.4774606386252812,
    0.46916005441120695,
    0.44806980541774205,
    0.4355573609897069,
    0.41839069775172644,
    0.4162190207413265,
    0.4129210315431867,
    0.40245883890560696,
    0.3970560763563429,
    0.38620336515562875,
    0.3760291680267879,
    0.3697985097340175,
    0.3613144225733621,
    0.36944930996213643,
    0.3509377568108695,
    0.35121990748814175,
    0.34325536966323855,
    0.33538306525775363,
    0.341644538300378,
    0.3318611569064004,
    0.33637639778000966,
    0.3289103525025504,
    0.32627509900501794,
    0.3278069283281054,
    0.32043790408543177,
    0.32456168617521014,
    0.3132603527818407,
    0.3156467633587973,
    0.32007082445280893,
    0.3029019021987915,
    0.3111336805139269,
    0.3119085671220507,
    0.30727777412959506,
    0.2948700564248221,
    0.30490318213190354,
    0.30115942920957295,
    0.2972356053761073,
    0.30357188378061567,
    0.3043261916296823,
    0.2953724423476628,
    0.30151753187179564,
    0.2974539828300476,
    0.299113005570003,
    0.2885818009717124,
    0.2837639558315277,
    0.2905167690345219,
    0.2895231742518289,
    0.2955310772146497,
    0.2838821043287005,
    0.28664302859987534,
    0.2871816893986293,
    0.2840609565802983,
    0.2915563801356724,
    0.29319048983710155,
    0.28621685453823636,
    0.2819215975488935,
    0.28122827632086617,
    0.28014308043888636,
    0.28437471883637566,
    0.2827976109300341,
    0.28007194297654286,
    0.2817213559150696,
    0.28139926178114755,
    0.2815086942059653,
    0.2797118421963283,
    0.277362893308912,
    0.27762457166399274,
    0.2796152991907937,
    0.2783448360647474,
    0.27600221940449304,
    0.2731440947737013,
    0.2836812836783273,
    0.27667988521712167,
    0.2742717468738556,
    0.271903498513358
  ]
}