{
  "view": "only_event",
  "device": "mps",
  "sequence": {
    "n_days": 700.0,
    "n_base_features": 45.0,
    "n_token_features": 187.0,
    "mean_missing_fraction": 0.0,
    "add_deviation_features": 1.0
  },
  "n_features": 187,
  "epochs": 60,
  "final_ssl_loss": 0.21561114055769784,
  "best_global_source": "transformer_logreg_c0p03_w0p05",
  "best_global_avg_log_loss": 0.6273934923445604,
  "best_global_per_target": {
    "Q1": 0.673434772819961,
    "Q2": 0.7015661633362272,
    "Q3": 0.6773642170514347,
    "S1": 0.5765205361672123,
    "S2": 0.5802101271575505,
    "S3": 0.5360247191411972,
    "S4": 0.6466339107383412
  },
  "targetwise_avg_log_loss": 0.6237007761389852,
  "targetwise_per_target": {
    "Q1": 0.6721770581393399,
    "Q2": 0.6888801364588388,
    "Q3": 0.6702966881274143,
    "S1": 0.5757019130502258,
    "S2": 0.5798564530783497,
    "S3": 0.5330309613778893,
    "S4": 0.645962222740839
  },
  "targetwise_sources": {
    "Q1": "subject_prior_a16",
    "Q2": "transformer_logreg_c0p03_w0p35",
    "Q3": "transformer_ridge_resid_a1_w0p35",
    "S1": "subject_prior_a8",
    "S2": "subject_prior_a8",
    "S3": "subject_prior_a4",
    "S4": "transformer_ridge_resid_a20_w0p2"
  },
  "targetwise_source_losses": {
    "Q1": 0.6721770581393399,
    "Q2": 0.6888801364588388,
    "Q3": 0.6702966881274143,
    "S1": 0.5757019130502258,
    "S2": 0.5798564530783497,
    "S3": 0.5330309613778893,
    "S4": 0.645962222740839
  },
  "drift_vs_reference_best_global": {
    "reference": "outputs/v83_repaired_v80/submission_v83_gq015_gs010.csv",
    "mean_abs_drift": 0.0643688878929432,
    "max_abs_drift": 0.29912315197284467,
    "corr": 0.8844741384592674,
    "target_mean": {
      "Q1": 0.5005897365105221,
      "Q2": 0.5585577056409016,
      "Q3": 0.6048055808250667,
      "S1": 0.6898146909580832,
      "S2": 0.653973111134131,
      "S3": 0.6685354149382522,
      "S4": 0.5606531979537996
    },
    "target_mean_shift": {
      "Q1": -0.009778460391433916,
      "Q2": -0.010760609415558661,
      "Q3": -0.007181180836131535,
      "S1": 0.007202303746983929,
      "S2": 0.010047862480131009,
      "S3": 0.009894594041296507,
      "S4": 0.007639275931112251
    },
    "panel_mean_abs_drift": {
      "early": 0.05156031263986059,
      "mid": 0.06627450601355278,
      "late": 0.07486461573696884
    }
  },
  "drift_vs_reference_targetwise": {
    "reference": "outputs/v83_repaired_v80/submission_v83_gq015_gs010.csv",
    "mean_abs_drift": 0.06824486482821093,
    "max_abs_drift": 0.5564936096645069,
    "corr": 0.8507140777646933,
    "target_mean": {
      "Q1": 0.49965650813885837,
      "Q2": 0.5583872504076626,
      "Q3": 0.6231257867859759,
      "S1": 0.6923877866215694,
      "S2": 0.6582781981365899,
      "S3": 0.6743072986995421,
      "S4": 0.5680221799608639
    },
    "target_mean_shift": {
      "Q1": -0.01071168876309774,
      "Q2": -0.010931064648797626,
      "Q3": 0.011139025124777359,
      "S1": 0.009775399410469864,
      "S2": 0.014352949482590006,
      "S3": 0.01566647780258651,
      "S4": 0.015008257938176587
    },
    "panel_mean_abs_drift": {
      "early": 0.05369389887147215,
      "mid": 0.07008937929430759,
      "late": 0.08048115315487632
    }
  },
  "ssl_loss_history": [
    0.7527661068098885,
    0.5345753301892961,
    0.4677493584156036,
    0.41982336248670304,
    0.39598852259772166,
    0.36850400532994954,
    0.34767927374158586,
    0.34349469201905386,
    0.3312193056515285,
    0.3246621380533491,
    0.3175536516734532,
    0.3053057077101299,
    0.2959121426514217,
    0.29397775190217157,
    0.30780163611684525,
    0.29082169788224355,
    0.28317089234079634,
    0.281539043869291,
    0.27543872475624087,
    0.27437868773937224,
    0.2654679889338357,
    0.27008253523281645,
    0.2771177215235574,
    0.2696531595502581,
    0.2613316139153072,
    0.26894172361918856,
    0.26843530348369055,
    0.25109845570155553,
    0.25629285539899554,
    0.25687830516270227,
    0.24842449852398463,
    0.24924500482422965,
    0.24625623260225568,
    0.24511869115488868,
    0.2455524732385363,
    0.24353855456624712,
    0.2405296960898808,
    0.23833452224731444,
    0.24070638690676008,
    0.24110755545752388,
    0.23469573131629398,
    0.23601232613836015,
    0.23911170823233469,
    0.23115520221846445,
    0.23431676643235344,
    0.22665754096848625,
    0.23012039133480616,
    0.2281093726839338,
    0.22839180971894946,
    0.22839970435414997,
    0.2304025309426444,
    0.22537631988525392,
    0.221139634847641,
    0.22505834077085768,
    0.22583190074988774,
    0.21939016137804304,
    0.22134383150509426,
    0.21786308101245336,
    0.21485689444201334,
    0.21561114055769784
  ]
}