family,n,jackpot,local_only,best_local_worst,best_local_mean,best_selector_mean,best_selector_p90,best_jackpot_score
qrank_subject,23,0,6,-0.011893360975191447,-0.02732912232576762,-0.002683645729705409,0.0009424413392064291,-2.167551910109931
qrank_global,9,0,0,-0.013737895472407335,-0.015881375213602833,-0.003336459085266983,0.0024472225352533965,-1.897821883888301
tail_swap,25,0,0,-0.0077015654988769056,-0.011816093093667435,-0.003444452251433874,0.0017158987097152508,-1.1855780910865243
model_blend,17,0,17,-0.005530815368724129,-0.006469032005443742,-0.00017161741238963386,0.0002222445303960154,-0.7874542209387847
qrank_dateblock,6,0,3,-0.004672955089009334,-0.005862605789066111,-0.00119091890674299,0.0008770814831158352,-0.6916663121882358
reverse_control,8,0,0,0.026745148842074573,0.01501893815804567,-0.004725824762616669,0.006886938533569077,3.824034074101774
