{
  "latent_specs": {
    "best": "artifacts/domain_best_late_fusion_v1.parquet",
    "psg_core": "artifacts/domain_protected_state_gate_core_load_v1.parquet",
    "psg_proto": "artifacts/domain_protected_state_gate_prototype_v1.parquet",
    "psg_pair": "artifacts/domain_protected_state_gate_pair_conflict_v1.parquet",
    "psg_sleep": "artifacts/domain_protected_state_gate_sleep_boundary_gate_v1.parquet",
    "psg_q": "artifacts/domain_protected_state_gate_q_state_gate_v1.parquet",
    "psg_s2": "artifacts/domain_protected_state_gate_s2_focus_gate_v1.parquet",
    "psg_rel": "artifacts/domain_protected_state_gate_relative_only_v1.parquet",
    "best_plus_psg_core": "artifacts/domain_best_plus_protected_state_gate_core_load_v1.parquet",
    "best_plus_psg_proto": "artifacts/domain_best_plus_protected_state_gate_prototype_v1.parquet",
    "best_plus_psg_sleep": "artifacts/domain_best_plus_protected_state_gate_sleep_boundary_gate_v1.parquet",
    "best_plus_psg_s2": "artifacts/domain_best_plus_protected_state_gate_s2_focus_gate_v1.parquet"
  },
  "n_folds": 5,
  "prior_alpha": 8.0,
  "c_values": [
    0.01,
    0.03,
    0.1
  ],
  "blends": [
    0.1,
    0.2
  ],
  "subject_prior_avg_log_loss": 0.6276539587598199,
  "subject_prior_per_target": {
    "Q1": 0.6731794431644589,
    "Q2": 0.7050100434092992,
    "Q3": 0.6777702303470193,
    "S1": 0.5757019130502258,
    "S2": 0.5798564530783497,
    "S3": 0.5347876459944689,
    "S4": 0.6472719822749171
  },
  "best_source": "best_plus_psg_proto__absolute_plus_deviation__c0.1_b0.2",
  "best_avg_log_loss": 0.6223069909077074,
  "best_delta_vs_subject_prior": -0.0053469678521125275,
  "top_scores": [
    {
      "source": "best_plus_psg_proto__absolute_plus_deviation__c0.1_b0.2",
      "avg_log_loss": 0.6223069909077074,
      "Q1": 0.6687999629640143,
      "Q2": 0.6963438876232927,
      "Q3": 0.6747918197934782,
      "S1": 0.5737277792939575,
      "S2": 0.5763437877822413,
      "S3": 0.5266804198543905,
      "S4": 0.6394612790425777
    },
    {
      "source": "best_plus_psg_core__absolute_plus_deviation__c0.1_b0.2",
      "avg_log_loss": 0.6226535352437395,
      "Q1": 0.6707771438610256,
      "Q2": 0.6996582583359893,
      "Q3": 0.6794578039396866,
      "S1": 0.5748063360610998,
      "S2": 0.5729768373242541,
      "S3": 0.5273412902023663,
      "S4": 0.6335570769817546
    },
    {
      "source": "best_plus_psg_proto__absolute__c0.1_b0.2",
      "avg_log_loss": 0.6232729619806809,
      "Q1": 0.6716101545931779,
      "Q2": 0.6931377282384434,
      "Q3": 0.6743713160504805,
      "S1": 0.573314637739009,
      "S2": 0.5752304364309561,
      "S3": 0.5341222858379059,
      "S4": 0.6411241749747936
    },
    {
      "source": "best_plus_psg_proto__deviation__c0.1_b0.2",
      "avg_log_loss": 0.6232851584370739,
      "Q1": 0.6685271436382406,
      "Q2": 0.6924080021909327,
      "Q3": 0.6734180458171346,
      "S1": 0.5739672695525948,
      "S2": 0.5782672458786527,
      "S3": 0.534591520003762,
      "S4": 0.641816881978199
    },
    {
      "source": "best_plus_psg_core__absolute__c0.1_b0.2",
      "avg_log_loss": 0.623479068320505,
      "Q1": 0.6697734103738632,
      "Q2": 0.6968600888737518,
      "Q3": 0.6795136636667568,
      "S1": 0.5765367250886589,
      "S2": 0.573443076905817,
      "S3": 0.5331448817718929,
      "S4": 0.6350816315627941
    },
    {
      "source": "best_plus_psg_proto__absolute_plus_deviation__c0.03_b0.2",
      "avg_log_loss": 0.6236361026544787,
      "Q1": 0.6711271528385476,
      "Q2": 0.6950985021065526,
      "Q3": 0.6756818388247334,
      "S1": 0.5729323501522788,
      "S2": 0.5772171932880307,
      "S3": 0.5325712444037044,
      "S4": 0.6408244369675029
    },
    {
      "source": "best__absolute_plus_deviation__c0.1_b0.2",
      "avg_log_loss": 0.6237927803338889,
      "Q1": 0.6700346459207199,
      "Q2": 0.7010001209828194,
      "Q3": 0.6736543305290845,
      "S1": 0.570926638022677,
      "S2": 0.5773858608726387,
      "S3": 0.530509557959145,
      "S4": 0.6430383080501377
    },
    {
      "source": "best_plus_psg_core__deviation__c0.1_b0.2",
      "avg_log_loss": 0.6239678255582624,
      "Q1": 0.6719990705323475,
      "Q2": 0.6958198400869366,
      "Q3": 0.6775219237923603,
      "S1": 0.5768345700639104,
      "S2": 0.5742972400898713,
      "S3": 0.5350920241154846,
      "S4": 0.6362101102269266
    },
    {
      "source": "best_plus_psg_core__absolute_plus_deviation__c0.1_b0.1",
      "avg_log_loss": 0.6240044237699697,
      "Q1": 0.6707921353634876,
      "Q2": 0.7011339974186427,
      "Q3": 0.6774379846401702,
      "S1": 0.5741905253560556,
      "S2": 0.5752448026211919,
      "S3": 0.5300848465157965,
      "S4": 0.639146674474443
    },
    {
      "source": "best_plus_psg_core__absolute_plus_deviation__c0.03_b0.2",
      "avg_log_loss": 0.624143812804605,
      "Q1": 0.671827099718695,
      "Q2": 0.6980813031338392,
      "Q3": 0.6801082499371646,
      "S1": 0.5750222629086481,
      "S2": 0.5743183394986742,
      "S3": 0.5339173454592953,
      "S4": 0.6357320889759186
    },
    {
      "source": "best_plus_psg_proto__absolute_plus_deviation__c0.1_b0.1",
      "avg_log_loss": 0.6241805924358116,
      "Q1": 0.6701933082104473,
      "Q2": 0.6997338413626174,
      "Q3": 0.6755964253641658,
      "S1": 0.5738715926138785,
      "S2": 0.5774992851114361,
      "S3": 0.5297868259388778,
      "S4": 0.6425828684492579
    },
    {
      "source": "best_plus_psg_proto__deviation__c0.03_b0.2",
      "avg_log_loss": 0.6244848411520031,
      "Q1": 0.6705435017170949,
      "Q2": 0.6909870128354357,
      "Q3": 0.6748943627514394,
      "S1": 0.5745842008632727,
      "S2": 0.5801388410512509,
      "S3": 0.5379896848344585,
      "S4": 0.6422562840110697
    },
    {
      "source": "best_plus_psg_proto__absolute__c0.03_b0.2",
      "avg_log_loss": 0.6245482356014103,
      "Q1": 0.6727491215280413,
      "Q2": 0.6923618458052135,
      "Q3": 0.6754489675883916,
      "S1": 0.5743745638304489,
      "S2": 0.5771006245270102,
      "S3": 0.5378771703258333,
      "S4": 0.6419253556049327
    },
    {
      "source": "best_plus_psg_proto__deviation__c0.1_b0.1",
      "avg_log_loss": 0.6245574388779603,
      "Q1": 0.6700213098584181,
      "Q2": 0.697664786547395,
      "Q3": 0.6749752936981435,
      "S1": 0.5738624474183563,
      "S2": 0.5781547227467405,
      "S3": 0.5335458015454002,
      "S4": 0.6436777103312693
    },
    {
      "source": "best_plus_psg_proto__absolute__c0.1_b0.1",
      "avg_log_loss": 0.6245795056702272,
      "Q1": 0.6715097304781157,
      "Q2": 0.6980624471497435,
      "Q3": 0.6755100431214184,
      "S1": 0.5737205420324342,
      "S2": 0.5766364651159072,
      "S3": 0.5333030041250969,
      "S4": 0.6433143076688747
    },
    {
      "source": "best_plus_psg_core__absolute__c0.1_b0.1",
      "avg_log_loss": 0.6245846749667441,
      "Q1": 0.6704915621067837,
      "Q2": 0.699849326546273,
      "Q3": 0.6777682809432253,
      "S1": 0.5753339337167583,
      "S2": 0.5755956568038237,
      "S3": 0.5330195609261765,
      "S4": 0.6400344037241681
    },
    {
      "source": "best_plus_psg_sleep__absolute_plus_deviation__c0.1_b0.1",
      "avg_log_loss": 0.6246347965112645,
      "Q1": 0.6683318509954371,
      "Q2": 0.7050925538373818,
      "Q3": 0.6769271181340478,
      "S1": 0.573970342120326,
      "S2": 0.5708484843000542,
      "S3": 0.5310907933183546,
      "S4": 0.646182432873251
    },
    {
      "source": "best_plus_psg_core__deviation__c0.1_b0.1",
      "avg_log_loss": 0.6247197338874821,
      "Q1": 0.6715663781587361,
      "Q2": 0.6992789702315749,
      "Q3": 0.6767023142494769,
      "S1": 0.5752464478155704,
      "S2": 0.5758555488727272,
      "S3": 0.5338985087277961,
      "S4": 0.6404899691564941
    },
    {
      "source": "best__absolute__c0.1_b0.2",
      "avg_log_loss": 0.6248055077107109,
      "Q1": 0.6690211013852839,