{
  "base_file": "submission_h057_q2row_fullvector_state_7cde1a77_uploadsafe.csv",
  "h155": {
    "name": "h155_h061_all_cap1.0_k150_a1.15",
    "source": "h061",
    "mode": "all",
    "cap": 1.0,
    "k": 150,
    "amp": 1.15,
    "base_mean": -0.002062808119990066,
    "base_max": -0.0006439272573988398,
    "base_pos": 10,
    "sem_mean": -0.001876322496406595,
    "sem_max": -8.700565332373852e-05,
    "sem_pos": 10,
    "h088_cos": 0.002381613640433275,
    "changed": 150,
    "rows": 114,
    "decision": 2.135664667713676,
    "hash": "0f87a1af",
    "local_path": "/Users/kbsoo/Downloads/cl2/hsjepa_jackpot/outputs/submission_h155_h061_all_cap1.0_k150_a1.15_0f87a1af.csv",
    "root_path": "/Users/kbsoo/Downloads/cl2/submission_h155_h061_all_cap1.0_k150_a1.15_0f87a1af_uploadsafe.csv",
    "validation": {
      "path": "/Users/kbsoo/Downloads/cl2/submission_h155_h061_all_cap1.0_k150_a1.15_0f87a1af_uploadsafe.csv",
      "rows": 250,
      "keys_match": true,
      "duplicate_keys": 0,
      "nan_cells": 0,
      "min_prob": 4.939277944527429e-06,
      "max_prob": 0.9999967514907456,
      "changed_cells_vs_h057_validation": 150,
      "upload_safe": true
    }
  },
  "h156": {
    "name": "h156_combo_h154_h155",
    "a_h154": 1.3,
    "b_h155": 1.3,
    "base_mean": -0.006653632032695126,
    "base_max": -0.0020850990366642758,
    "base_pos": 10,
    "sem_mean": -0.005567832431093883,
    "sem_max": -0.002810004671652165,
    "sem_pos": 10,
    "h088_cos": 0.002648873877890047,
    "changed": 158,
    "rows": 117,
    "cos154155": 0.6873715878491203,
    "decision": 6.730248046205024,
    "hash": "30075624",
    "local_path": "/Users/kbsoo/Downloads/cl2/hsjepa_jackpot/outputs/submission_h156_combo_h154_h155_a1.3_b1.3_30075624.csv",
    "root_path": "/Users/kbsoo/Downloads/cl2/submission_h156_combo_h154_h155_a1.3_b1.3_30075624_uploadsafe.csv",
    "validation": {
      "path": "/Users/kbsoo/Downloads/cl2/submission_h156_combo_h154_h155_a1.3_b1.3_30075624_uploadsafe.csv",
      "rows": 250,
      "keys_match": true,
      "duplicate_keys": 0,
      "nan_cells": 0,
      "min_prob": 4.939277944527429e-06,
      "max_prob": 0.9999967514907456,
      "changed_cells_vs_h057_validation": 158,
      "upload_safe": true
    }
  },
  "h158": {
    "name": "h158_sparse_lossnull",
    "a154": 1.8,
    "b155": 1.8,
    "bad_remove": 1.0,
    "keep": 160,
    "cap": 2.2,
    "base_mean": -0.009060216417584093,
    "base_max": -0.003038220497984154,
    "base_pos": 10,
    "sem_mean": -0.007628233177164673,
    "sem_max": -0.004325087302137354,
    "sem_pos": 10,
    "h088_cos": 6.644441689229251e-05,
    "changed": 160,
    "rows": 117,
    "cos_submission_h012_public_equation_top_all_k1200_a0.7_uploadsafe.csv": -0.14469337653879313,
    "cos_submission_h042_target_Q2_phase_k45_s0.5_c45_50fc6607_uploadsafe.csv": -0.10696969669411514,
    "cos_submission_h088_dual_state_gate_c31cc15b_uploadsafe.csv": 6.644441689229251e-05,
    "cos_submission_h010_objective_s1s4_v2_uploadsafe.csv": -0.11580304348984917,
    "cos_submission_e323_5508f966_uploadsafe.csv": -0.1166858438579694,
    "cos_submission_h145_q3repair_2d818e46_uploadsafe.csv": -0.003179507842926328,
    "decision": 9.140110106517067,
    "hash": "c7b38d35",
    "local_path": "/Users/kbsoo/Downloads/cl2/hsjepa_jackpot/outputs/submission_h158_sparse_lossnull_a1.8_b1.8_r1.0_k160_c7b38d35.csv",
    "root_path": "/Users/kbsoo/Downloads/cl2/submission_h158_sparse_lossnull_a1.8_b1.8_r1.0_k160_c7b38d35_uploadsafe.csv",
    "validation": {
      "path": "/Users/kbsoo/Downloads/cl2/submission_h158_sparse_lossnull_a1.8_b1.8_r1.0_k160_c7b38d35_uploadsafe.csv",
      "rows": 250,
      "keys_match": true,
      "duplicate_keys": 0,
      "nan_cells": 0,
      "min_prob": 4.939277944527429e-06,
      "max_prob": 0.9999967514907456,
      "changed_cells_vs_h057_validation": 160,
      "upload_safe": true
    }
  },
  "submit_priority": [
    "h158_sparse_lossnull: highest jackpot / highest action strength",
    "h156_combo: less transformed, still big-bet",
    "h155_h061: diagnostic posterior-listener bridge"
  ],
  "rejected": {
    "h157_dense_lossnull": "projection spread to 1024 cells; kept as failed exploration, not promoted"
  }
}