method,blocks,weighted_row_logloss,weighted_count_nll_per_row,rate_mae_weighted,count_mae_mean,is_subject_mean,delta_weighted_row_logloss_vs_subject,delta_weighted_count_nll_per_row_vs_subject
calendar_count_local,369,0.6077356726523834,0.2855036289722045,0.19248257590631254,0.887297727958368,0.0,-0.005266100924186556,-0.005266100924186612
edge_shrink025,369,0.6125107290298786,0.2902786853496997,0.1921853831904082,0.8859277420240763,0.0,-0.0004910445466913549,-0.0004910445466914104
subject_mean,369,0.6130017735765699,0.2907697298963911,0.19332880935431287,0.8911986577552465,1.0,0.0,0.0
calendar_count_strict,369,0.6144355034583305,0.29220345977815165,0.1982083810433096,0.9136922931020858,0.0,0.0014337298817606037,0.0014337298817605482
edge_shrink050,369,0.6520399984317025,0.3298079547515235,0.21402803886036534,0.9866170571855861,0.0,0.03903822485513253,0.03903822485513242
