target,global_rate,subject_rate_std,train_block_rate_std,transition_rate_within_subject
Q1,0.4955555555555556,0.1754376331804573,0.34409908268080314,0.38079743322816056
Q2,0.5622222222222222,0.1469002923071298,0.3207695182610845,0.3454711380076298
Q3,0.6,0.12389849429955557,0.31980696678744697,0.3513436165928744
S1,0.6822222222222222,0.1802404884789309,0.3389120556291602,0.35506965150551245
S2,0.6511111111111111,0.21859338543957377,0.34522963064496365,0.38537649860447976
S3,0.6622222222222223,0.24749041517121087,0.35999677218284487,0.35471220608930903
S4,0.56,0.19474947265301112,0.36299305938237336,0.4119660501958869
