method,full_oof_loss,full_delta_vs_stage2,loss_Q1,loss_Q2,loss_Q3,loss_S1,loss_S2,loss_S3,loss_S4
subject_prior,0.6128277414799523,0.0452968167901352,0.6478483919996418,0.6717805954134541,0.6631147308439678,0.5630193055112862,0.5784375072571619,0.5284174676961564,0.6371761916379985
both,0.6850832789665883,0.11755235427677113,0.7290491445709016,0.7065177926214212,0.7522907735311442,0.6504121189670246,0.6403035019062799,0.6060677686943238,0.7109418524750228
same_boundary,0.6850832789665883,0.11755235427677113,0.7290491445709016,0.7065177926214212,0.7522907735311442,0.6504121189670246,0.6403035019062799,0.6060677686943238,0.7109418524750228
prev,0.6888699068134526,0.12133898212363547,0.7366311543429438,0.6747825018381484,0.7654623531747461,0.6665653374611672,0.6608078808855166,0.5912514961385192,0.7265886238531268
next,0.7134527486159777,0.1459218239261606,0.744874138829597,0.8003849359432708,0.7909601092706677,0.635202793495557,0.6551410290918596,0.6346622209373296,0.7329440127435631
