target_a,target_b,axis_pair,corr
Q1,Q2,QQ,0.12205977985582872
Q1,Q3,QQ,0.10161247780374832
Q1,S1,QS,0.3614444298659205
Q1,S2,QS,0.0727581810116198
Q1,S3,QS,-0.11911987546652744
Q1,S4,QS,0.01898235753215377
Q2,Q3,QQ,0.34012922174108057
Q2,S1,QS,0.05192744263883158
Q2,S2,QS,0.0025270181445755267
Q2,S3,QS,-0.05248958625179382
Q2,S4,QS,-0.024183606552649548
Q3,S1,QS,0.06624698007546015
Q3,S2,QS,0.001903446779540778
Q3,S3,QS,-0.026854834760353396
Q3,S4,QS,0.007310574388441834
S1,S2,SS,0.3816084277893237
S1,S3,SS,0.11804531301889201
S1,S4,SS,0.10653252046740275
S2,S3,SS,0.3940225040709118
S2,S4,SS,0.4782824077147669
S3,S4,SS,0.08632658492237472
