target,axis,e95_axis,prevalence,entropy,global_logloss,subject_loo_logloss_gain,subject_rate_var,subject_rate_range,icc_proxy,temporal_pair_count_gap_le7,temporal_pair_count_gap1,same_label_rate_gap_le7,same_label_rate_gap1,expected_same_by_prevalence,persistence_lift_gap_le7,p_curr1_given_prev1,p_curr1_given_prev0,transition_contrast
Q1,Q,False,0.4955555555555556,0.6931076738668435,0.6931076740610871,0.03331402544922346,0.027700526822364617,0.7026515151515151,0.11081086227236986,430,352,0.6209302325581395,0.6335227272727273,0.5000395061728395,0.12089072638529996,0.6273584905660378,0.3853211009174312,0.24203738964860655
Q2,Q,True,0.5622222222222222,0.6853838600767068,0.6853838987424227,0.018363017420936267,0.019421726291928166,0.4223484848484849,0.07890892153320353,430,352,0.6581395348837209,0.6534090909090909,0.5077432098765432,0.1503963250071777,0.6958333333333333,0.3894736842105263,0.306359649122807
Q3,Q,False,0.6,0.6730116670092565,0.6730117694215824,0.008760692535559222,0.013815753200727305,0.332905434317501,0.057565638096506944,430,352,0.6558139534883721,0.6392045454545454,0.52,0.1358139534883721,0.7215686274509804,0.44,0.2815686274509804
S1,S,True,0.6822222222222222,0.6251830480167293,0.6251834243510085,0.050605619823352876,0.02923797031841126,0.49107142857142855,0.13486455803212244,430,352,0.6534883720930232,0.6619318181818182,0.5664098765432098,0.0870784955498134,0.7482993197278912,0.5514705882352942,0.19682873149259705
S2,S,True,0.6511111111111111,0.6467561030272875,0.6467563500509421,0.07359932394225321,0.04300476134214066,0.6666666666666666,0.18931032224186742,430,352,0.6209302325581395,0.6221590909090909,0.5456691358024691,0.07526109675567039,0.7163120567375887,0.5608108108108109,0.15550124592677783
S3,S,True,0.6622222222222223,0.6395504757704887,0.6395507648730192,0.10700382688887544,0.0551263550414565,0.821969696969697,0.24644751955999028,430,352,0.6534883720930232,0.6619318181818182,0.5526320987654322,0.10085627332759106,0.7394366197183099,0.5136986301369864,0.22573798958132352
S4,S,False,0.56,0.6859298002523728,0.6859298361660584,0.043686716853652774,0.03413462138876334,0.7026515151515151,0.13853336546359568,430,352,0.5930232558139535,0.5823863636363636,0.5072,0.08582325581395356,0.6485355648535565,0.47643979057591623,0.17209577427764022
