missing_penalty,winner,e176_balance,e154_balance,e144_balance,e176_minus_e154,e176_minus_e144
0.0,e176,3.1,-0.2250000000000001,-1.725,3.325,4.825
-0.1,e176,3.1,-0.5249999999999999,-2.025,3.625,5.125
-0.25,e176,3.1,-0.9750000000000001,-2.475,4.075,5.575
-0.5,e176,3.1,-1.725,-3.225,4.825,6.325
-1.0,e176,3.1,-3.225,-4.725,6.325,7.824999999999999
-2.0,e176,3.1,-6.225,-7.725,9.325,10.825
