set,view,known_loo_accuracy,known_loo_correct,known_loo_n,exact_e101_boundary_correct,mixmin_broad_success_correct,e176_nearest_direction,e176_nearest_pair,e176_nearest_distance,e176_nearest_win_distance,e176_nearest_loss_distance,e176_win_distance_advantage,e176_inverse_distance_vote_new_won,e176_inverse_distance_vote_new_lost,action_grade
top4,sequence_axis_flank,0.8333333333333334,5,6,0.0,1.0,new_lost,e72_vs_e95,18.870966271406505,19.68160333305862,18.870966271406505,-0.8106370616521161,0.5057612316288926,0.49423876837110725,False
top4,sequence_axis,0.8333333333333334,5,6,0.0,1.0,new_lost,e72_vs_e95,18.687273952753372,19.581029167019253,18.687273952753372,-0.8937552142658802,0.505578784918524,0.49442121508147585,False
top16,sequence_only,0.6666666666666666,4,6,0.0,0.0,new_lost,e72_vs_e95,18.51136397997582,19.40512714209814,18.51136397997582,-0.8937631621223225,0.4927290559106128,0.5072709440893872,False
top16,sequence_axis_flank,0.5,3,6,0.0,0.0,new_lost,e72_vs_e95,23.906811790300594,23.941877134821727,23.906811790300594,-0.03506534452113286,0.501920727609381,0.4980792723906189,False
top16,sequence_axis,0.5,3,6,0.0,0.0,new_lost,e72_vs_e95,23.143363127763653,23.60324404759949,23.143363127763653,-0.459880919835836,0.49926864089801704,0.500731359101983,False
top4,sequence_only,0.5,3,6,0.0,0.0,new_lost,e72_vs_e95,15.657752269998266,17.148793974294115,15.657752269998266,-1.4910417042958493,0.49754817820718766,0.5024518217928124,False
top33,sequence_only,0.3333333333333333,2,6,0.0,0.0,new_won,mixmin_vs_a2c8,11.550287579872395,11.550287579872395,14.533536704624748,2.983249124752353,0.537886919250867,0.4621130807491331,False
top33,sequence_axis_flank,0.3333333333333333,2,6,0.0,0.0,new_won,mixmin_vs_a2c8,13.875484458185985,13.875484458185985,17.84964087133053,3.9741564131445433,0.5376643875484601,0.4623356124515398,False
top33,sequence_axis,0.3333333333333333,2,6,0.0,0.0,new_won,mixmin_vs_a2c8,13.567449844580784,13.567449844580784,17.06984436061781,3.502394516037027,0.536023565092535,0.463976434907465,False
