family,columns,components,explained_variance
deep,1291,10,0.41522232478104265
prectx,3240,10,0.43791385506974984
presleep,406,10,0.5853984163147383
proxy,158,4,0.40945284852736946
quiet,600,10,0.9470467609354524
