target,best_feature,best_mode,best_c_value,best_weight,best_delta_vs_base,best_mean_delta,best_win_rate
Q3,e208_resid_self_pc10,subject_center,0.2,0.45,-0.006457572508821063,-0.006331628020390921,0.95
S2,e208_pred_pc12,subject_z,0.2,0.45,-0.004215282384064101,-0.0036473583744225627,0.9423076923076923
S4,e208_pred_pc14,subject_rank,0.2,0.45,-0.0031337548277784455,-0.0012295659447276342,0.6730769230769231
S3,e208_hidden_z00,subject_center,0.2,0.3,-0.0005360186577680892,0.0004587766247175013,0.3346153846153846
Q1,e208_resid_nn_pc02,subject_z,0.2,0.2,-0.0003636833178426446,0.0008711501977767612,0.27307692307692305
S1,e208_resid_nn_pc03,subject_z,0.2,0.1,-3.554506584807493e-05,0.0007820266187083187,0.08076923076923077
Q2,e208_resid_self_pc02,subject_rank,0.05,0.0,0.0,0.0,0.0
