target,best_feature,best_mode,best_c_value,best_weight,best_delta_vs_base,best_mean_delta,best_win_rate
Q1,e215_pred_pc06,subject_rank,0.2,0.45,-0.004965049797093557,-0.004677688758951913,0.9769230769230769
S2,e215_resid_pc10,subject_rank,0.2,0.45,-0.004370424697455966,-0.003752832635153627,0.926923076923077
S4,e215_deep_resid_abs_mean,subject_rank,0.2,0.45,-0.0033125569176336578,-0.002048868053203448,0.7923076923076923
Q3,e215_pred_pc08,subject_rank,0.2,0.45,-0.0015148165371507982,-0.0002883019565814843,0.5884615384615385
S3,e215_quiet_pred_z02,subject_z,0.2,0.3,-0.0008727363221634477,0.0002648329061868502,0.3769230769230769
S1,e215_deep_resid_norm,subject_z,0.2,0.3,-0.0007639141959202012,0.0008211089556958519,0.28076923076923077
Q2,e215_hidden_z01,subject_rank,0.05,0.0,0.0,0.0,0.0
