target,best_feature,best_mode,best_c_value,best_weight,best_delta_vs_base,best_mean_delta,best_win_rate
S2,e217_teacher_pc07,subject_z,0.2,0.45,-0.002852617628518961,-0.0016293697851660228,0.7576923076923077
S1,e217_resid_pc14,subject_rank,0.2,0.45,-0.0014244991299748322,0.0005696237591589821,0.25
Q3,e217_resid_pc09,subject_z,0.2,0.45,-0.0011344656753423665,-0.00011784638418613555,0.5846153846153846
S4,e217_teacher_pc15,subject_center,0.2,0.2,-0.00041901145586786814,0.0017937128962917015,0.17307692307692307
S3,e217_resid_pc13,subject_z,0.2,0.1,-4.561117054757702e-05,0.0005488655950535554,0.17692307692307693
Q1,e217_context_pc11,subject_center,0.03,0.0,0.0,0.0,0.0
Q2,e217_resid_pc01,global_z,0.03,0.0,0.0,0.0,0.0
