pair,support_rate_a,support_rate_b,label_corr,benefit_corr,good_jaccard,bad_jaccard,same_label_rate,both_good_rate,both_bad_rate
q3_e224__s2_e216,0.5022222222222222,0.5511111111111111,0.012946961061768642,-0.023987679230801605,0.3620689655172414,0.3148148148148148,0.5066666666666667,0.28,0.22666666666666666
q3_e224__s4_e224,0.5022222222222222,0.27111111111111114,0.05727800025873719,0.09061114095171942,0.23843416370106763,0.4412532637075718,0.5244444444444445,0.14888888888888888,0.37555555555555553
s2_e216__s4_e224,0.5511111111111111,0.27111111111111114,-0.0023674864548001028,0.02224634355638382,0.22112211221122113,0.3838120104438642,0.47555555555555556,0.14888888888888888,0.32666666666666666
