group,n,oof_gain_vs_full_mean,oof_gain_vs_full_median,oof_gain_active_mean,oof_gain_active_median,oof_tail_auc_mean,oof_tail_auc_median,oof_subject_win_rate_mean,oof_subject_win_rate_median,test_expected_gain_vs_e224_mean,test_expected_gain_vs_e224_median,adverse_reduction_vs_e224_mean,adverse_reduction_vs_e224_median,support_gain_vs_e224_mean,support_gain_vs_e224_median,test_actual_gain_vs_e224_mean,test_actual_gain_vs_e224_median,actual_adverse_reduction_vs_e224_mean,actual_adverse_reduction_vs_e224_median,actual_support_gain_vs_e224_mean,actual_support_gain_vs_e224_median,q3_top1_over_abs_expected_mean,q3_top1_over_abs_expected_median,e230_q3_risk_top21_overlap_mean,e230_q3_risk_top21_overlap_median,e230_q3_swing_top25_overlap_mean,e230_q3_swing_top25_overlap_median,q3_dropped_cells_mean,q3_dropped_cells_median,s4_dropped_cells_mean,s4_dropped_cells_median,e237_score_mean,e237_score_median
gate_false,113,0.0003078316224753708,0.0002866242813436,0.004153955980631831,0.0041327486395,0.610519088312666,0.5893744941611746,0.695575221238938,0.7,-6.306576454955587e-05,-2.825160080603413e-05,0.0002554148406984809,0.0002297782170586,-0.0021814561034097743,-0.0011748331042755,-6.306576454955577e-05,-2.825160080603391e-05,0.00024032639736539635,0.0002007344816162,-0.0017216486837483935,-0.0009570857653501,1.3184029831244977,1.001852644025306,1.3982300884955752,1.0,2.2035398230088497,1.0,18.43362831858407,13.0,17.035398230088497,13.0,-0.001336529441866813,0.0030260397285302
gate_true,7,0.00028137734182309996,0.0002714413491506,0.004127501699979529,0.0041175657073071,0.892739537954992,0.9006438555264267,0.7142857142857143,0.7,3.1612522522355985e-06,5.413837145884092e-06,0.00031862170765037146,0.0002644070162587,0.005278925631688143,0.0058592307611706,3.1612522522357535e-06,5.4138371458843084e-06,0.0003144070011856143,0.0002628109983943,0.004415545916319842,0.0048931089569513,0.8014662920473556,0.8045283017673088,7.0,7.0,8.857142857142858,9.0,12.857142857142858,10.0,0.0,0.0,0.03272706013088928,0.028117517300888
