target,changed_cells_vs_e224,abs_logit_sum,max_abs_logit_delta
Q1,0,0.0,0.0
Q2,0,0.0,0.0
Q3,31,2.8477575682999374,0.17209235472968332
S1,0,0.0,0.0
S2,0,0.0,0.0
S3,0,0.0,0.0
S4,0,0.0,0.0
