group,n_context,base_prob_mean,full_prob_mean,abs_logit_step_mean,featnn1_dist_mean,featnn1_total_smooth_gain_mean,featnn1_full_pair_abs_logit_mean,n_cells,e224_expected_focus_sum,e224_adverse_sum,support_prob_focus_weighted,top1_over_abs_expected,swing_sum,support_delta_sum
shared,15,0.5361783252061335,0.5253997593199996,0.2133326856080535,10.867345765930459,0.04548368773479098,0.5210058454216607,15,-2.8815164188579048e-05,0.0003796657360894282,0.4467773411899066,3.412733926254653,0.000914282938320229,-0.0005346172022308007
e237_only,10,0.5494146889960065,0.5142535670031789,0.14413290369662085,8.019274100562507,-0.02870173471385338,0.38091567348843264,10,3.442667193677638e-05,0.00019673400426331632,0.3941332260526764,1.7913271109071813,0.00041180829627606,-0.00021507429201274373
e250_only,6,0.6157878173380239,0.5842557339400093,0.17569930258547703,10.287034807190695,-0.07505038680481411,0.6567198257498612,6,2.9660622282737963e-05,0.00014460498621136165,0.3816229089796403,2.9719438875020834,0.00030119880443224654,-0.00015659381822088483
union,31,0.555856408776781,0.5331956923700594,0.18372629472902816,9.836294720571813,-0.0017762694175985155,0.5020826893776904,31,3.5272130030935296e-05,0.0007210047265641062,0.42139543663804485,2.787994043192584,0.0016272900390285356,-0.0009062853124644294
none,219,0.6183523071771616,0.6157232076614443,0.0556777951526313,7.109991309273982,-0.006987003710501,0.47752200790243043,219,-0.00014764350014478657,0.0014946322054473305,0.4713982533651932,0.5062034510330272,0.003483839182407498,-0.0019892069769601676
