reference,moved_cells_vs_ref,moved_rows_vs_ref,mean_abs_prob_delta_vs_ref,max_abs_prob_delta_vs_ref,mean_abs_logit_delta_vs_ref,max_abs_logit_delta_vs_ref,Q1_moved_vs_ref,Q1_mean_abs_prob_delta_vs_ref,Q1_max_abs_prob_delta_vs_ref,Q2_moved_vs_ref,Q2_mean_abs_prob_delta_vs_ref,Q2_max_abs_prob_delta_vs_ref,Q3_moved_vs_ref,Q3_mean_abs_prob_delta_vs_ref,Q3_max_abs_prob_delta_vs_ref,S1_moved_vs_ref,S1_mean_abs_prob_delta_vs_ref,S1_max_abs_prob_delta_vs_ref,S2_moved_vs_ref,S2_mean_abs_prob_delta_vs_ref,S2_max_abs_prob_delta_vs_ref,S3_moved_vs_ref,S3_mean_abs_prob_delta_vs_ref,S3_max_abs_prob_delta_vs_ref,S4_moved_vs_ref,S4_mean_abs_prob_delta_vs_ref,S4_max_abs_prob_delta_vs_ref,submission_file
e247_public_best,60,54,0.0004296644603995938,0.041105375827835466,0.0019288092225503526,0.17209235472968332,0,0.0,0.0,0,0.0,0.0,51,0.002594650418845724,0.041105375827835466,0,0.0,0.0,0,0.0,0.0,0,0.0,0.0,9,0.00041300080395143245,0.02095897606296504,submission_e267_humansocial_tail_balanced_2936100f.csv
e256_same_family_loss,51,45,0.00042024652582506593,0.041105375827835466,0.0018903189402278656,0.17209235472968332,0,0.0,0.0,0,0.0,0.0,42,0.002528724876824029,0.041105375827835466,0,0.0,0.0,0,0.0,0.0,0,0.0,0.0,9,0.00041300080395143245,0.02095897606296504,submission_e267_humansocial_tail_balanced_2936100f.csv
e224_body,34,25,0.00021750331331183226,0.038495985865671156,0.0009642899208468747,0.17209235472968332,0,0.0,0.0,0,0.0,0.0,25,0.0011095223892313916,0.038495985865671156,0,0.0,0.0,0,0.0,0.0,0,0.0,0.0,9,0.00041300080395143424,0.02095897606296504,submission_e267_humansocial_tail_balanced_2936100f.csv
e95_hardtail,512,240,0.0018925193734680619,0.04169699239201674,0.009297539687534448,0.16929496819948486,70,0.000664288394131008,0.0052680447455851764,0,4.440892098500626e-19,1.1102230246251565e-16,235,0.007406591370857317,0.04169699239201674,0,1.7208456881689926e-18,2.0816681711721685e-16,39,0.0002940916617147844,0.0052437953777627055,56,0.00038093438163977846,0.005462311610252069,112,0.004501729805933542,0.027480903530896383,submission_e267_humansocial_tail_balanced_2936100f.csv
