group,n_rows,e237_overlap,e230_swing_overlap,e230_risk_overlap,single_row_smooth_gain_sum_mean,single_row_smooth_gain_sum_median,rollback_amp_abs_mean,rollback_amp_abs_median,app_state_avg_z_mean,app_state_avg_z_median,app_story_score_mean,app_story_score_median,state_amp_z_mean,state_amp_z_median,e284_select_count_mean,e284_select_count_median,e284_score_max_mean,e284_score_max_median,nn_dist_mean,nn_dist_median
e247_common,21,13,10,7,0.12157288518777129,0.0876244113429944,0.0846004959851345,0.0764335485965866,0.09988302497194528,0.1129879405166024,-0.13037123148693985,-0.5579580398928128,0.22293352139617548,0.04202770788848776,2.380952380952381,1.0,0.03283254449951233,0.0435011456921061,10.60256242822537,8.400505750657741
e247_only,13,0,0,0,0.07714299854337707,0.0776627088344263,0.03912505127173959,0.0388313544172131,0.23526215479235443,0.2667515158669026,0.5706634160552255,0.752707008410792,0.033043049819441346,0.012466511910041195,0.5384615384615384,0.0,0.01350190889310037,0.0,6.118931536926419,5.832526615779385
e256_only,4,1,4,0,0.01232246839967185,0.0097352474707598,0.11031691811706597,0.10822817206330834,0.7196238877139897,0.7320493109886128,1.142024397538767,0.9612028518621101,1.6808424458834437,1.4662715440260237,0.25,0.0,0.0078830231621927,0.0,7.23054559354619,7.1263687797895265
e284_extra,50,10,10,8,-0.040740736901803576,-0.0370351627202992,0.050281271452178346,0.0443673283235825,0.18222449856146036,0.31736932664919154,0.11672007651695548,0.22571235554801067,0.08906494016189956,-0.007683500018672584,2.52,2.5,0.04588364876210859,0.0435011456921061,7.5603417687844425,7.587594230262878
neither,212,11,11,14,-0.02224262934617229,-0.0080112034262364,0.02933005840954879,0.0225337692096904,0.05827914571318992,0.15731248324490185,0.001254691600411012,0.1455474650404792,-0.05582327066276508,-0.0683016843957259,0.589622641509434,0.0,0.010672878988003107,0.0,7.221184574159279,6.967129992575572
