model,split,spearman_health,spearman_visibility,spearman_rowloss,top20_overlap,n
extratrees,random5,0.972450039339103,0.11804878048780487,0.7892053501180172,0.20833333333333334,124
randomforest,random5,0.9531140833988984,0.13132336742722267,0.7698316286388669,0.20833333333333334,124
extratrees,leave_source,0.639068450039339,0.1802234461054288,0.5046671911880409,0.20833333333333334,124
randomforest,leave_source,0.6008056648308419,0.2219858379228953,0.4631188040912666,0.20833333333333334,124
