target,kfold_spearman,group_spearman,null_p95,beats_null_p95,target_std,feature_count
public_row_validity,0.07380356069289769,0.06422175475711897,0.13568857902408657,False,0.36826981413088966,47
public_bad_row_support,0.14144981519704317,0.09221792348677577,0.10099246387942203,True,0.28867282518449844,47
public_validity_Q1,0.12335459146173788,0.03810065080145788,0.16909916180965873,False,0.3782949537067604,47
public_validity_Q2,0.39298191180831005,0.10841905234939613,0.10501522695776842,True,0.40520359327133315,47
public_validity_Q3,0.03382901398622116,-0.009188217332035254,0.034554832082066014,False,0.3913280771935487,47
public_validity_S1,0.11040747440601845,0.13132725828634537,0.09987477392236484,True,0.3053240639058769,47
public_signed_gap,0.09975826813229012,0.0722012192195075,0.07740715211443377,True,0.28867282518449844,47
