target,kfold_spearman,group_spearman,null_p95,beats_null_p95,target_std,feature_count
public_row_validity,0.06750810836397991,0.07561032555855329,0.18021868959752907,False,0.36826981413088966,47
public_bad_row_support,0.09905400086401382,0.12616713867421878,0.09675272884366147,True,0.28867282518449844,47
public_validity_Q1,0.10447668630945031,0.09109549259633777,0.15853352547198496,False,0.3782949537067604,47
public_validity_Q2,0.4269395236446626,0.06118314603863592,0.10223708810387788,True,0.40520359327133315,47
public_validity_Q3,0.050073806805926414,-0.03984876133845858,0.1494780530457161,False,0.3913280771935487,47
public_validity_S1,0.1579887792039292,0.09690947702375637,0.10277728497255233,True,0.3053240639058769,47
public_signed_gap,0.12160975375606008,0.03103729659674555,0.09085535448567177,True,0.28867282518449844,47
