file,oof,gain_vs_stage2,projection,orth_ratio,linear_public_est,linear_public_delta
submission_orthcap010_exact_q3_exact_value_nearest_w1.csv,0.5609249620622331,0.006605962627584061,0.10117715397240618,0.9812489452482445,0.5779812365296236,3.62608296235937e-05
submission_orthcap010_exact_q2_exact_value_nearest_w1.csv,0.5615119430852104,0.006018981604606788,0.10431267317788842,0.9783825908566859,0.577982360266784,3.738456678388688e-05
submission_orthcap010_exact_q2q3_exact_value_nearest_w1.csv,0.5604482184238192,0.00708270626599794,0.10548982715029473,0.980289607015175,0.5779827821464075,3.780644640748059e-05
submission_orthcap010_exact_qall_exact_value_nearest_w1.csv,0.5611251205022042,0.00640580418761294,0.10762243750807758,0.980497295465658,0.5779835464515674,3.857075156730121e-05
submission_orthcap030_exact_q3_exact_value_nearest_w1.csv,0.5596021973038845,0.007928727385932643,0.30228453794264276,0.858926799641031,0.5780533113044111,0.00010833560441099487
submission_orthcap030_exact_q2_exact_value_nearest_w1.csv,0.5601799236919444,0.007351000997872781,0.3031146256241984,0.8516816257324132,0.5780536087991202,0.00010863309912014376
submission_orthcap030_exact_q2q3_exact_value_nearest_w1.csv,0.5593549565786903,0.008175968111126863,0.3053991635668411,0.8599709983617395,0.5780544275535312,0.00010945185353113851
