target,feature,mode,n,raw_mean,raw_std,z_mean,z_std,corr_label,corr_residual,label_rate,base_mean
Q1,mp__mp_usage_core5h_row_count,subject_rank,450,2.4466666666666668,3.873046601543581,8.68441121484567e-17,1.0,-0.3590827383188386,-0.1663652749823843,0.4955555555555556,0.4966221311209267
Q3,mp__mp_hr_pre6h_obs_frac_same_weekend_dev,subject_z,450,0.05625000000000001,0.2734466578373593,7.401486830834377e-18,0.9999999999999999,-0.22684465819872845,-0.20556335170676918,0.6,0.6056017489383948
S1,mp__mp_watch_gap_sum_night18_36_very_irregular_flag,global_z,450,0.10444444444444445,0.30617662017517855,-9.079157179156836e-17,1.0,-0.11024321485204897,-0.14620899610247126,0.6822222222222222,0.6841055470752521
S2,mp__mp_wlight_all24h_longest_gap_min_same_weekend_dev,subject_rank,450,148.76333333333332,408.7816449953177,5.921189464667502e-18,1.0,-0.13730511761829917,-0.16541934582185078,0.6511111111111111,0.653299683601699
S3,mp__mp_usage_cand21_34_p90_gap_min,subject_rank,450,99.7448888888889,155.85239414269483,2.652199447715652e-17,1.0,-0.14553174721759407,-0.1741659859100954,0.6622222222222223,0.6603307163912431
S4,mp__mp_sensor_active_count_pre6h_same_weekend_dev,subject_center,450,-0.36,1.4558690070543983,-1.282924384011292e-17,0.9999999999999999,0.18941714298715548,0.1836461167240209,0.56,0.5618441328928999
