feature,missing,train_mean,sub_mean,mean_shift_std,train_std,sub_std,train_q10,train_median,train_q90,sub_q10,sub_median,sub_q90,train_zero_rate,sub_zero_rate
prectx__presleep_wlight_pre1h_w_light_min_dprev1,False,0.6636085510253906,-0.5639534592628479,-0.021758850663900375,56.41667175292969,34.37044143676758,-2.0,0.0,5.0,-22.399999618530273,0.0,22.399999618530273,0.8488888888888889,0.728
prectx__presleep_charge_pre3h_m_charging_mean_dprev1,False,-0.0019182973774150014,-0.003252011723816395,-0.0046665421687066555,0.28580355644226074,0.34207630157470703,-0.3341176509857178,0.0,0.35083839297294617,-0.4377124309539795,0.0,0.4444444179534912,0.14888888888888888,0.172
prectx__presleep_mlight_pre3h_m_light_max_future2dev,False,4.082880973815918,0.422079861164093,-0.011922097764909267,307.0601501464844,179.858154296875,-341.010009765625,-1.51873779296875,323.021240234375,-161.5500030517578,0.75,175.2063751220703,0.02,0.024
