base_ref,target_scope,rows,strict,deployable,loose,beats_e75_local_all,best_all_delta_vs_mixmin,best_all_minus_base,best_worst_set_delta,best_hidden_q2s3_minus_base,best_world_support_minus_base,best_block_win_rate,best_deployable_delta,best_strict_delta
mixmin,s3_only,760,0,0,713,0,-7.417640070950249e-06,-7.417640070950249e-06,-1.6720020292737559e-06,-0.0006179220907486863,-0.0001435775451533061,0.75,,
mixmin,q2s3,760,0,0,688,0,-8.095468610913592e-06,-8.095468610913592e-06,-2.161632899122523e-06,-0.0012025969365369177,-0.0007793587571706506,0.8333333333333334,,
e73,s3_only,760,0,0,645,0,-1.2367528610113254e-05,-1.8217406393405966e-06,9.974271029444814e-06,-0.00033032857960783174,-0.0001413119938184935,0.8055555555555556,,
mixmin,full,760,0,0,611,9,-1.2599146951952633e-05,-1.2599146951952633e-05,2.14242981932955e-06,-0.0012025969365369177,-0.004756250556288666,0.8333333333333334,,
e74,s3_only,760,0,0,416,0,-1.1693500439946547e-05,-9.674215140087483e-07,1.0640080001733665e-05,-0.0002841067003474876,-8.806118799858909e-05,0.8333333333333334,,
e73,full,760,0,0,26,6,-1.249476019782314e-05,-1.9489722270504828e-06,9.858801544582185e-06,-0.00012438208166518777,-0.0001365125095424578,0.6666666666666666,,
e74,q2s3,760,0,0,0,7,-1.2654102848674853e-05,-1.9280239227370544e-06,9.806857598659846e-06,2.5269676664115004e-05,2.647038999839535e-05,0.5833333333333334,,
e73,q2s3,760,0,0,0,35,-1.2652160228610043e-05,-2.1063722578373856e-06,9.830320619963473e-06,-0.00012438208166518777,-4.6780910716470725e-05,0.6666666666666666,,
e74,full,760,0,0,0,5,-1.2547318320565992e-05,-1.8212393946281935e-06,9.903351186557607e-06,2.5269676664115004e-05,8.175215107775148e-06,0.5833333333333334,,
