view,n_cols,row_dim,block_dim,anisotropy,effective_rank,hidden_nn_dist_median,hidden_nn_dist_p90
night_all,3924.0,17.0,124.0,0.15575678039857802,31.790338429928337,0.6398489403000701,0.9545868892827747
night_phone,1231.0,17.0,124.0,0.15414304609858195,34.72724451721645,0.665461858730418,0.9399453913206466
night_watch,873.0,17.0,124.0,0.17147600949548836,35.12490475639716,0.6685283268701556,0.8738677236657271
night_context,2692.0,17.0,124.0,0.14820208699223444,31.358920704769055,0.5968016364453808,0.9214659226236376
night_light,176.0,17.0,124.0,0.14427067764099805,34.64446253095612,0.6060645531935509,1.0652295308149573
night_mobility,1180.0,17.0,124.0,0.16182150649258334,31.652848612286878,0.5678424936745883,1.3726669343974764
night_usage_ambience,1512.0,17.0,124.0,0.15415235130267033,33.13979139695736,0.6428424441214935,0.9058967204428848
night_coverage,427.0,9.0,68.0,0.1830290413865901,23.393360917264662,0.6592517365755562,0.9698151145988386
