{
  "baseline": "temporal_label_min3_blend",
  "promotion_rule": {
    "overall_p025": "> 0",
    "late_delta": ">= -0.0015",
    "tail20_delta": ">= -0.0025",
    "worst_subject_delta": ">= -0.006",
    "worst_late_target_delta": ">= -0.01"
  },
  "summary": [
    {
      "name": "master_resid_min3_w05",
      "avg_log_loss": 0.5834964362232398,
      "overall_p025": 2.5378065694905682e-05,
      "overall_improvement": 0.000966795234506228,
      "early_delta": 0.0010953489769499614,
      "mid_delta": 0.0011748800982219754,
      "late_delta": 0.0006378472734848151,
      "tail20_delta": 0.0017997823874768004,
      "late_p025": -0.0010865292005415542,
      "tail20_p025": -0.00046585490694099174,
      "worst_subject_delta": -0.0031481959777870383,
      "worst_late_target_delta": -0.0034573944457528816,
      "promote": true
    },
    {
      "name": "master_resid_min3_w03",
      "avg_log_loss": 0.583797792989271,
      "overall_p025": 9.870226781185848e-05,
      "overall_improvement": 0.0006654384684749106,
      "early_delta": 0.0007388762545070815,
      "mid_delta": 0.0007921725953795589,
      "late_delta": 0.00046991858462053226,
      "tail20_delta": 0.0011795120801014747,
      "late_p025": -0.0005697730249303641,
      "tail20_p025": -0.0001899622941403502,
      "worst_subject_delta": -0.001820007671760271,
      "worst_late_target_delta": -0.001970768962943792,
      "promote": true
    },
    {
      "name": "master_resid_min3_w025",
      "avg_log_loss": 0.5838907131632975,
      "overall_p025": 9.920178326773857e-05,
      "overall_improvement": 0.0005725182944482931,
      "early_delta": 0.000632923709244948,
      "mid_delta": 0.0006785589836789674,
      "late_delta": 0.00040995777503227693,
      "tail20_delta": 0.0010040410826465118,
      "late_p025": -0.00045762011203396267,
      "tail20_p025": -0.00013944936816573066,
      "worst_subject_delta": -0.0015023854976500273,
      "worst_late_target_delta": -0.0016206723907407072,
      "promote": true
    },
    {
      "name": "master_resid_min3_raw",
      "avg_log_loss": 0.5832244135796617,
      "overall_p025": -0.0006358764918166494,
      "overall_improvement": 0.0012388178780841554,
      "early_delta": 0.0015252923376968264,
      "mid_delta": 0.0016421130726851363,
      "late_delta": 0.0005641992135585472,
      "tail20_delta": 0.0028008452680916562,
      "late_p025": -0.002854979921506151,
      "tail20_p025": -0.001645412130577703,
      "worst_subject_delta": -0.006882102372755106,
      "worst_late_target_delta": -0.007777491843950046,
      "promote": false
    },
    {
      "name": "master_resid_min4",
      "avg_log_loss": 0.58410737039897,
      "overall_p025": -0.0004674424887853698,
      "overall_improvement": 0.00035586105877579056,
      "early_delta": 0.0001628335769388034,
      "mid_delta": 0.0007451446690642793,
      "late_delta": 0.00017114039459797947,
      "tail20_delta": 0.000594594463303566,
      "late_p025": -0.0011366810872432912,
      "tail20_p025": -0.001004946696835515,
      "worst_subject_delta": -0.0019452962494633796,
      "worst_late_target_delta": 0.0,
      "promote": false
    },
    {
      "name": "temporal_label_min3_blend",
      "avg_log_loss": 0.5844632314577459,
      "overall_p025": 0.0,
      "overall_improvement": 0.0,
      "early_delta": 0.0,
      "mid_delta": 0.0,
      "late_delta": 0.0,
      "tail20_delta": 0.0,
      "late_p025": 0.0,
      "tail20_p025": 0.0,
      "worst_subject_delta": 0.0,
      "worst_late_target_delta": 0.0,
      "promote": false
    }
  ]
}