baseline,route,h098,curv_marg,badw,badmax,h088,margin
h127,-0.0007011975636880362,-3.131028233035657e-05,4.549263234566894e-05,0.0,0.0,-0.051158428644389305,0.16043391218855277
