{
  "base_avg_log_loss": 0.5730150628364322,
  "selected": {
    "name": "Q10.5_Q20.3_Q30.2",
    "avg_log_loss": 0.5728487915731927,
    "delta_vs_base": 0.0001662712632395369,
    "fold_std": 0.002236632516294855,
    "worst_fold": 0.5769978417680253,
    "improved_folds": 4,
    "worst_target_delta": 0.0,
    "w_Q1": 0.5,
    "w_Q2": 0.3,
    "w_Q3": 0.2,
    "w_S1": 0.0,
    "w_S2": 0.0,
    "w_S3": 0.0,
    "w_S4": 0.0,
    "Q1": 0.6322689584134523,
    "Q2": 0.6307664453900798,
    "Q3": 0.5978231108705812,
    "S1": 0.5474643492482932,
    "S2": 0.5220439959799388,
    "S3": 0.4936096346123955,
    "S4": 0.5859650464976082,
    "improvement": 0.00016627126323953548,
    "improvement_p025": -0.00011124874427689523,
    "improvement_p500": 0.00016621569422006088,
    "improvement_p975": 0.000447748371636054,
    "promote": false
  },
  "selected_weights": {
    "Q1": 0.5,
    "Q2": 0.3,
    "Q3": 0.2,
    "S1": 0.0,
    "S2": 0.0,
    "S3": 0.0,
    "S4": 0.0
  },
  "args": {
    "train_path": "data/ch2026_metrics_train.csv",
    "sample_path": "data/ch2026_submission_sample.csv",
    "base_oof": "outputs/sample_portfolio_v27_v25_plus_v17fused_q3mid_w065/oof_sample_support_target_blend.csv",
    "base_submission": "outputs/sample_portfolio_v27_v25_plus_v17fused_q3mid_w065/submission_sample_support_target_blend.csv",
    "candidate_oof": "outputs/transductive_q_count_on_v27_q3mid_w065_broad_min3/oof_transductive_q_count.csv",
    "candidate_submission": "outputs/transductive_q_count_on_v27_q3mid_w065_broad_min3/submission_transductive_q_count.csv",
    "output_dir": "outputs/targetwise_qcount_local_blend_on_v27_q123",
    "targets": "Q1,Q2,Q3",
    "weights": "0,0.05,0.1,0.2,0.3,0.5,0.65,0.8,1.0",
    "folds": 5,
    "bootstrap": 20000,
    "top_bootstrap": 200,
    "seed": 2026,
    "max_target_regression": 0.001,
    "min_p025": 0.0
  }
}