{
  "view": "only_cross_modal",
  "device": "mps",
  "sequence": {
    "n_days": 700.0,
    "n_base_features": 18.0,
    "n_token_features": 79.0,
    "mean_missing_fraction": 0.09935130070546737,
    "add_deviation_features": 1.0
  },
  "n_features": 79,
  "epochs": 60,
  "final_ssl_loss": 0.20338943455900466,
  "best_global_source": "transformer_logreg_c0p1_w0p2",
  "best_global_avg_log_loss": 0.6246495596229652,
  "best_global_per_target": {
    "Q1": 0.670014063779011,
    "Q2": 0.6905389013470525,
    "Q3": 0.6770215283886099,
    "S1": 0.5761878072530304,
    "S2": 0.5756953773267217,
    "S3": 0.5346764211036051,
    "S4": 0.6484128181627257
  },
  "targetwise_avg_log_loss": 0.6219383450444037,
  "targetwise_per_target": {
    "Q1": 0.6694561351084918,
    "Q2": 0.6846761441635536,
    "Q3": 0.6738228049000621,
    "S1": 0.5749072237196783,
    "S2": 0.5756953773267217,
    "S3": 0.5300393572608059,
    "S4": 0.6449713728315128
  },
  "targetwise_sources": {
    "Q1": "transformer_logreg_c0p03_w0p2",
    "Q2": "transformer_logreg_c0p1_w0p35",
    "Q3": "subject_prior_a16",
    "S1": "transformer_ridge_resid_a20_w0p2",
    "S2": "transformer_logreg_c0p1_w0p2",
    "S3": "transformer_ridge_resid_a20_w0p35",
    "S4": "transformer_ridge_resid_a20_w0p2"
  },
  "targetwise_source_losses": {
    "Q1": 0.6694561351084918,
    "Q2": 0.6846761441635536,
    "Q3": 0.6738228049000621,
    "S1": 0.5749072237196783,
    "S2": 0.5756953773267217,
    "S3": 0.5300393572608059,
    "S4": 0.6449713728315128
  },
  "drift_vs_reference_best_global": {
    "reference": "outputs/v83_repaired_v80/submission_v83_gq015_gs010.csv",
    "mean_abs_drift": 0.0787756202778638,
    "max_abs_drift": 0.33178809639468043,
    "corr": 0.8435031121995252,
    "target_mean": {
      "Q1": 0.49088101746087215,
      "Q2": 0.5435631714393123,
      "Q3": 0.6001565070421842,
      "S1": 0.6813494899414604,
      "S2": 0.6389991293220103,
      "S3": 0.6505672950623895,
      "S4": 0.558879557032917
    },
    "target_mean_shift": {
      "Q1": -0.01948717944108384,
      "Q2": -0.025755143617147817,
      "Q3": -0.011830254619014184,
      "S1": -0.001262897269638918,
      "S2": -0.004926119331989657,
      "S3": -0.008073525834566001,
      "S4": 0.005865635010229543
    },
    "panel_mean_abs_drift": {
      "early": 0.07264333775675125,
      "mid": 0.07954816492446799,
      "late": 0.08393710217272363
    }
  },
  "drift_vs_reference_targetwise": {
    "reference": "outputs/v83_repaired_v80/submission_v83_gq015_gs010.csv",
    "mean_abs_drift": 0.07402251649449143,
    "max_abs_drift": 0.3764560237069076,
    "corr": 0.8478708003441086,
    "target_mean": {
      "Q1": 0.49230809055009694,
      "Q2": 0.5322959638839655,
      "Q3": 0.6030728937366889,
      "S1": 0.6883744416559519,
      "S2": 0.6389991293220103,
      "S3": 0.6598630587479106,
      "S4": 0.5584957922003503
    },
    "target_mean_shift": {
      "Q1": -0.018060106351859027,
      "Q2": -0.03702235117249464,
      "Q3": -0.008913867924509376,
      "S1": 0.005762054444852508,
      "S2": -0.004926119331989657,
      "S3": 0.0012222378509550503,
      "S4": 0.0054818701776628365
    },
    "panel_mean_abs_drift": {
      "early": 0.06428340740561037,
      "mid": 0.0741420065118797,
      "late": 0.08330121383384463
    }
  },
  "ssl_loss_history": [
    0.733562159878867,
    0.38003387127603805,
    0.35234231778553554,
    0.34375945329666135,
    0.3332689676965986,
    0.32083133731569563,
    0.3139193260669708,
    0.30170193450791494,
    0.2936383976255144,
    0.2809146276542119,
    0.280288063458034,
    0.26756826264517647,
    0.27359409860202244,
    0.2584608290876661,
    0.25196470848151614,
    0.24957130704607283,
    0.24731226188795907,
    0.24756418202604566,
    0.24233709360871997,
    0.24562310065541948,
    0.242978640965053,
    0.23881443381309508,
    0.23602079340389798,
    0.2335543520961489,
    0.23076193060193742,
    0.23648338862827847,
    0.23469031121049608,
    0.23266113068376268,
    0.2304373516355242,
    0.22626791724136897,
    0.22356334354196275,
    0.2230950106893267,
    0.2247626771245684,
    0.2184787907770702,
    0.2200940908704485,
    0.2178188499382564,
    0.221690416932106,
    0.21667762671198162,
    0.22155162453651428,
    0.21919549822807313,
    0.21800743852342877,
    0.22037052852766856,
    0.2164670923777989,
    0.21578469353062765,
    0.21487637630530765,
    0.21506481306893485,
    0.21321525573730468,
    0.2075970550094332,
    0.2156677258014679,
    0.21114875410284314,
    0.2101352242912565,
    0.2129229015963418,
    0.20469996665205276,
    0.20506538331508636,
    0.20997883336884635,
    0.2024341265644346,
    0.2008476504257747,
    0.20474510627133505,
    0.20326388674122947,
    0.20338943455900466
  ]
}