{
  "baseline": "multi_signal",
  "promotion_rule": {
    "overall_p025": "> 0",
    "late_delta": ">= -0.0015",
    "tail20_delta": ">= -0.0025",
    "worst_subject_delta": ">= -0.006",
    "worst_late_target_delta": ">= -0.01"
  },
  "summary": [
    {
      "name": "subj_rate_s124",
      "avg_log_loss": 0.5815125054749737,
      "overall_p025": -0.000475877195685049,
      "overall_improvement": 7.979702846840138e-05,
      "early_delta": -0.00027952206084569386,
      "mid_delta": -1.7315143908014363e-05,
      "late_delta": 0.0005306698694271805,
      "tail20_delta": 0.0006487963254256934,
      "late_p025": -0.0005292149100566858,
      "tail20_p025": -0.0006549388034752019,
      "worst_subject_delta": -0.001052670717663795,
      "worst_late_target_delta": 0.0,
      "promote": false
    },
    {
      "name": "multi_signal",
      "avg_log_loss": 0.5815923025034421,
      "overall_p025": 0.0,
      "overall_improvement": 0.0,
      "early_delta": 0.0,
      "mid_delta": 0.0,
      "late_delta": 0.0,
      "tail20_delta": 0.0,
      "late_p025": 0.0,
      "tail20_p025": 0.0,
      "worst_subject_delta": 0.0,
      "worst_late_target_delta": 0.0,
      "promote": false
    }
  ]
}