{
  "view": "full",
  "device": "mps",
  "sequence": {
    "n_days": 700.0,
    "n_base_features": 110.0,
    "n_token_features": 447.0,
    "mean_missing_fraction": 0.11395021645021644,
    "add_deviation_features": 1.0
  },
  "n_features": 447,
  "epochs": 60,
  "final_ssl_loss": 0.33514292325292316,
  "best_global_source": "transformer_ridge_resid_a1_w0p1",
  "best_global_avg_log_loss": 0.6266231096791844,
  "best_global_per_target": {
    "Q1": 0.6820242729926387,
    "Q2": 0.6977995448475658,
    "Q3": 0.6740062283118942,
    "S1": 0.5738502527712404,
    "S2": 0.5808115008786073,
    "S3": 0.5339858960887536,
    "S4": 0.6438840718635915
  },
  "targetwise_avg_log_loss": 0.6234723830482903,
  "targetwise_per_target": {
    "Q1": 0.6721770581393399,
    "Q2": 0.6911657599922332,
    "Q3": 0.6720780590812042,
    "S1": 0.5737168694025642,
    "S2": 0.5798564530783497,
    "S3": 0.5330309613778893,
    "S4": 0.6422815202664515
  },
  "targetwise_sources": {
    "Q1": "subject_prior_a16",
    "Q2": "transformer_ridge_resid_a1_w0p35",
    "Q3": "transformer_logreg_c0p3_w0p35",
    "S1": "transformer_ridge_resid_a5_w0p2",
    "S2": "subject_prior_a8",
    "S3": "subject_prior_a4",
    "S4": "transformer_ridge_resid_a1_w0p2"
  },
  "targetwise_source_losses": {
    "Q1": 0.6721770581393399,
    "Q2": 0.6911657599922332,
    "Q3": 0.6720780590812042,
    "S1": 0.5737168694025642,
    "S2": 0.5798564530783497,
    "S3": 0.5330309613778893,
    "S4": 0.6422815202664515
  },
  "drift_vs_reference_best_global": {
    "reference": "outputs/v83_repaired_v80/submission_v83_gq015_gs010.csv",
    "mean_abs_drift": 0.06451720817485782,
    "max_abs_drift": 0.3229219031804023,
    "corr": 0.8759934656554047,
    "target_mean": {
      "Q1": 0.5031798344861192,
      "Q2": 0.5514237857752434,
      "Q3": 0.6045244315731829,
      "S1": 0.6956863864723645,
      "S2": 0.6571628106655384,
      "S3": 0.6676996263181958,
      "S4": 0.5618136326508586
    },
    "target_mean_shift": {
      "Q1": -0.007188362415836796,
      "Q2": -0.017894529281216695,
      "Q3": -0.007462330088015469,
      "S1": 0.013073999261265092,
      "S2": 0.013237562011538365,
      "S3": 0.009058805421240228,
      "S4": 0.008799710628171285
    },
    "panel_mean_abs_drift": {
      "early": 0.0489665004484951,
      "mid": 0.06658645187678972,
      "late": 0.07749851177840361
    }
  },
  "drift_vs_reference_targetwise": {
    "reference": "outputs/v83_repaired_v80/submission_v83_gq015_gs010.csv",
    "mean_abs_drift": 0.06995709013294166,
    "max_abs_drift": 0.4246899068804921,
    "corr": 0.8467389295917173,
    "target_mean": {
      "Q1": 0.49965650813885837,
      "Q2": 0.5335179630972487,
      "Q3": 0.6223122647701248,
      "S1": 0.6983935491089939,
      "S2": 0.6582781981365899,
      "S3": 0.6743072986995421,
      "S4": 0.5645027355849672
    },
    "target_mean_shift": {
      "Q1": -0.01071168876309774,
      "Q2": -0.03580035195921143,
      "Q3": 0.010325503108926465,
      "S1": 0.01578116189789439,
      "S2": 0.014352949482590006,
      "S3": 0.01566647780258651,
      "S4": 0.01148881356227983
    },
    "panel_mean_abs_drift": {
      "early": 0.05536276545014878,
      "mid": 0.07279634317236061,
      "late": 0.08126387391785043
    }
  },
  "ssl_loss_history": [
    0.7033212092944554,
    0.5927805709838867,
    0.545618314232145,
    0.5142089295387268,
    0.49174597263336184,
    0.4813848624910627,
    0.460618691274098,
    0.44641165835516794,
    0.442294636794499,
    0.42870180794170926,
    0.4311771597181048,
    0.4227172315120697,
    0.4155191992010389,
    0.4060064196586609,
    0.402190204007285,
    0.39517930950437274,
    0.39081684146608625,
    0.39328844376972744,
    0.3854397974695478,
    0.38352310538291934,
    0.37498979568481444,
    0.375859968321664,
    0.3678462699481419,
    0.3728659796714783,
    0.367613536970956,
    0.3653859121458871,
    0.3592136570385524,
    0.35937887345041547,
    0.3562935728686196,
    0.3584723813193185,
    0.3566318581785474,
    0.36052557008607045,
    0.35067064132009235,
    0.35239062547683714,
    0.3487930713381086,
    0.3505630729879652,
    0.3505624582086291,
    0.3454599506514413,
    0.3448069514547076,
    0.34775174123900277,
    0.3394582157475608,
    0.34189468196460177,
    0.33643690398761206,
    0.33739102159227646,
    0.3421294607434954,
    0.3369850400515965,
    0.34170553599085124,
    0.3354477049623217,
    0.3380606164251055,
    0.3395396866117205,
    0.33313189710889546,
    0.3293943531172616,
    0.3385405995164599,
    0.33256995150021146,
    0.3354886720861707,
    0.32890516127858843,
    0.3228019894872393,
    0.3279063364437648,
    0.3303800916671753,
    0.33514292325292316
  ]
}