{
  "view": "only_cross_modal",
  "device": "mps",
  "sequence": {
    "n_days": 700.0,
    "n_base_features": 22.0,
    "n_token_features": 95.0,
    "mean_missing_fraction": 0.06805059523809524,
    "add_deviation_features": 1.0
  },
  "n_features": 95,
  "epochs": 50,
  "final_ssl_loss": 0.4140696746962411,
  "best_global_source": "transformer_logreg_c0p3_w0p1",
  "best_global_avg_log_loss": 0.6269967760373137,
  "best_global_per_target": {
    "Q1": 0.672063019768989,
    "Q2": 0.6997317199466009,
    "Q3": 0.6758966858652243,
    "S1": 0.5768323503276724,
    "S2": 0.5796234428530073,
    "S3": 0.5383627147346325,
    "S4": 0.64646749876507
  },
  "targetwise_avg_log_loss": 0.6237192063374959,
  "targetwise_per_target": {
    "Q1": 0.6720219391602672,
    "Q2": 0.691812479410876,
    "Q3": 0.6729193643654071,
    "S1": 0.5757019130502258,
    "S2": 0.577470463492777,
    "S3": 0.5330309613778893,
    "S4": 0.6430773235050284
  },
  "targetwise_sources": {
    "Q1": "transformer_logreg_c0p03_w0p2",
    "Q2": "transformer_logreg_c0p3_w0p35",
    "Q3": "transformer_logreg_c0p03_w0p35",
    "S1": "subject_prior_a8",
    "S2": "transformer_ridge_resid_a1_w0p35",
    "S3": "subject_prior_a4",
    "S4": "transformer_ridge_resid_a1_w0p35"
  },
  "targetwise_source_losses": {
    "Q1": 0.6720219391602672,
    "Q2": 0.691812479410876,
    "Q3": 0.6729193643654071,
    "S1": 0.5757019130502258,
    "S2": 0.577470463492777,
    "S3": 0.5330309613778893,
    "S4": 0.6430773235050284
  },
  "drift_vs_reference_best_global": {
    "reference": "outputs/v83_repaired_v80/submission_v83_gq015_gs010.csv",
    "mean_abs_drift": 0.06628115277345888,
    "max_abs_drift": 0.30232024997234364,
    "corr": 0.8831271889730138,
    "target_mean": {
      "Q1": 0.5007481556597999,
      "Q2": 0.5619720693938479,
      "Q3": 0.6035769452667497,
      "S1": 0.6891696354174335,
      "S2": 0.6542992011537467,
      "S3": 0.6692476959436321,
      "S4": 0.5600279683857929
    },
    "target_mean_shift": {
      "Q1": -0.009620041242156109,
      "Q2": -0.00734624566261218,
      "Q3": -0.008409816394448629,
      "S1": 0.0065572482063342066,
      "S2": 0.0103739524997468,
      "S3": 0.010606875046676439,
      "S4": 0.007014046363105432
    },
    "panel_mean_abs_drift": {
      "early": 0.055188960412567115,
      "mid": 0.06871969274443022,
      "late": 0.07460069343231182
    }
  },
  "drift_vs_reference_targetwise": {
    "reference": "outputs/v83_repaired_v80/submission_v83_gq015_gs010.csv",
    "mean_abs_drift": 0.06576833802894715,
    "max_abs_drift": 0.3328916182045351,
    "corr": 0.8715227032646987,
    "target_mean": {
      "Q1": 0.5005783320080993,
      "Q2": 0.5704369557623645,
      "Q3": 0.6028198475128608,
      "S1": 0.6923877866215694,
      "S2": 0.6543881991392786,
      "S3": 0.6743072986995421,
      "S4": 0.564800456231847
    },
    "target_mean_shift": {
      "Q1": -0.009789864893856746,
      "Q2": 0.0011186407059043475,
      "Q3": -0.009166914148337575,
      "S1": 0.009775399410469864,
      "S2": 0.010462950485278693,
      "S3": 0.01566647780258651,
      "S4": 0.011786534209159734
    },
    "panel_mean_abs_drift": {
      "early": 0.05268170070127412,
      "mid": 0.06777003821676832,
      "late": 0.07643849267930047
    }
  },
  "ssl_loss_history": [
    1.2604081228801183,
    1.2253623846599033,
    1.1897070482798986,
    1.176584905896868,
    1.1458892829077585,
    1.1234161615371705,
    1.1020560591561455,
    1.0658601801736014,
    1.04420964717865,
    1.010716484614781,
    0.9754946102414812,
    0.9339752680914742,
    0.9108102512359619,
    0.8649792064939227,
    0.8231019926071167,
    0.7761067124775478,
    0.7386121715818132,
    0.7065829239572797,
    0.6599649333953858,
    0.6286556775229318,
    0.5896963579314095,
    0.5626162622656141,
    0.5323440943445478,
    0.5169965503896986,
    0.5036206735883441,
    0.4831991226332528,
    0.4745549838883536,
    0.4556020270075117,
    0.45236424582345147,
    0.4354011397702353,
    0.43560603720801216,
    0.4249829801491329,
    0.4275625595024654,
    0.4207917467185429,
    0.4086171950612749,
    0.41205670288630897,
    0.4222821773801531,
    0.4192162435395377,
    0.42268059321812224,
    0.4248633599281311,
    0.41134682757513863,
    0.41546332580702644,
    0.4198073726040976,
    0.41222226228032793,
    0.41188695056097846,
    0.41695090310914174,
    0.42133181061063496,
    0.4092715699332101,
    0.4191188769681113,
    0.4140696746962411
  ]
}