target,score_col,policy,fraction,selected_cells,selected_gain_sum,selected_mean_gain,selected_positive_gain_rate,active_subjects,positive_subjects,negative_subjects,raw_action_count,inverse_action_count,null_gain_mean,null_gain_std,gain_lift_vs_null,gain_z_vs_null,tail_safe_policy_score,vulnerability_gate_policy_score,accepted,accept_reason
Q1,masked_view_consensus_utility,top_decisive,0.02,7,0.08531753885153459,0.012188219835933514,0.5714285714285714,4,3,1,3,4,-0.10922928345143654,0.6803179812093069,0.19454682230297113,0.28596454551613093,0.23200538120918768,0.09921852055239583,True,positive_action_free_vulnerability_gate_policy
Q2,action_free_vulnerability_score,top_all,0.04,18,1.7617736009730465,0.09787631116516925,0.7777777777777778,6,5,1,18,0,-0.13557598113521135,0.8337075161598487,1.8973495821082578,2.2757976212661064,3.1756479390597696,3.567723509234378,True,positive_action_free_vulnerability_gate_policy
Q3,vulnerability_gated_health_score,top_all,0.06,27,0.679489301604888,0.025166270429810664,0.7407407407407407,8,7,1,6,21,-0.05166187925052055,0.9954952867470022,0.7311511808554085,0.7344597112504715,1.9180974452885877,2.071500360653375,True,positive_action_free_vulnerability_gate_policy
S1,vulnerability_gated_health_score,top_all,0.1,45,0.060241942603802,0.0013387098356400446,0.5777777777777777,8,5,3,28,17,-0.9339128284974784,2.0395240561560835,0.9941547711012804,0.48744449377811033,-0.5908372159107167,-0.9403274110376123,True,positive_action_free_vulnerability_gate_policy
S2,masked_view_consensus_utility,top_decisive,0.06,22,1.293124363693836,0.05877838016790164,0.7727272727272727,4,3,1,0,22,-1.1639954049425218,1.663895270243187,2.4571197686363577,1.4767274194350206,2.421243570114609,2.8577853333896712,True,positive_action_free_vulnerability_gate_policy
S3,action_free_vulnerability_score,top_all,0.02,9,0.2653855580908949,0.029487284232321657,0.5555555555555556,5,4,1,9,0,0.03909015158992763,0.4466331318744263,0.2262954065009673,0.5066695467737751,0.6397003494880555,0.560852036493217,True,positive_action_free_vulnerability_gate_policy
S4,action_free_vulnerability_score,top_decisive,0.06,19,0.22242614144491313,0.01170663902341648,0.5789473684210527,8,7,1,19,0,-0.4201899811942586,0.8900276306592015,0.6426161226391718,0.7220181716866658,1.3721751804846583,1.5193748377360792,True,positive_action_free_vulnerability_gate_policy
