target,best_gain_mean,worst_gain_mean,opportunity_rate,toxic_vulnerability_rate,no_safe_action_rate
Q1,0.1342727579423864,-0.16550186322424532,1.0,0.8,0.0
Q2,0.16317998394094346,-0.2101872975183338,1.0,0.8644444444444445,0.0
Q3,0.12837262524651966,-0.16938962626110898,1.0,0.7933333333333333,0.0
S1,0.14886355864302483,-0.20190663389386557,1.0,0.7911111111111111,0.0
S2,0.17363957083823905,-0.2299717500096449,1.0,0.8333333333333334,0.0
S3,0.1450197902517345,-0.20256582888998748,1.0,0.82,0.0
S4,0.1294447061501003,-0.15758065366111512,1.0,0.7444444444444445,0.0
