target,selected_cells,gain_sum,mean_gain,positive_gain_rate,raw_action_count,inverse_action_count,positive_subjects,negative_subjects
Q1,47,-0.9271193565065557,-0.019725943755458632,0.40425531914893614,41.0,6.0,3,7
Q2,35,-0.4862724624119212,-0.013893498926054891,0.5142857142857142,16.0,19.0,4,6
Q3,31,0.7533971107109113,0.024303132603577783,0.7419354838709677,11.0,20.0,9,1
S1,15,-0.8323449666698741,-0.055489664444658277,0.3333333333333333,10.0,5.0,1,4
S2,34,0.04227082639491664,0.0012432595998504894,0.4411764705882353,18.0,16.0,4,6
S3,9,-0.13795626870601135,-0.015328474300667928,0.4444444444444444,9.0,0.0,4,5
S4,61,-1.418139319779649,-0.023248185570158182,0.4426229508196721,44.0,17.0,3,7
