view,feature_count,best_gain_mae,worst_loss_mae,opportunity_auc,opportunity_ap,toxic_auc,toxic_ap
full_core_context,469,0.0937554791298872,0.13955346733966775,,,0.6092361139383082,0.8536950014755593
mask_world_state,61,0.09261091915926117,0.1388852500937694,,,0.6443230849858704,0.8654914227017336
mask_episode_context,427,0.10201645500270878,0.15474549887873532,,,0.5081352195100516,0.8037396640111293
mask_listener_interaction,95,0.09383407725573935,0.1400272113603878,,,0.6293618805934077,0.8593731503872547
action_free_consensus,1052,0.09457888937836705,0.14116387473425387,,,0.6313541660608387,0.858095929190301
