heldout_subject,selected_cells,gain_sum,mean_gain,positive_gain_rate,accepted_targets
id01,42,-0.3676531797241772,-0.008753647136289934,0.4523809523809524,"Q1,Q2,Q3,S2,S3,S4"
id02,29,0.1194807333360744,0.004120025287450841,0.5517241379310345,"Q1,Q2,Q3,S2,S3,S4"
id03,14,-0.07831591667790955,-0.005593994048422111,0.5,"Q1,Q2,Q3,S2,S3,S4"
id04,20,-0.06636464989591162,-0.003318232494795581,0.65,"Q1,Q2,Q3,S2,S3,S4"
id05,26,0.25201483635837585,0.009692878321475994,0.5769230769230769,"Q1,Q2,Q3,S1,S2,S3,S4"
id06,28,-1.059335927403281,-0.037833425978688606,0.35714285714285715,"Q1,Q2,Q3,S1,S2,S3,S4"
id07,21,-1.1631380380755991,-0.05538752562264758,0.47619047619047616,"Q1,Q2,Q3,S2,S3,S4"
id08,23,-0.3830119704520739,-0.016652694367481475,0.43478260869565216,"Q1,Q2,Q3,S1,S2,S4"
id09,14,-0.6610620488945529,-0.04721871777818235,0.14285714285714285,"Q1,Q2,Q3,S1,S2,S3,S4"
id10,15,0.40122172446087134,0.02674811496405809,0.6,"Q1,Q2,Q3,S1,S2,S3,S4"
