target,selected_mode,median_score,selected_cells,selected_gain_sum,selected_mean_gain,selected_positive_gain_rate,all_gain_sum,all_mean_gain,all_positive_gain_rate
Q2,all,0.6950000000000001,12,1.976823748523643,0.16473531237697026,0.75,1.976823748523643,0.16473531237697026,0.75
Q3,all,0.397,9,1.168314109578631,0.1298126788420701,0.6666666666666666,1.168314109578631,0.1298126788420701,0.6666666666666666
S2,all,0.3163333333333333,5,1.3614369514910036,0.2722873902982007,1.0,1.3614369514910036,0.2722873902982007,1.0
S3,all,0.604888888888889,13,0.9454718451027289,0.07272860346944068,0.6153846153846154,0.9454718451027289,0.07272860346944068,0.6153846153846154
S4,low_surprise_listener,0.7367777777777778,2,0.09961726343071547,0.04980863171535774,0.5,-0.42500287012896504,-0.085000574025793,0.4
