{
  "view": "only_event",
  "encoder_type": "gru",
  "encoder_params": 987,
  "device": "mps",
  "sequence": {
    "n_days": 700.0,
    "n_base_features": 45.0,
    "n_token_features": 187.0,
    "mean_missing_fraction": 0.0,
    "add_deviation_features": 1.0
  },
  "n_features": 187,
  "epochs": 50,
  "final_ssl_loss": 0.8511842601639884,
  "best_global_source": "transformer_logreg_c0p03_w0p05",
  "best_global_avg_log_loss": 0.6274028345001124,
  "best_global_per_target": {
    "Q1": 0.6726474449243538,
    "Q2": 0.7029485507454947,
    "Q3": 0.6764900729029611,
    "S1": 0.575944747672189,
    "S2": 0.5800624390125185,
    "S3": 0.5365392701039391,
    "S4": 0.6471873161393301
  },
  "targetwise_avg_log_loss": 0.6249525261441422,
  "targetwise_per_target": {
    "Q1": 0.6721770581393399,
    "Q2": 0.6950138277450012,
    "Q3": 0.6717262816951957,
    "S1": 0.5757019130502258,
    "S2": 0.5798564530783497,
    "S3": 0.5330309613778893,
    "S4": 0.6471611879229946
  },
  "targetwise_sources": {
    "Q1": "subject_prior_a16",
    "Q2": "transformer_logreg_c0p03_w0p35",
    "Q3": "transformer_logreg_c0p03_w0p35",
    "S1": "subject_prior_a8",
    "S2": "subject_prior_a8",
    "S3": "subject_prior_a4",
    "S4": "transformer_ridge_resid_a1_w0p35"
  },
  "targetwise_source_losses": {
    "Q1": 0.6721770581393399,
    "Q2": 0.6950138277450012,
    "Q3": 0.6717262816951957,
    "S1": 0.5757019130502258,
    "S2": 0.5798564530783497,
    "S3": 0.5330309613778893,
    "S4": 0.6471611879229946
  },
  "drift_vs_reference_best_global": {
    "reference": "outputs/v83_repaired_v80/submission_v83_gq015_gs010.csv",
    "mean_abs_drift": 0.06378319118454245,
    "max_abs_drift": 0.307429153787688,
    "corr": 0.88451795609867,
    "target_mean": {
      "Q1": 0.501094514641756,
      "Q2": 0.5586919985249224,
      "Q3": 0.6036215427572339,
      "S1": 0.6919485502410505,
      "S2": 0.6580157099203398,
      "S3": 0.6733340370535295,
      "S4": 0.5592420159052437
    },
    "target_mean_shift": {
      "Q1": -0.00927368226019998,
      "Q2": -0.010626316531537823,
      "Q3": -0.00836521890396449,
      "S1": 0.009336163029951062,
      "S2": 0.014090461266339862,
      "S3": 0.014693216156573811,
      "S4": 0.006228093882556237
    },
    "panel_mean_abs_drift": {
      "early": 0.05122156310169212,
      "mid": 0.06587664990264731,
      "late": 0.07385726682208393
    }
  },
  "drift_vs_reference_targetwise": {
    "reference": "outputs/v83_repaired_v80/submission_v83_gq015_gs010.csv",
    "mean_abs_drift": 0.06477367870272725,
    "max_abs_drift": 0.3241865757238823,
    "corr": 0.8744366075073,
    "target_mean": {
      "Q1": 0.49965650813885837,
      "Q2": 0.5593273005958085,
      "Q3": 0.6028912654749686,
      "S1": 0.6923877866215694,
      "S2": 0.6582781981365899,
      "S3": 0.6743072986995421,
      "S4": 0.5581474274643906
    },
    "target_mean_shift": {
      "Q1": -0.01071168876309774,
      "Q2": -0.009991014460651731,
      "Q3": -0.009095496186229802,
      "S1": 0.009775399410469864,
      "S2": 0.014352949482590006,
      "S3": 0.01566647780258651,
      "S4": 0.0051335054417031905
    },
    "panel_mean_abs_drift": {
      "early": 0.050858862570210606,
      "mid": 0.06655898804420086,
      "late": 0.07645408161477493
    }
  },
  "ssl_loss_history": [
    1.162016453061785,
    1.1434964929308211,
    1.1393424136298043,
    1.1253629589080811,
    1.123220445087978,
    1.1022463485172818,
    1.0929104123796736,
    1.082918816293989,
    1.0629118388039724,
    1.0579922928128924,
    1.0452603871481758,
    1.0518924352100918,
    1.0336297907148089,
    1.0233513689041138,
    1.0191261332375663,
    1.0081179291861397,
    0.9943882921763829,
    0.9860904441561018,
    0.995291064126151,
    0.9824198504856655,
    0.972119859967913,
    0.9581181635175432,
    0.9606526456560407,
    0.9502094003132412,
    0.9409194537571498,
    0.9246232959202357,
    0.9425644029889788,
    0.937759267943246,
    0.9259025491986956,
    0.9206227459226336,
    0.9232590845652989,
    0.924504827090672,
    0.9011115155901228,
    0.9063388994761876,
    0.8956162193843297,
    0.8957962908063616,
    0.8746304086276463,
    0.8874517216001239,
    0.8768646505900791,
    0.8849402553694589,
    0.8801310774258205,
    0.8713236720221383,
    0.8647810190064567,
    0.870705326284681,
    0.8761581063270569,
    0.8534567008699689,
    0.8510083310944694,
    0.8475270680018834,
    0.855094816003527,
    0.8511842601639884
  ]
}