{
  "view": "only_event",
  "device": "mps",
  "sequence": {
    "n_days": 700.0,
    "n_base_features": 45.0,
    "n_token_features": 187.0,
    "mean_missing_fraction": 0.0,
    "add_deviation_features": 1.0
  },
  "n_features": 187,
  "epochs": 50,
  "final_ssl_loss": 0.5323983928135463,
  "best_global_source": "transformer_ridge_resid_a1_w0p2",
  "best_global_avg_log_loss": 0.6272813183540187,
  "best_global_per_target": {
    "Q1": 0.673894792121379,
    "Q2": 0.7026680095882107,
    "Q3": 0.6787838206781809,
    "S1": 0.5756192113705467,
    "S2": 0.578139001039343,
    "S3": 0.535009696113594,
    "S4": 0.6468546975668764
  },
  "targetwise_avg_log_loss": 0.6239750990101864,
  "targetwise_per_target": {
    "Q1": 0.6716404535407506,
    "Q2": 0.6902455038964797,
    "Q3": 0.6733756673173742,
    "S1": 0.57560793183876,
    "S2": 0.5772384295694689,
    "S3": 0.5330309613778893,
    "S4": 0.6466867455305816
  },
  "targetwise_sources": {
    "Q1": "transformer_logreg_c0p03_w0p2",
    "Q2": "transformer_logreg_c0p3_w0p35",
    "Q3": "transformer_logreg_c0p03_w0p35",
    "S1": "transformer_ridge_resid_a1_w0p1",
    "S2": "transformer_ridge_resid_a1_w0p35",
    "S3": "subject_prior_a4",
    "S4": "transformer_ridge_resid_a20_w0p35"
  },
  "targetwise_source_losses": {
    "Q1": 0.6716404535407506,
    "Q2": 0.6902455038964797,
    "Q3": 0.6733756673173742,
    "S1": 0.57560793183876,
    "S2": 0.5772384295694689,
    "S3": 0.5330309613778893,
    "S4": 0.6466867455305816
  },
  "drift_vs_reference_best_global": {
    "reference": "outputs/v83_repaired_v80/submission_v83_gq015_gs010.csv",
    "mean_abs_drift": 0.06316085472062637,
    "max_abs_drift": 0.31182805099172217,
    "corr": 0.8816734495504521,
    "target_mean": {
      "Q1": 0.5022057071279146,
      "Q2": 0.5576741215360975,
      "Q3": 0.603459886941366,
      "S1": 0.6902061219397994,
      "S2": 0.6567012530511408,
      "S3": 0.673837423622738,
      "S4": 0.5595019239318707
    },
    "target_mean_shift": {
      "Q1": -0.008162489774041402,
      "Q2": -0.011644193520362592,
      "Q3": -0.008526874719832354,
      "S1": 0.0075937347286999584,
      "S2": 0.012776004397140835,
      "S3": 0.015196602725782398,
      "S4": 0.006488001909183297
    },
    "panel_mean_abs_drift": {
      "early": 0.048245828981428915,
      "mid": 0.06509848300042326,
      "late": 0.0756574307605211
    }
  },
  "drift_vs_reference_targetwise": {
    "reference": "outputs/v83_repaired_v80/submission_v83_gq015_gs010.csv",
    "mean_abs_drift": 0.06679620374870678,
    "max_abs_drift": 0.31464952015896164,
    "corr": 0.8667354205141248,
    "target_mean": {
      "Q1": 0.49984449485106675,
      "Q2": 0.5596577589361388,
      "Q3": 0.6014613601501808,
      "S1": 0.6912969542806843,
      "S2": 0.6555185442370539,
      "S3": 0.6743072986995421,
      "S4": 0.5592455147332029
    },
    "target_mean_shift": {
      "Q1": -0.010523702050889174,
      "Q2": -0.009660556120321448,
      "Q3": -0.010525401511017576,
      "S1": 0.008684567069584922,
      "S2": 0.011593295583053994,
      "S3": 0.01566647780258651,
      "S4": 0.006231592710515609
    },
    "panel_mean_abs_drift": {
      "early": 0.05281686182109484,
      "mid": 0.06822838134117094,
      "late": 0.07888367784152624
    }
  },
  "ssl_loss_history": [
    1.0094259929656983,
    0.9772035867827279,
    0.9648567622048514,
    0.9483553164345877,
    0.9453986130441938,
    0.9305449840000698,
    0.9172708855356488,
    0.9048919602802822,
    0.8954871160643442,
    0.8880033731460572,
    0.8832226606777737,
    0.8720991141455514,
    0.8540725316320147,
    0.852580897808075,
    0.8437854678290231,
    0.8353833941050938,
    0.8269278917993818,
    0.811413130078997,
    0.8124258157185146,
    0.8051178864070347,
    0.7981135157176427,
    0.7893328819956098,
    0.7757793702398028,
    0.7704998145784651,
    0.7562747318404062,
    0.7490429013116019,
    0.7546800657681056,
    0.7298073438235692,
    0.7099903464317322,
    0.7223553715433393,
    0.685898574420384,
    0.6835873923982893,
    0.6777133505684989,
    0.6644625997543335,
    0.6578709357125418,
    0.6487056112289429,
    0.6403790419442313,
    0.6385847776276725,
    0.5934654286929539,
    0.6047300509044102,
    0.594951536996024,
    0.5894442708151681,
    0.5686947866848537,
    0.5713276052474976,
    0.5683243731090001,
    0.5700058994974408,
    0.5548622705255236,
    0.5300699009214129,
    0.5432468836648123,
    0.5323983928135463
  ]
}