{
  "baseline": "temporal_label_min3_blend",
  "promotion_rule": {
    "overall_p025": "> 0",
    "late_delta": ">= -0.0015",
    "tail20_delta": ">= -0.0025",
    "worst_subject_delta": ">= -0.006",
    "worst_late_target_delta": ">= -0.01"
  },
  "summary": [
    {
      "name": "targetwise_tiny_blend",
      "avg_log_loss": 0.5844098998135523,
      "overall_p025": 8.586145228457543e-07,
      "overall_improvement": 5.333164419368294e-05,
      "early_delta": 8.899775541448829e-05,
      "mid_delta": 7.990380587064028e-05,
      "late_delta": -7.797898969985617e-06,
      "tail20_delta": -4.310104420091054e-05,
      "late_p025": -0.00010375821418709683,
      "tail20_p025": -0.00015888589707726509,
      "worst_subject_delta": -4.851317370091479e-05,
      "worst_late_target_delta": -7.067177379482814e-05,
      "promote": true
    },
    {
      "name": "targetwise_raw",
      "avg_log_loss": 0.5838187510844266,
      "overall_p025": -0.00039491363285013134,
      "overall_improvement": 0.0006444803733191882,
      "early_delta": 0.001359874573853781,
      "mid_delta": 0.0011657594536206295,
      "late_delta": -0.0005703390285564103,
      "tail20_delta": -0.0012899995480547544,
      "late_p025": -0.0024737793299920378,
      "tail20_p025": -0.003619531501251367,
      "worst_subject_delta": -0.001321071816934527,
      "worst_late_target_delta": -0.003240238241584592,
      "promote": false
    },
    {
      "name": "temporal_label_min3_blend",
      "avg_log_loss": 0.5844632314577459,
      "overall_p025": 0.0,
      "overall_improvement": 0.0,
      "early_delta": 0.0,
      "mid_delta": 0.0,
      "late_delta": 0.0,
      "tail20_delta": 0.0,
      "late_p025": 0.0,
      "tail20_p025": 0.0,
      "worst_subject_delta": 0.0,
      "worst_late_target_delta": 0.0,
      "promote": false
    }
  ]
}