{
  "latent_specs": {
    "previous_combo": "outputs/domain_temporal_contrastive_probe_v1/combined_latents/recon_subject_token_ecm_plus_adjacent_subject_token_event.parquet",
    "combo_fd_event_missing": "outputs/domain_temporal_contrastive_family_dropout_probe_v1/combined_latents/recon_ecm_plus_fd_event_missing.parquet",
    "combo_fd_event_cross": "outputs/domain_temporal_contrastive_family_dropout_probe_v1/combined_latents/recon_ecm_plus_fd_event_cross.parquet",
    "combo_fd_no_missingness": "outputs/domain_temporal_contrastive_family_dropout_probe_v1/combined_latents/recon_ecm_plus_fd_no_missingness.parquet"
  },
  "n_folds": 5,
  "prior_alpha": 8.0,
  "c_values": [
    0.03,
    0.1,
    0.3
  ],
  "blends": [
    0.05,
    0.1,
    0.2
  ],
  "subject_prior_avg_log_loss": 0.6276539587598199,
  "subject_prior_per_target": {
    "Q1": 0.6731794431644589,
    "Q2": 0.7050100434092992,
    "Q3": 0.6777702303470193,
    "S1": 0.5757019130502258,
    "S2": 0.5798564530783497,
    "S3": 0.5347876459944689,
    "S4": 0.6472719822749171
  },
  "best_source": "combo_fd_event_cross__absolute_plus_deviation__c0.3_b0.2",
  "best_avg_log_loss": 0.6229613176952576,
  "best_delta_vs_subject_prior": -0.004692641064562242,
  "top_scores": [
    {
      "source": "combo_fd_event_cross__absolute_plus_deviation__c0.3_b0.2",
      "avg_log_loss": 0.6229613176952576,
      "Q1": 0.6689861051722832,
      "Q2": 0.7020978592408005,
      "Q3": 0.6741574430886071,
      "S1": 0.5709585946396454,
      "S2": 0.5775006583045229,
      "S3": 0.5239268911855993,
      "S4": 0.6431016722353451
    },
    {
      "source": "combo_fd_event_cross__absolute_plus_deviation__c0.1_b0.2",
      "avg_log_loss": 0.6237927803338889,
      "Q1": 0.6700346459207199,
      "Q2": 0.7010001209828194,
      "Q3": 0.6736543305290845,
      "S1": 0.570926638022677,
      "S2": 0.5773858608726387,
      "S3": 0.530509557959145,
      "S4": 0.6430383080501377
    },
    {
      "source": "combo_fd_event_cross__deviation__c0.3_b0.2",
      "avg_log_loss": 0.6240101458125175,
      "Q1": 0.6684858700909789,
      "Q2": 0.7005359830135,
      "Q3": 0.6709453564867801,
      "S1": 0.5722806991144583,
      "S2": 0.5788038606570198,
      "S3": 0.5319263483329497,
      "S4": 0.6450929029919353
    },
    {
      "source": "combo_fd_event_cross__absolute__c0.3_b0.2",
      "avg_log_loss": 0.6241173933055804,
      "Q1": 0.6684824693681113,
      "Q2": 0.6960139424354125,
      "Q3": 0.6715958320010429,
      "S1": 0.5767896497254626,
      "S2": 0.57712377584321,
      "S3": 0.5353697319901312,
      "S4": 0.6434463517756924
    },
    {
      "source": "combo_fd_event_cross__absolute_plus_deviation__c0.3_b0.1",
      "avg_log_loss": 0.6246402437204839,
      "Q1": 0.6703870520810266,
      "Q2": 0.7028804579912902,
      "Q3": 0.6753899056246451,
      "S1": 0.5725652829206151,
      "S2": 0.5782982172544664,
      "S3": 0.5283124809539718,
      "S4": 0.644648309217372
    },
    {
      "source": "previous_combo__absolute_plus_deviation__c0.3_b0.2",
      "avg_log_loss": 0.6247977954270165,
      "Q1": 0.6721347984450534,
      "Q2": 0.7003256204001533,
      "Q3": 0.6795798261707131,
      "S1": 0.5722964763984926,
      "S2": 0.5795831325069634,
      "S3": 0.5216523211285359,
      "S4": 0.6480123929392041
    },
    {
      "source": "combo_fd_event_cross__absolute__c0.1_b0.2",
      "avg_log_loss": 0.6248055077107109,
      "Q1": 0.6690211013852839,
      "Q2": 0.695985553273431,
      "Q3": 0.6722815756692752,
      "S1": 0.5765698767452224,
      "S2": 0.5785418448526426,
      "S3": 0.5375898762311342,
      "S4": 0.6436487258179873
    },
    {
      "source": "previous_combo__deviation__c0.3_b0.2",
      "avg_log_loss": 0.6248986918462975,
      "Q1": 0.6697867523675703,
      "Q2": 0.6942805549528284,
      "Q3": 0.6777062112983462,
      "S1": 0.572928555474127,
      "S2": 0.5817369183769542,
      "S3": 0.5288873309126121,
      "S4": 0.6489645195416442
    },
    {
      "source": "combo_fd_event_cross__absolute__c0.3_b0.1",
      "avg_log_loss": 0.6249111866265454,
      "Q1": 0.6698847948479304,
      "Q2": 0.6995458522566016,
      "Q3": 0.6740936711983416,
      "S1": 0.5753749930363661,
      "S2": 0.5775081864713353,
      "S3": 0.5334034961742707,
      "S4": 0.6445673124009722
    },
    {
      "source": "previous_combo__absolute_plus_deviation__c0.1_b0.2",
      "avg_log_loss": 0.6249551580903904,
      "Q1": 0.672558429551284,
      "Q2": 0.6973995949407261,
      "Q3": 0.6786774654809473,
      "S1": 0.5727786984880799,
      "S2": 0.5794551120378219,
      "S3": 0.5265139017666023,
      "S4": 0.647302904367271
    },
    {
      "source": "combo_fd_event_cross__deviation__c0.1_b0.2",
      "avg_log_loss": 0.6249596685358976,
      "Q1": 0.6693083850507102,
      "Q2": 0.6980632857197336,
      "Q3": 0.6714859185179932,
      "S1": 0.5726232263945995,
      "S2": 0.580821999862295,
      "S3": 0.537460926778204,
      "S4": 0.6449539374277473
    },
    {
      "source": "combo_fd_event_cross__deviation__c0.3_b0.1",
      "avg_log_loss": 0.6250272612527505,
      "Q1": 0.6700725952765982,
      "Q2": 0.7019563241492567,
      "Q3": 0.6737967235018937,
      "S1": 0.5730418893912356,
      "S2": 0.5785956079132961,
      "S3": 0.5321986578591992,
      "S4": 0.6455290306777747
    },
    {
      "source": "combo_fd_event_missing__absolute_plus_deviation__c0.3_b0.2",
      "avg_log_loss": 0.625033218555095,
      "Q1": 0.6700073944118824,
      "Q2": 0.7069416474794025,
      "Q3": 0.6721581905433729,
      "S1": 0.5760859932278297,
      "S2": 0.5791568913083082,
      "S3": 0.5279495043113714,
      "S4": 0.642932908603498
    },
    {
      "source": "combo_fd_event_cross__absolute_plus_deviation__c0.03_b0.2",
      "avg_log_loss": 0.6251308923741101,
      "Q1": 0.6711863561957777,
      "Q2": 0.699155691025882,
      "Q3": 0.6737950473649815,
      "S1": 0.5717664486284147,
      "S2": 0.5791178682289152,
      "S3": 0.536995556825799,
      "S4": 0.6438992783490008
    },
    {
      "source": "combo_fd_event_cross__absolute_plus_deviation__c0.1_b0.1",
      "avg_log_loss": 0.6251313543349591,
      "Q1": 0.6710154207922362,
      "Q2": 0.7024244028175395,
      "Q3": 0.6752788531759149,
      "S1": 0.5726215122367455,
      "S2": 0.5782056607878319,
      "S3": 0.5316874047001796,
      "S4": 0.644686225834266
    },
    {
      "source": "combo_fd_no_missingness__absolute_plus_deviation__c0.3_b0.2",
      "avg_log_loss": 0.6252619345376227,
      "Q1": 0.6727003085318213,
      "Q2": 0.7007705795528691,
      "Q3": 0.673239154877163,
      "S1": 0.5778870988976366,
      "S2": 0.5800647582117071,
      "S3": 0.5268574572671961,
      "S4": 0.6453141844249659
    },
    {
      "source": "previous_combo__absolute__c0.3_b0.2",
      "avg_log_loss": 0.6253187750371934,
      "Q1": 0.6725453116181903,
      "Q2": 0.6972441125949872,
      "Q3": 0.6771980310290435,
      "S1": 0.5727115067104369,
      "S2": 0.5790899756007476,
      "S3": 0.5316680083333962,
      "S4": 0.6467744793735518
    },
    {
      "source": "combo_fd_event_cross__absolute__c0.1_b0.1",
      "avg_log_loss": 0.6253895211285249,
      "Q1": 0.670323671444731,
      "Q2": 0.6996653105993168,
      "Q3": 0.6745702392813397,
      "S1": 0.5753595973773291,
      "S2": 0.57826809942169,
      "S3": 0.5347706379870129,
      "S4": 0.6447690917882547
    },
    {
      "source": "combo_fd_no_missingness__deviation__c0.3_b0.2",
      "avg_log_loss": 0.6254702167498526,
      "Q1": 0.669039272437162,
      "Q2": 0.6969962826419979,
      "Q3": 0.6693310396697941,
      "S1": 0.5791305076853149,
      "S2": 0.5831388835258238,
      "S3": 0.53436361577309,
      "S4": 0.6462919155157857
    },
    {
      "source": "previous_combo__deviation__c0.3_b0.1",
      "avg_log_loss": 0.6255086575101821,
      "Q1": 0.6709212005146593,
      "Q2": 0.6987642084478181,
      "Q3": 0.6772676644869697,