{
  "baseline": "primary",
  "baseline_avg_log_loss": 0.5887829947773333,
  "baseline_targets": {
    "Q1": 0.6387339722449896,
    "Q2": 0.6537421296392032,
    "Q3": 0.6267872917291807,
    "S1": 0.5608047323234786,
    "S2": 0.5395500479588548,
    "S3": 0.49996489067105887,
    "S4": 0.6018978988745668
  },
  "final_avg_log_loss": 0.5871761592107951,
  "final_targets": {
    "Q1": 0.6387339722449896,
    "Q2": 0.650808400274064,
    "Q3": 0.6265411801029656,
    "S1": 0.5577800240494796,
    "S2": 0.5395500479588548,
    "S3": 0.49996489067105887,
    "S4": 0.5968545991741533
  },
  "selection": [
    {
      "target": "Q1",
      "source": "primary",
      "selected_loss": 0.6387339722449896,
      "baseline_loss": 0.6387339722449896,
      "delta_vs_baseline": 0.0,
      "folds_improved": 0,
      "used": false,
      "loss_primary": 0.6387339722449896,
      "loss_logit": 0.6387339722449896,
      "loss_min3": 0.636707510822302,
      "loss_adapt_comp": 0.6376794661329652,
      "loss_adapt_pref": 0.637787508432162,
      "loss_adapt_cons": 0.6395393960367537,
      "folds_primary": 0,
      "folds_logit": 0,
      "folds_min3": 3,
      "folds_adapt_comp": 3,
      "folds_adapt_pref": 2,
      "folds_adapt_cons": 3
    },
    {
      "target": "Q2",
      "source": "adapt_comp",
      "selected_loss": 0.650808400274064,
      "baseline_loss": 0.6537421296392032,
      "delta_vs_baseline": 0.002933729365139248,
      "folds_improved": 4,
      "used": true,
      "loss_primary": 0.6537421296392032,
      "loss_logit": 0.6532365178414663,
      "loss_min3": 0.6537421296392032,
      "loss_adapt_comp": 0.650808400274064,
      "loss_adapt_pref": 0.650946701335821,
      "loss_adapt_cons": 0.6514026584966849,
      "folds_primary": 0,
      "folds_logit": 4,
      "folds_min3": 0,
      "folds_adapt_comp": 4,
      "folds_adapt_pref": 4,
      "folds_adapt_cons": 4
    },
    {
      "target": "Q3",
      "source": "logit",
      "selected_loss": 0.6265411801029656,
      "baseline_loss": 0.6267872917291807,
      "delta_vs_baseline": 0.0002461116262151286,
      "folds_improved": 4,
      "used": true,
      "loss_primary": 0.6267872917291807,
      "loss_logit": 0.6265411801029656,
      "loss_min3": 0.6266403537797093,
      "loss_adapt_comp": 0.6414826627764005,
      "loss_adapt_pref": 0.641339749126866,
      "loss_adapt_cons": 0.6389564616993784,
      "folds_primary": 0,
      "folds_logit": 4,
      "folds_min3": 3,
      "folds_adapt_comp": 0,
      "folds_adapt_pref": 0,
      "folds_adapt_cons": 0
    },
    {
      "target": "S1",
      "source": "adapt_pref",
      "selected_loss": 0.5577800240494796,
      "baseline_loss": 0.5608047323234786,
      "delta_vs_baseline": 0.0030247082739990327,
      "folds_improved": 4,
      "used": true,
      "loss_primary": 0.5608047323234786,
      "loss_logit": 0.5608047323234786,
      "loss_min3": 0.557985592148962,
      "loss_adapt_comp": 0.5564599099664612,
      "loss_adapt_pref": 0.5577800240494796,
      "loss_adapt_cons": 0.5561206481879376,
      "folds_primary": 0,
      "folds_logit": 0,
      "folds_min3": 3,
      "folds_adapt_comp": 3,
      "folds_adapt_pref": 4,
      "folds_adapt_cons": 3
    },
    {
      "target": "S2",
      "source": "primary",
      "selected_loss": 0.5395500479588548,
      "baseline_loss": 0.5395500479588548,
      "delta_vs_baseline": 0.0,
      "folds_improved": 0,
      "used": false,
      "loss_primary": 0.5395500479588548,
      "loss_logit": 0.5398049313827644,
      "loss_min3": 0.5395500479588548,
      "loss_adapt_comp": 0.5431514126840634,
      "loss_adapt_pref": 0.5420764584580482,
      "loss_adapt_cons": 0.5425080683425001,
      "folds_primary": 0,
      "folds_logit": 3,
      "folds_min3": 0,
      "folds_adapt_comp": 0,
      "folds_adapt_pref": 1,
      "folds_adapt_cons": 0
    },
    {
      "target": "S3",
      "source": "primary",
      "selected_loss": 0.49996489067105887,
      "baseline_loss": 0.49996489067105887,
      "delta_vs_baseline": 0.0,
      "folds_improved": 0,
      "used": false,
      "loss_primary": 0.49996489067105887,
      "loss_logit": 0.4997035439517298,
      "loss_min3": 0.49996489067105887,
      "loss_adapt_comp": 0.5044550619697393,
      "loss_adapt_pref": 0.5085645963201192,
      "loss_adapt_cons": 0.5029655197786623,
      "folds_primary": 0,
      "folds_logit": 3,
      "folds_min3": 0,
      "folds_adapt_comp": 1,
      "folds_adapt_pref": 0,
      "folds_adapt_cons": 2
    },
    {
      "target": "S4",
      "source": "adapt_cons",
      "selected_loss": 0.5968545991741533,
      "baseline_loss": 0.6018978988745668,
      "delta_vs_baseline": 0.005043299700413506,
      "folds_improved": 4,
      "used": true,
      "loss_primary": 0.6018978988745668,
      "loss_logit": 0.6015645863040946,
      "loss_min3": 0.6018978988745668,
      "loss_adapt_comp": 0.5990892948921214,
      "loss_adapt_pref": 0.5983376706738162,
      "loss_adapt_cons": 0.5968545991741533,
      "folds_primary": 0,
      "folds_logit": 3,
      "folds_min3": 0,
      "folds_adapt_comp": 4,
      "folds_adapt_pref": 4,
      "folds_adapt_cons": 4
    }
  ],
  "source_scores": [
    {
      "name": "min3",
      "avg_log_loss": 0.5880697748420939,
      "Q1": 0.636707510822302,
      "Q2": 0.6537421296392032,
      "Q3": 0.6266403537797093,
      "S1": 0.557985592148962,
      "S2": 0.5395500479588548,
      "S3": 0.49996489067105887,
      "S4": 0.6018978988745668
    },
    {
      "name": "logit",
      "avg_log_loss": 0.5886270663073556,
      "Q1": 0.6387339722449896,
      "Q2": 0.6532365178414663,
      "Q3": 0.6265411801029656,
      "S1": 0.5608047323234786,
      "S2": 0.5398049313827644,
      "S3": 0.4997035439517298,
      "S4": 0.6015645863040946
    },
    {
      "name": "primary",
      "avg_log_loss": 0.5887829947773333,
      "Q1": 0.6387339722449896,
      "Q2": 0.6537421296392032,
      "Q3": 0.6267872917291807,
      "S1": 0.5608047323234786,
      "S2": 0.5395500479588548,
      "S3": 0.49996489067105887,
      "S4": 0.6018978988745668
    },
    {
      "name": "adapt_cons",
      "avg_log_loss": 0.58976390738801,
      "Q1": 0.6395393960367537,
      "Q2": 0.6514026584966849,
      "Q3": 0.6389564616993784,
      "S1": 0.5561206481879376,
      "S2": 0.5425080683425001,
      "S3": 0.5029655197786623,
      "S4": 0.5968545991741533
    },
    {
      "name": "adapt_comp",
      "avg_log_loss": 0.5904466012422593,
      "Q1": 0.6376794661329652,
      "Q2": 0.650808400274064,
      "Q3": 0.6414826627764005,
      "S1": 0.5564599099664612,
      "S2": 0.5431514126840634,
      "S3": 0.5044550619697393,
      "S4": 0.5990892948921214
    },
    {
      "name": "adapt_pref",
      "avg_log_loss": 0.5909761011994732,
      "Q1": 0.637787508432162,
      "Q2": 0.650946701335821,
      "Q3": 0.641339749126866,
      "S1": 0.5577800240494796,
      "S2": 0.5420764584580482,
      "S3": 0.5085645963201192,
      "S4": 0.5983376706738162
    }
  ],
  "args": {
    "train_path": "data/ch2026_metrics_train.csv",
    "sample_path": "data/ch2026_submission_sample.csv",
    "output_dir": "outputs/fold_guarded_targetwise_smoothing",
    "baseline": "primary:outputs/temporal_prediction_smoothing_stack_wide/oof_temporal_prediction_smoothing.csv:outputs/temporal_prediction_smoothing_stack_wide/submission_temporal_prediction_smoothing.csv",