{
  "base_avg_log_loss": 0.583797792989271,
  "base_targets": {
    "Q1": 0.6373676761965493,
    "Q2": 0.6503050342800608,
    "Q3": 0.6229202717319089,
    "S1": 0.5542725406575977,
    "S2": 0.5292196070733155,
    "S3": 0.49841585304667624,
    "S4": 0.5940835679387884
  },
  "best": {
    "name": "qcount_broadgrid_w0.65",
    "weight": 0.65,
    "avg_log_loss": 0.5819406553899016,
    "delta_vs_base": 0.0018571375993694517,
    "fold_std": 0.011087285312273513,
    "worst_fold": 0.6039883657449098,
    "improved_folds": 4,
    "worst_target_delta": 0.0,
    "promote": true,
    "Q1": 0.6373676761965493,
    "Q2": 0.6389660354805917,
    "Q3": 0.6212593073357923,
    "S1": 0.5542725406575977,
    "S2": 0.5292196070733155,
    "S3": 0.49841585304667624,
    "S4": 0.5940835679387884,
    "improvement": 0.001857137599369386,
    "improvement_p025": 0.00025125214003573847,
    "improvement_p500": 0.0018719037613352,
    "improvement_p975": 0.00345856948569352
  },
  "args": {
    "train_path": "data/ch2026_metrics_train.csv",
    "sample_path": "data/ch2026_submission_sample.csv",
    "base_oof": "outputs/blend_temporal_label_master_residual_min3_w03/oof_candidate_probability_blend.csv",
    "base_submission": "outputs/blend_temporal_label_master_residual_min3_w03/submission_candidate_probability_blend.csv",
    "candidate_oof": "outputs/transductive_q_count_on_w03_broadgrid/oof_transductive_q_count.csv",
    "candidate_submission": "outputs/transductive_q_count_on_w03_broadgrid/submission_transductive_q_count.csv",
    "output_dir": "outputs/blend_w03_transductive_q_count_broadgrid",
    "name": "qcount_broadgrid",
    "weights": "0.05,0.1,0.15,0.2,0.25,0.3,0.4,0.5,0.65,0.8,1.0",
    "folds": 5,
    "bootstrap": 10000,
    "seed": 2026,
    "max_target_regression": 0.001
  }
}