{
  "base_avg_log_loss": 0.583797792989271,
  "selected": {
    "name": "Q10.65_Q20.65_Q30.8",
    "avg_log_loss": 0.5818511527290617,
    "delta_vs_base": 0.001946640260209298,
    "fold_std": 0.011034729174606194,
    "worst_fold": 0.6035482439798735,
    "improved_folds": 4,
    "worst_target_delta": 0.0,
    "early_delta": 0.0029499103650156844,
    "mid_delta": 0.0024234618684056963,
    "late_delta": 0.0004888339297441924,
    "tail20_delta": 0.001975702758342579,
    "worst_subject_delta": -0.005833117036172619,
    "worst_late_target_delta": -0.0008117027811557209,
    "w_Q1": 0.65,
    "w_Q2": 0.65,
    "w_Q3": 0.8,
    "w_S1": 0.0,
    "w_S2": 0.0,
    "w_S3": 0.0,
    "w_S4": 0.0,
    "improvement": 0.0019466402602091259,
    "improvement_p025": 0.00045128104635388085,
    "improvement_p500": 0.001955387353423944,
    "improvement_p975": 0.003449193840579824,
    "promote": true
  },
  "selected_weights": {
    "Q1": 0.65,
    "Q2": 0.65,
    "Q3": 0.8,
    "S1": 0.0,
    "S2": 0.0,
    "S3": 0.0,
    "S4": 0.0
  },
  "args": {
    "train_path": "data/ch2026_metrics_train.csv",
    "sample_path": "data/ch2026_submission_sample.csv",
    "base_oof": "outputs/blend_temporal_label_master_residual_min3_w03/oof_candidate_probability_blend.csv",
    "base_submission": "outputs/blend_temporal_label_master_residual_min3_w03/submission_candidate_probability_blend.csv",
    "candidate_oof": "outputs/transductive_q_count_on_w03/oof_transductive_q_count.csv",
    "candidate_submission": "outputs/transductive_q_count_on_w03/submission_transductive_q_count.csv",
    "output_dir": "outputs/block_aware_targetwise_transductive_q_count_vs_w03",
    "targets": "Q1,Q2,Q3",
    "weights": "0,0.1,0.2,0.3,0.4,0.5,0.65,0.8,1.0",
    "folds": 5,
    "bootstrap": 10000,
    "top_bootstrap": 200,
    "seed": 2026,
    "max_target_regression": 0.001,
    "max_block_regression": 0.0015,
    "max_tail_regression": 0.0025,
    "max_subject_regression": 0.006,
    "max_late_target_regression": 0.01,
    "min_p025": 0.0004
  }
}