feature_set,subject_id_accuracy,chance_accuracy,leakage_lift_vs_chance
raw_lifelog_pca,0.9577777777777777,0.12666666666666668,0.831111111111111
existing_cohort_human_state,0.9133333333333333,0.12666666666666668,0.7866666666666666
cohort_relative_predicted,0.35333333333333333,0.12666666666666668,0.22666666666666666
cohort_relative_energy,0.3466666666666667,0.12666666666666668,0.22
cohort_relative_observed,0.9622222222222222,0.12666666666666668,0.8355555555555555
cohort_relative_full,0.8511111111111112,0.12666666666666668,0.7244444444444444
