{
  "view": "only_event",
  "device": "mps",
  "sequence": {
    "n_days": 700.0,
    "n_base_features": 45.0,
    "n_token_features": 187.0,
    "mean_missing_fraction": 0.0,
    "add_deviation_features": 1.0
  },
  "n_features": 187,
  "epochs": 50,
  "final_ssl_loss": 0.41019954664366587,
  "best_global_source": "transformer_logreg_c0p3_w0p05",
  "best_global_avg_log_loss": 0.627395065447215,
  "best_global_per_target": {
    "Q1": 0.6725613373367981,
    "Q2": 0.7019279276506853,
    "Q3": 0.6767218099295349,
    "S1": 0.5765591399953216,
    "S2": 0.5803475187045898,
    "S3": 0.5362802027541589,
    "S4": 0.6473675217594165
  },
  "targetwise_avg_log_loss": 0.6244392852270303,
  "targetwise_per_target": {
    "Q1": 0.6718473693929528,
    "Q2": 0.6902508370648655,
    "Q3": 0.6731273926559048,
    "S1": 0.5757019130502258,
    "S2": 0.5798564530783497,
    "S3": 0.5330309613778893,
    "S4": 0.6472600699690243
  },
  "targetwise_sources": {
    "Q1": "transformer_logreg_c0p03_w0p2",
    "Q2": "transformer_logreg_c0p3_w0p35",
    "Q3": "transformer_logreg_c0p03_w0p35",
    "S1": "subject_prior_a8",
    "S2": "subject_prior_a8",
    "S3": "subject_prior_a4",
    "S4": "transformer_ridge_resid_a1_w0p05"
  },
  "targetwise_source_losses": {
    "Q1": 0.6718473693929528,
    "Q2": 0.6902508370648655,
    "Q3": 0.6731273926559048,
    "S1": 0.5757019130502258,
    "S2": 0.5798564530783497,
    "S3": 0.5330309613778893,
    "S4": 0.6472600699690243
  },
  "drift_vs_reference_best_global": {
    "reference": "outputs/v83_repaired_v80/submission_v83_gq015_gs010.csv",
    "mean_abs_drift": 0.06422656671057976,
    "max_abs_drift": 0.3057353725879315,
    "corr": 0.8840869849382736,
    "target_mean": {
      "Q1": 0.5020268179261073,
      "Q2": 0.560327259573171,
      "Q3": 0.60364585818915,
      "S1": 0.6917413912688795,
      "S2": 0.6569432131083273,
      "S3": 0.6710248899298881,
      "S4": 0.5594782251918932
    },
    "target_mean_shift": {
      "Q1": -0.008341378975848737,
      "Q2": -0.00899105548328931,
      "Q3": -0.008340903472048425,
      "S1": 0.0091290040577802,
      "S2": 0.01301796445432737,
      "S3": 0.01238406903293252,
      "S4": 0.00646430316920581
    },
    "panel_mean_abs_drift": {
      "early": 0.05163422304380195,
      "mid": 0.06615162335218722,
      "late": 0.07449471352731345
    }
  },
  "drift_vs_reference_targetwise": {
    "reference": "outputs/v83_repaired_v80/submission_v83_gq015_gs010.csv",
    "mean_abs_drift": 0.06628126840418533,
    "max_abs_drift": 0.3307181791765173,
    "corr": 0.8684475524565779,
    "target_mean": {
      "Q1": 0.5029010791848937,
      "Q2": 0.570774127933548,
      "Q3": 0.6015550191581718,
      "S1": 0.6923877866215694,
      "S2": 0.6582781981365899,
      "S3": 0.6743072986995421,
      "S4": 0.5597502846812713
    },
    "target_mean_shift": {
      "Q1": -0.007467117717062265,
      "Q2": 0.0014558128770878619,
      "Q3": -0.010431742503026562,
      "S1": 0.009775399410469864,
      "S2": 0.014352949482590006,
      "S3": 0.01566647780258651,
      "S4": 0.006736362658583848
    },
    "panel_mean_abs_drift": {
      "early": 0.05214976018367075,
      "mid": 0.0679764425944202,
      "late": 0.07825872977233474
    }
  },
  "ssl_loss_history": [
    1.0078316150392805,
    0.9813374870164053,
    0.9711675892557416,
    0.9388544535636902,
    0.9157266422680446,
    0.9262989054407392,
    0.8734563933100019,
    0.8701619260651725,
    0.8550574588775635,
    0.8239480662345886,
    0.8018601230212621,
    0.7927045290810721,
    0.7685041880607605,
    0.7431924131938389,
    0.7088041264670236,
    0.6862856640134539,
    0.6411279971258981,
    0.6057887945856367,
    0.5858373550006322,
    0.5697779263768877,
    0.5572748744487762,
    0.5280300637653895,
    0.5126886115755354,
    0.5034788984911782,
    0.4930220777647836,
    0.48549629245485576,
    0.46820939932550704,
    0.47650202325412205,
    0.47031625202723915,
    0.4561220811094557,
    0.46038938164710996,
    0.4485940529618944,
    0.4578126997607095,
    0.44907340032713755,
    0.4436886932168688,
    0.4369514410836356,
    0.43568786689213346,
    0.43776145543370926,
    0.43271224771227157,
    0.43657387954848154,
    0.4266789938722338,
    0.41616938829421996,
    0.42654796464102607,
    0.4275066598824092,
    0.4266908288002014,
    0.42000006556510927,
    0.42054967744009836,
    0.4107694370406015,
    0.4145657139165061,
    0.41019954664366587
  ]
}