{
  "baseline": "block_aware_qcount",
  "promotion_rule": {
    "overall_p025": "> 0",
    "late_delta": ">= -0.0015",
    "tail20_delta": ">= -0.0025",
    "worst_subject_delta": ">= -0.006",
    "worst_late_target_delta": ">= -0.01"
  },
  "summary": [
    {
      "name": "prior_qcount",
      "avg_log_loss": 0.5816523320729216,
      "overall_p025": -0.000491510422560718,
      "overall_improvement": 0.00019882065614023608,
      "early_delta": 2.944221672818159e-05,
      "mid_delta": 0.00013744363350476352,
      "late_delta": 0.0004264428053416536,
      "tail20_delta": 0.0008458774995125928,
      "late_p025": -0.0005540957920663302,
      "tail20_p025": -0.00044722646005573467,
      "worst_subject_delta": -0.0007220032499744011,
      "worst_late_target_delta": -0.00047966009150757216,
      "promote": false
    },
    {
      "name": "block_aware_qcount",
      "avg_log_loss": 0.5818511527290617,
      "overall_p025": 0.0,
      "overall_improvement": 0.0,
      "early_delta": 0.0,
      "mid_delta": 0.0,
      "late_delta": 0.0,
      "tail20_delta": 0.0,
      "late_p025": 0.0,
      "tail20_p025": 0.0,
      "worst_subject_delta": 0.0,
      "worst_late_target_delta": 0.0,
      "promote": false
    }
  ]
}