target,mean,std,min,max,delta_mean_vs_v83,abs_delta_mean_vs_v83,abs_delta_p90_vs_v83,abs_delta_max_vs_v83
Q1,0.501008564,0.229668845,0.065940657,0.949551036,-0.009359633,0.140398490,0.265008089,0.410030174
Q2,0.548593305,0.133995764,0.276134462,0.820563198,-0.020725010,0.077355612,0.143048232,0.319148399
Q3,0.610602816,0.142745440,0.214627718,0.840185775,-0.001383946,0.068656318,0.137797608,0.245148840
S1,0.661281128,0.249943107,0.099958141,0.979202418,-0.021331259,0.133936793,0.299800069,0.420402169
S2,0.634682613,0.217726594,0.168531167,0.952915664,-0.009242636,0.062309994,0.147643611,0.238295846
S3,0.640036606,0.236628857,0.072496371,0.958977250,-0.018604215,0.063741292,0.131514097,0.282906951
S4,0.564467402,0.201607651,0.113086833,0.929912273,0.011453480,0.072001735,0.151417286,0.350228058
