target,estimated_public_contribution,ridge_prior_oof_delta,shrink_vs_oof_prior_ratio,posterior_linear_se
Q1,-0.0014205600842684713,-0.0028165018181027,0.5043703771600663,0.9309493362512626
Q2,0.0009556054279071283,-0.0004403363059271,-2.170171786982593,0.9309493362512626
Q3,-0.00011062890726197155,-0.0015065706410962,0.07343094591401074,0.9309493362512627
S1,0.0001220528102147284,-0.0012738889236195,-0.0958111872642238,0.9309493362512627
S2,-0.0003739759801367712,-0.001769917713971,0.21129568746883495,0.9309493362512627
S3,0.00012541625829242845,-0.0012705254755418,-0.09871211613363852,0.9309493362512627
S4,-0.0002990627416641717,-0.0016950044754984,0.17643772980377243,0.9309493362512627
