{
  "best": {
    "name": "none_prob_c4_a100_s0.02_d0.25",
    "encoder": "none",
    "target_mode": "prob",
    "components": 4,
    "alpha": 100.0,
    "scale": 0.02,
    "max_delta": 0.25,
    "avg_log_loss": 0.5761723366310496,
    "Q1": 0.6326823898750444,
    "Q2": 0.6321033949657102,
    "Q3": 0.6089664183994411,
    "S1": 0.552376385946249,
    "S2": 0.524591499337734,
    "S3": 0.49546830967976196,
    "S4": 0.5870179582134067
  },
  "targetwise": {
    "avg_log_loss": 0.5757482852088863,
    "per_target": {
      "Q1": 0.6325986433447643,
      "Q2": 0.6311555222254859,
      "Q3": 0.608870054518594,
      "S1": 0.5523573303673037,
      "S2": 0.5237254885268902,
      "S3": 0.49508864957039955,
      "S4": 0.586442307908766
    },
    "selected": [
      {
        "target": "Q1",
        "name": "none_prob_c4_a100_s0.05_d0.25",
        "encoder": "none",
        "target_mode": "prob",
        "components": 4,
        "alpha": 100.0,
        "scale": 0.05,
        "max_delta": 0.25,
        "avg_log_loss": 0.576243733975839,
        "Q1": 0.6325986433447643,
        "Q2": 0.6316335813568016,
        "Q3": 0.608870054518594,
        "S1": 0.5523764845493585,
        "S2": 0.5243420789112453,
        "S3": 0.4961972384604149,
        "S4": 0.5876880566896934
      },
      {
        "target": "Q2",
        "name": "none_prob_c8_a100_s0.1_d0.25",
        "encoder": "none",
        "target_mode": "prob",
        "components": 8,
        "alpha": 100.0,
        "scale": 0.1,
        "max_delta": 0.25,
        "avg_log_loss": 0.5767354795053768,
        "Q1": 0.6328036201528731,
        "Q2": 0.6311555222254859,
        "Q3": 0.6090498982976247,
        "S1": 0.5527629044855538,
        "S2": 0.5243731217289748,
        "S3": 0.4978329054778577,
        "S4": 0.5891703841692677
      },
      {
        "target": "Q3",
        "name": "none_prob_c4_a100_s0.05_d0.25",
        "encoder": "none",
        "target_mode": "prob",
        "components": 4,
        "alpha": 100.0,
        "scale": 0.05,
        "max_delta": 0.25,
        "avg_log_loss": 0.576243733975839,
        "Q1": 0.6325986433447643,
        "Q2": 0.6316335813568016,
        "Q3": 0.608870054518594,
        "S1": 0.5523764845493585,
        "S2": 0.5243420789112453,
        "S3": 0.4961972384604149,
        "S4": 0.5876880566896934
      },
      {
        "target": "S1",
        "name": "none_prob_c4_a100_s0.03_d0.25",
        "encoder": "none",
        "target_mode": "prob",
        "components": 4,
        "alpha": 100.0,
        "scale": 0.03,
        "max_delta": 0.25,
        "avg_log_loss": 0.5761777110414954,
        "Q1": 0.6326373607773307,
        "Q2": 0.6319315858818761,
        "Q3": 0.6089173574779281,
        "S1": 0.5523573303673037,
        "S2": 0.5244867386593263,
        "S3": 0.4956901488986778,
        "S4": 0.5872234552280252
      },
      {
        "target": "S2",
        "name": "none_prob_c8_a1000_s0.1_d0.25",
        "encoder": "none",
        "target_mode": "prob",
        "components": 8,
        "alpha": 1000.0,
        "scale": 0.1,
        "max_delta": 0.25,
        "avg_log_loss": 0.5770007697156537,
        "Q1": 0.6343143309427632,
        "Q2": 0.6336751170356767,
        "Q3": 0.6099726618933029,
        "S1": 0.5530512744526741,
        "S2": 0.5237254885268902,
        "S3": 0.49642121470431155,
        "S4": 0.5878453004539571
      },
      {
        "target": "S3",
        "name": "anchor_noop",
        "encoder": "anchor",
        "target_mode": "noop",
        "components": 0,
        "alpha": 0.0,
        "scale": 0.0,
        "max_delta": 0.0,
        "avg_log_loss": 0.5762165855987049,
        "Q1": 0.6328235914875543,
        "Q2": 0.6324925625932951,
        "Q3": 0.6091152249083994,
        "S1": 0.5524714585483753,
        "S2": 0.5248647856042763,
        "S3": 0.49508864957039955,
        "S4": 0.586659826478634
      },
      {
        "target": "S4",
        "name": "pca_prob_c8_a100_s0.1_d0.25",
        "encoder": "pca",
        "target_mode": "prob",
        "components": 8,
        "alpha": 100.0,
        "scale": 0.1,
        "max_delta": 0.25,
        "avg_log_loss": 0.5772160972705509,
        "Q1": 0.6341076675188552,
        "Q2": 0.6351882967047165,
        "Q3": 0.6097250274334467,
        "S1": 0.5541978411790918,
        "S2": 0.525643076104287,
        "S3": 0.49520846404469326,
        "S4": 0.586442307908766
      }
    ]
  },
  "top_candidates": [
    {
      "name": "none_prob_c4_a100_s0.02_d0.25",
      "encoder": "none",
      "target_mode": "prob",
      "components": 4,
      "alpha": 100.0,
      "scale": 0.02,
      "max_delta": 0.25,
      "avg_log_loss": 0.5761723366310496,
      "Q1": 0.6326823898750444,
      "Q2": 0.6321033949657102,
      "Q3": 0.6089664183994411,
      "S1": 0.552376385946249,
      "S2": 0.524591499337734,
      "S3": 0.49546830967976196,
      "S4": 0.5870179582134067
    },
    {
      "name": "none_prob_c8_a100_s0.02_d0.25",
      "encoder": "none",
      "target_mode": "prob",
      "components": 8,
      "alpha": 100.0,
      "scale": 0.02,
      "max_delta": 0.25,
      "avg_log_loss": 0.5761723366310496,
      "Q1": 0.6326823898750444,
      "Q2": 0.6321033949657102,
      "Q3": 0.6089664183994411,
      "S1": 0.552376385946249,
      "S2": 0.524591499337734,
      "S3": 0.49546830967976196,
      "S4": 0.5870179582134067
    },
    {
      "name": "none_prob_c4_a100_s0.03_d0.25",
      "encoder": "none",
      "target_mode": "prob",
      "components": 4,
      "alpha": 100.0,
      "scale": 0.03,
      "max_delta": 0.25,
      "avg_log_loss": 0.5761777110414954,
      "Q1": 0.6326373607773307,
      "Q2": 0.6319315858818761,
      "Q3": 0.6089173574779281,
      "S1": 0.5523573303673037,
      "S2": 0.5244867386593263,
      "S3": 0.4956901488986778,
      "S4": 0.5872234552280252
    },
    {
      "name": "none_prob_c8_a100_s0.03_d0.25",
      "encoder": "none",
      "target_mode": "prob",
      "components": 8,
      "alpha": 100.0,
      "scale": 0.03,
      "max_delta": 0.25,
      "avg_log_loss": 0.5761777110414954,
      "Q1": 0.6326373607773307,
      "Q2": 0.6319315858818761,
      "Q3": 0.6089173574779281,
      "S1": 0.5523573303673037,
      "S2": 0.5244867386593263,
      "S3": 0.4956901488986778,
      "S4": 0.5872234552280252
    },
    {
      "name": "none_prob_c4_a100_s0.01_d0.25",
      "encoder": "none",
      "target_mode": "prob",
      "components": 4,
      "alpha": 100.0,
      "scale": 0.01,
      "max_delta": 0.25,
      "avg_log_loss": 0.5761853085709012,
      "Q1": 0.6327444787117457,
      "Q2": 0.6322903907156512,
      "Q3": 0.609032382029029,
      "S1": 0.5524144446047484,
      "S2": 0.5247175782625259,
      "S3": 0.4952677570644118,
      "S4": 0.5868301286081972
    },
    {
      "name": "none_prob_c8_a100_s0.01_d0.25",
      "encoder": "none",
      "target_mode": "prob",
      "components": 8,
      "alpha": 100.0,
      "scale": 0.01,
      "max_delta": 0.25,
      "avg_log_loss": 0.5761853085709012,
      "Q1": 0.6327444787117457,
      "Q2": 0.6322903907156512,
      "Q3": 0.609032382029029,
      "S1": 0.5524144446047484,
      "S2": 0.5247175782625259,
      "S3": 0.4952677570644118,
      "S4": 0.5868301286081972
    },
    {
      "name": "none_prob_c8_a100_s0.03_d0.1",
      "encoder": "none",
      "target_mode": "prob",
      "components": 8,
      "alpha": 100.0,
      "scale": 0.03,
      "max_delta": 0.1,
      "avg_log_loss": 0.5761981367725154,
      "Q1": 0.6328089603207928,
      "Q2": 0.6322751989379484,
      "Q3": 0.6090394413842374,
      "S1": 0.5524969647119462,
      "S2": 0.524655147903515,
      "S3": 0.49528403967679524,
      "S4": 0.5868272044723727
    },
    {
      "name": "none_prob_c4_a100_s0.03_d0.1",
      "encoder": "none",
      "target_mode": "prob",
      "components": 4,
      "alpha": 100.0,
      "scale": 0.03,
      "max_delta": 0.1,
      "avg_log_loss": 0.5761981367725154,