target,mean_student_disagreement,median_student_disagreement,teacher_score_mean,student_score_mean,realized_gain_mean
Q1,0.16127172920851193,0.13517393459680674,-0.7699857249885604,-1.6166891267735986,-0.015614552640929442
Q2,0.30549127828560607,0.2542974377141952,-0.8879330403678031,-1.9697831045972976,-0.023503656788695145
Q3,0.31959033218199967,0.26339831067130615,-0.8396825512898661,-1.9780407074077366,-0.020508500507294653
S1,0.7282983219842809,0.5668381619261407,-1.2746483870427219,-3.0502461703005355,-0.026521537625420366
S2,0.5199244475164547,0.4183985374586536,-1.0278603587940403,-2.503989310184862,-0.028166089585702908
S3,0.6006642478090074,0.5108791201299681,-1.0618867739532813,-2.699110113241318,-0.02877301931912648
S4,0.1952618528438148,0.16227120464390798,-0.7678172486937022,-1.677800570624136,-0.014067973755507395
