target,selected_cells,gain_sum,mean_gain,positive_gain_rate,raw_action_count,inverse_action_count,positive_subjects,negative_subjects
Q1,30,-1.0767914364146551,-0.035893047880488506,0.4,11.0,19.0,6,4
Q2,19,-0.7500727401010142,-0.03947751263689549,0.3157894736842105,7.0,12.0,5,5
Q3,9,0.01843130488184236,0.002047922764649151,0.3333333333333333,0.0,9.0,3,6
S1,18,-1.3251474829001673,-0.07361930460556484,0.1111111111111111,8.0,10.0,0,9
S2,33,0.24411717801016164,0.007397490242732171,0.5151515151515151,14.0,19.0,7,3
S3,15,-0.6719429963263357,-0.04479619975508905,0.26666666666666666,10.0,5.0,3,6
S4,11,-0.07456718194517453,-0.006778834722288594,0.45454545454545453,9.0,2.0,5,4
