feature_set,subject_id_accuracy,chance_accuracy,leakage_lift_vs_chance
calendar_rhythm,0.13777777777777778,0.12666666666666668,0.0111111111111111
raw_lifelog_pca,0.9577777777777777,0.12666666666666668,0.831111111111111
predicted_prototype_grammar,0.20444444444444446,0.12666666666666668,0.07777777777777778
predicted_prototype_grammar_energy,0.2311111111111111,0.12666666666666668,0.10444444444444442
observed_prototype_upper_bound,0.18666666666666668,0.12666666666666668,0.06
prototype_full_observed_predicted,0.22666666666666666,0.12666666666666668,0.09999999999999998
