{
  "base_avg_log_loss": 0.583797792989271,
  "base_targets": {
    "Q1": 0.6373676761965493,
    "Q2": 0.6503050342800608,
    "Q3": 0.6229202717319089,
    "S1": 0.5542725406575977,
    "S2": 0.5292196070733155,
    "S3": 0.49841585304667624,
    "S4": 0.5940835679387884
  },
  "best": {
    "name": "transductive_q_count_w0.8",
    "weight": 0.8,
    "avg_log_loss": 0.5816675262031803,
    "delta_vs_base": 0.00213026678609074,
    "fold_std": 0.011062719072178826,
    "worst_fold": 0.6033849610006577,
    "improved_folds": 4,
    "worst_target_delta": 0.0,
    "promote": true,
    "Q1": 0.6356582897823061,
    "Q2": 0.6386550666407734,
    "Q3": 0.6213677582828048,
    "S1": 0.5542725406575977,
    "S2": 0.5292196070733155,
    "S3": 0.49841585304667624,
    "S4": 0.5940835679387884,
    "improvement": 0.002130266786090635,
    "improvement_p025": 0.00035770669077433173,
    "improvement_p500": 0.002150776840328171,
    "improvement_p975": 0.0038892636151175433
  },
  "args": {
    "train_path": "data/ch2026_metrics_train.csv",
    "sample_path": "data/ch2026_submission_sample.csv",
    "base_oof": "outputs/blend_temporal_label_master_residual_min3_w03/oof_candidate_probability_blend.csv",
    "base_submission": "outputs/blend_temporal_label_master_residual_min3_w03/submission_candidate_probability_blend.csv",
    "candidate_oof": "outputs/transductive_q_count_on_w03/oof_transductive_q_count.csv",
    "candidate_submission": "outputs/transductive_q_count_on_w03/submission_transductive_q_count.csv",
    "output_dir": "outputs/blend_w03_transductive_q_count_w08",
    "name": "transductive_q_count",
    "weights": "0.8",
    "folds": 5,
    "bootstrap": 3000,
    "seed": 2026,
    "max_target_regression": 0.001
  }
}