target,selected_loss,base_loss,delta_vs_base,most_common_family
Q1,0.6709351098914687,0.6691817177735858,0.0017533921178827239,sleep_intrusion
Q2,0.7007625442614693,0.7016929759704349,-0.0009304317089655623,best_late_fusion
Q3,0.6748195451063201,0.6738888587098408,0.0009306863964792855,best_late_fusion
S1,0.5708954587854569,0.5708954587854569,0.0,best_late_fusion
S2,0.5773396190274678,0.5783156553303062,-0.0009760363028384012,sleep_intrusion
S3,0.5251202551583003,0.5251202551583003,0.0,best_late_fusion
S4,0.6442056531413637,0.6432464279775342,0.0009592251638294469,sleep_intrusion
