target,selected_loss,base_loss,delta_vs_base,most_common_family
Q1,0.6736374195840646,0.6691817177735858,0.004455701810478852,best_late_fusion
Q2,0.7032071861061896,0.7016929759704349,0.0015142101357547232,best_late_fusion
Q3,0.666367797135553,0.6738888587098408,-0.007521061574287824,mobility_constriction
S1,0.5708954587854569,0.5708954587854569,0.0,best_late_fusion
S2,0.5883234719158263,0.5783156553303062,0.010007816585520168,best_late_fusion
S3,0.5308000450166735,0.5251202551583003,0.005679789858373296,best_late_fusion
S4,0.6448001878998044,0.6432464279775342,0.0015537599222701592,best_late_fusion
