{
  "best_source": "targetwise",
  "best_avg_log_loss": 0.6235996606908213,
  "best_per_target": {
    "Q1": 0.6701819470034108,
    "Q2": 0.6901393383509836,
    "Q3": 0.6720885618657318,
    "S1": 0.5753393762901345,
    "S2": 0.5789792098360681,
    "S3": 0.5347193985721012,
    "S4": 0.6437497929173183
  },
  "best_drift_vs_reference": {
    "reference": "outputs/v83_repaired_v80/submission_v83_gq015_gs010.csv",
    "mean_abs_drift": 0.0681716624392405,
    "max_abs_drift": 0.30969881872457306,
    "corr": 0.8783506850743852,
    "target_mean": {
      "Q1": 0.49870942481625197,
      "Q2": 0.5654703945728327,
      "Q3": 0.6042566258669102,
      "S1": 0.6890579094750154,
      "S2": 0.6479511031958778,
      "S3": 0.6720947075002082,
      "S4": 0.5621944370745553
    },
    "target_mean_shift": {
      "Q1": -0.011658772085704096,
      "Q2": -0.003847920483627414,
      "Q3": -0.0077301357942881205,
      "S1": 0.0064455222639160405,
      "S2": 0.004025854541877724,
      "S3": 0.013453886603252491,
      "S4": 0.00918051505186787
    },
    "panel_mean_abs_drift": {
      "early": 0.05802682133604084,
      "mid": 0.07115018738813741,
      "late": 0.07505000831811023
    }
  },
  "best_subject_drift_vs_reference": {
    "id01": 0.04380514735856879,
    "id02": 0.05234704395229115,
    "id03": 0.0632612577974043,
    "id04": 0.07342604261794271,
    "id05": 0.07414931326209111,
    "id06": 0.0747140069204247,
    "id07": 0.08367312570255024,
    "id08": 0.08243639528506175,
    "id09": 0.06825415004313178,
    "id10": 0.07293011740791645
  },
  "best_target_gain_vs_subject_prior": {
    "Q1": 0.002997496161048052,
    "Q2": 0.014870705058315559,
    "Q3": 0.005681668481287483,
    "S1": 0.0003625367600912366,
    "S2": 0.0008772432422815557,
    "S3": 6.824742236777315e-05,
    "S4": 0.0035221893575988483
  },
  "best_global_source": "only_cross_modal__absolute__lowrank_r2_k4_wd0.1_b0.1",
  "best_global_avg_log_loss": 0.6263711531269641,
  "best_global_drift_vs_reference": {
    "reference": "outputs/v83_repaired_v80/submission_v83_gq015_gs010.csv",
    "mean_abs_drift": 0.06728574818791622,
    "max_abs_drift": 0.3047349786715883,
    "corr": 0.8821299546456226,
    "target_mean": {
      "Q1": 0.5024168978274031,
      "Q2": 0.5578707435651331,
      "Q3": 0.6029842430345941,
      "S1": 0.6844519394708145,
      "S2": 0.6513821392133402,
      "S3": 0.6637699595712311,
      "S4": 0.5596196498295962
    },
    "target_mean_shift": {
      "Q1": -0.007951299074552987,
      "Q2": -0.01144757149132704,
      "Q3": -0.009002518626604122,
      "S1": 0.0018395522597151074,
      "S2": 0.007456890559340331,
      "S3": 0.005129138674275483,
      "S4": 0.006605727806908829
    },
    "panel_mean_abs_drift": {
      "early": 0.05624341034998418,
      "mid": 0.0690500358603536,
      "late": 0.07621558143377649
    }
  },
  "targetwise_avg_log_loss": 0.6235996606908213,
  "targetwise_drift_vs_reference": {
    "reference": "outputs/v83_repaired_v80/submission_v83_gq015_gs010.csv",
    "mean_abs_drift": 0.0681716624392405,
    "max_abs_drift": 0.30969881872457306,
    "corr": 0.8783506850743852,
    "target_mean": {
      "Q1": 0.49870942481625197,
      "Q2": 0.5654703945728327,
      "Q3": 0.6042566258669102,
      "S1": 0.6890579094750154,
      "S2": 0.6479511031958778,
      "S3": 0.6720947075002082,
      "S4": 0.5621944370745553
    },
    "target_mean_shift": {
      "Q1": -0.011658772085704096,
      "Q2": -0.003847920483627414,
      "Q3": -0.0077301357942881205,
      "S1": 0.0064455222639160405,
      "S2": 0.004025854541877724,
      "S3": 0.013453886603252491,
      "S4": 0.00918051505186787
    },
    "panel_mean_abs_drift": {
      "early": 0.05802682133604084,
      "mid": 0.07115018738813741,
      "late": 0.07505000831811023
    }
  },
  "targetwise_sources": {
    "Q1": "only_rhythm__absolute__mlp_h1_k2_wd0.1_b0.2",
    "Q2": "only_cross_modal__deviation__linear_k4_b0.2",
    "Q3": "only_rhythm__absolute_plus_deviation__mlp_h1_k1_wd0.1_b0.2",
    "S1": "only_event__absolute_plus_deviation__lowrank_r2_k4_wd0.1_b0.1",
    "S2": "no_sleep__absolute__lowrank_r2_k1_wd0.1_b0.1",
    "S3": "only_cross_modal__absolute_plus_deviation__mlp_h1_k4_wd0.1_b0.1",
    "S4": "only_cross_modal__deviation__lowrank_r1_k4_wd0.1_b0.2"
  },
  "targetwise_source_losses": {
    "Q1": 0.6701819470034108,
    "Q2": 0.6901393383509836,
    "Q3": 0.6720885618657318,
    "S1": 0.5753393762901345,
    "S2": 0.5789792098360681,
    "S3": 0.5347193985721012,
    "S4": 0.6437497929173183
  },
  "subject_prior_avg_log_loss": 0.6276539587598199,
  "n_candidates": 362,
  "views": [
    "no_sleep",
    "only_cross_modal",
    "only_event",
    "only_rhythm"
  ],
  "device": "mps"
}