{
  "baseline": "primary_w03",
  "promotion_rule": {
    "overall_p025": "> 0",
    "late_delta": ">= -0.0015",
    "tail20_delta": ">= -0.0025",
    "worst_subject_delta": ">= -0.006",
    "worst_late_target_delta": ">= -0.01"
  },
  "summary": [
    {
      "name": "qcount_broadgrid",
      "avg_log_loss": 0.5817031626345054,
      "overall_p025": -0.00035728368591942045,
      "overall_improvement": 0.0020946303547655105,
      "early_delta": 0.003481906785352651,
      "mid_delta": 0.0024401326631231512,
      "late_delta": 0.0003823436419546633,
      "tail20_delta": 0.001705544758043187,
      "late_p025": -0.0038776775333633114,
      "tail20_p025": -0.0037579543952474363,
      "worst_subject_delta": -0.011010305058805625,
      "worst_late_target_delta": 0.0,
      "promote": false
    },
    {
      "name": "primary_w03",
      "avg_log_loss": 0.583797792989271,
      "overall_p025": 0.0,
      "overall_improvement": 0.0,
      "early_delta": 0.0,
      "mid_delta": 0.0,
      "late_delta": 0.0,
      "tail20_delta": 0.0,
      "late_p025": 0.0,
      "tail20_p025": 0.0,
      "worst_subject_delta": 0.0,
      "worst_late_target_delta": 0.0,
      "promote": false
    }
  ]
}