{
  "view": "only_cross_modal",
  "device": "mps",
  "sequence": {
    "n_days": 700.0,
    "n_base_features": 22.0,
    "n_token_features": 51.0,
    "mean_missing_fraction": 0.08419372294372295
  },
  "n_features": 51,
  "epochs": 80,
  "final_ssl_loss": 0.21630364120006562,
  "best_global_source": "transformer_ridge_resid_a1_w0p2",
  "best_global_avg_log_loss": 0.6250561522292207,
  "best_global_per_target": {
    "Q1": 0.6725837731563248,
    "Q2": 0.6967095943042172,
    "Q3": 0.6774217528879231,
    "S1": 0.5735405127413743,
    "S2": 0.5827025888570508,
    "S3": 0.5236552390433628,
    "S4": 0.6487796046142924
  },
  "targetwise_avg_log_loss": 0.6206798824061698,
  "targetwise_per_target": {
    "Q1": 0.6706833019782688,
    "Q2": 0.6788734030762762,
    "Q3": 0.6737894139827117,
    "S1": 0.5734738693663669,
    "S2": 0.5798564530783497,
    "S3": 0.5210820768379555,
    "S4": 0.6470006585232606
  },
  "targetwise_sources": {
    "Q1": "transformer_logreg_c0p3_w0p2",
    "Q2": "transformer_logreg_c0p3_w0p35",
    "Q3": "transformer_logreg_c0p03_w0p35",
    "S1": "transformer_ridge_resid_a5_w0p2",
    "S2": "subject_prior_a8",
    "S3": "transformer_ridge_resid_a1_w0p35",
    "S4": "transformer_ridge_resid_a1_w0p05"
  },
  "targetwise_source_losses": {
    "Q1": 0.6706833019782688,
    "Q2": 0.6788734030762762,
    "Q3": 0.6737894139827117,
    "S1": 0.5734738693663669,
    "S2": 0.5798564530783497,
    "S3": 0.5210820768379555,
    "S4": 0.6470006585232606
  },
  "drift_vs_reference_best_global": {
    "reference": "outputs/v83_repaired_v80/submission_v83_gq015_gs010.csv",
    "mean_abs_drift": 0.07041337030919705,
    "max_abs_drift": 0.36419568807277025,
    "corr": 0.8574203501980607,
    "target_mean": {
      "Q1": 0.49123661160001136,
      "Q2": 0.5436175317730049,
      "Q3": 0.5878239923226615,
      "S1": 0.6908439703606122,
      "S2": 0.6554849881279127,
      "S3": 0.6680551201306398,
      "S4": 0.55516285868089
    },
    "target_mean_shift": {
      "Q1": -0.01913158530194461,
      "Q2": -0.02570078328345529,
      "Q3": -0.024162769338536765,
      "S1": 0.008231583149512745,
      "S2": 0.011559739473912674,
      "S3": 0.009414299233684241,
      "S4": 0.0021489366582024302
    },
    "panel_mean_abs_drift": {
      "early": 0.05848428039009811,
      "mid": 0.07045371331561226,
      "late": 0.08188203976606355
    }
  },
  "drift_vs_reference_targetwise": {
    "reference": "outputs/v83_repaired_v80/submission_v83_gq015_gs010.csv",
    "mean_abs_drift": 0.07626318471058542,
    "max_abs_drift": 0.40005132324480464,
    "corr": 0.8298704990366699,
    "target_mean": {
      "Q1": 0.4888664994251153,
      "Q2": 0.5244364613186769,
      "Q3": 0.5849271660567823,
      "S1": 0.6907608918655626,
      "S2": 0.6582781981365899,
      "S3": 0.6636523293019009,
      "S4": 0.5582302821112438
    },
    "target_mean_shift": {
      "Q1": -0.02150169747684069,
      "Q2": -0.04488185373778326,
      "Q3": -0.027059595604415974,
      "S1": 0.008148504654463151,
      "S2": 0.014352949482590006,
      "S3": 0.005011508404945243,
      "S4": 0.005216360088556389
    },
    "panel_mean_abs_drift": {
      "early": 0.06503376490197718,
      "mid": 0.07749212474438674,
      "late": 0.08589624825764858
    }
  },
  "ssl_loss_history": [
    1.2948943059785025,
    0.7693860231127058,
    0.523594012601035,
    0.44960695011275154,
    0.42834329962730405,
    0.42099245735577173,
    0.4135722485610417,
    0.41085569075175693,
    0.3833317915030888,
    0.3669696545600891,
    0.35892373391560145,
    0.36072746787752424,
    0.33792709163257056,
    0.3319997440065656,
    0.3196790065084185,
    0.3150739101001195,
    0.30890969719205585,
    0.2972548362186977,
    0.2968817378793444,
    0.29360027040754044,
    0.2820810755661556,
    0.28542220439229693,
    0.2681517262118203,
    0.2765791496208736,
    0.27220719507762364,
    0.26324741039957317,
    0.27181999376841953,
    0.26945779238428386,
    0.26098998955317904,
    0.27118236422538755,
    0.2590792735985347,
    0.2551653001989637,
    0.2556833063704627,
    0.25343982083456856,
    0.2587713668176106,
    0.24060699207442146,
    0.2445259315626962,
    0.24493214283670697,
    0.2475873954807009,
    0.2401869477544512,
    0.24415353434426443,
    0.2340618085009711,
    0.2386388828073229,
    0.2406567484991891,
    0.23456993699073792,
    0.24377474699701582,
    0.24076909261090415,
    0.23566259264945985,
    0.23193506802831376,
    0.23751470250742776,
    0.22855936314378467,
    0.23619776947157722,
    0.2397353664466313,
    0.2308447860819953,
    0.22372606141226634,
    0.22849489518574306,
    0.22010520211287907,
    0.23151524203164237,
    0.22288900554180147,
    0.22577102465288978,
    0.21700597711971828,
    0.2198262014559337,
    0.21451947484697614,
    0.22996281691959927,
    0.22679488675934928,
    0.23012371948787144,
    0.23264862716197968,
    0.22562089102608818,
    0.21783366331032344,
    0.23066822707653045,
    0.220288661973817,
    0.2286139212335859,
    0.21938386823449815,
    0.2239024462870189,
    0.22232736817428045,
    0.21519168138504027,
    0.21623373653207506,
    0.22983961837632316,
    0.22482603439262935,
    0.21630364120006562
  ]
}