{
  "view": "only_cross_modal",
  "device": "mps",
  "sequence": {
    "n_days": 700.0,
    "n_base_features": 18.0,
    "n_token_features": 79.0,
    "mean_missing_fraction": 0.08317294973544974,
    "add_deviation_features": 1.0
  },
  "n_features": 79,
  "epochs": 60,
  "final_ssl_loss": 0.2242224853379386,
  "best_global_source": "transformer_logreg_c0p3_w0p2",
  "best_global_avg_log_loss": 0.6241209381215941,
  "best_global_per_target": {
    "Q1": 0.6732577276344941,
    "Q2": 0.6905517487866316,
    "Q3": 0.6761390376535239,
    "S1": 0.5717633997712791,
    "S2": 0.5722455957813761,
    "S3": 0.534957302809184,
    "S4": 0.6499317544146705
  },
  "targetwise_avg_log_loss": 0.6206580383345407,
  "targetwise_per_target": {
    "Q1": 0.6702904889842721,
    "Q2": 0.6838944181910906,
    "Q3": 0.6738228049000621,
    "S1": 0.571500428414123,
    "S2": 0.5719300723037425,
    "S3": 0.5294696380944679,
    "S4": 0.6436984174540266
  },
  "targetwise_sources": {
    "Q1": "transformer_logreg_c0p03_w0p2",
    "Q2": "transformer_logreg_c0p1_w0p35",
    "Q3": "subject_prior_a16",
    "S1": "transformer_ridge_resid_a5_w0p2",
    "S2": "transformer_logreg_c0p3_w0p35",
    "S3": "transformer_ridge_resid_a5_w0p35",
    "S4": "transformer_ridge_resid_a1_w0p2"
  },
  "targetwise_source_losses": {
    "Q1": 0.6702904889842721,
    "Q2": 0.6838944181910906,
    "Q3": 0.6738228049000621,
    "S1": 0.571500428414123,
    "S2": 0.5719300723037425,
    "S3": 0.5294696380944679,
    "S4": 0.6436984174540266
  },
  "drift_vs_reference_best_global": {
    "reference": "outputs/v83_repaired_v80/submission_v83_gq015_gs010.csv",
    "mean_abs_drift": 0.0795763344407615,
    "max_abs_drift": 0.3161571219370838,
    "corr": 0.8424175962967723,
    "target_mean": {
      "Q1": 0.488839556986164,
      "Q2": 0.5394655357374761,
      "Q3": 0.5975416729296694,
      "S1": 0.6808544275297684,
      "S2": 0.6394491777217983,
      "S3": 0.6497150544372716,
      "S4": 0.5629413533707671
    },
    "target_mean_shift": {
      "Q1": -0.021528639915792003,
      "Q2": -0.029852779318984102,
      "Q3": -0.014445088731528992,
      "S1": -0.0017579596813308792,
      "S2": -0.004476070932201521,
      "S3": -0.008925766459684034,
      "S4": 0.009927431348079701
    },
    "panel_mean_abs_drift": {
      "early": 0.07338066316266183,
      "mid": 0.08009349010236996,
      "late": 0.08504834767476939
    }
  },
  "drift_vs_reference_targetwise": {
    "reference": "outputs/v83_repaired_v80/submission_v83_gq015_gs010.csv",
    "mean_abs_drift": 0.07959120499631349,
    "max_abs_drift": 0.3794754544559822,
    "corr": 0.82357689988089,
    "target_mean": {
      "Q1": 0.49338746455658267,
      "Q2": 0.5310247580909081,
      "Q3": 0.6030728937366889,
      "S1": 0.6845128589764484,
      "S2": 0.6253274124107047,
      "S3": 0.6575008439257836,
      "S4": 0.5601305095950521
    },
    "target_mean_shift": {
      "Q1": -0.01698073234537339,
      "Q2": -0.03829355696555208,
      "Q3": -0.008913867924509376,
      "S1": 0.001900471765349124,
      "S2": -0.018597836243295203,
      "S3": -0.0011399769711720555,
      "S4": 0.00711658757236465
    },
    "panel_mean_abs_drift": {
      "early": 0.07162395963581396,
      "mid": 0.07965073256762921,
      "late": 0.08721912653915768
    }
  },
  "ssl_loss_history": [
    0.7506474510260991,
    0.3890180919851576,
    0.3557785626820156,
    0.354135057926178,
    0.34539741141455516,
    0.34493892737797327,
    0.3314176712717329,
    0.3063880705833435,
    0.3105853828362056,
    0.2928658550126212,
    0.28620854769434245,
    0.285769636120115,
    0.2799068949903761,
    0.27442792006901334,
    0.27747140526771547,
    0.2715996139390128,
    0.2637186447211674,
    0.2620904575075422,
    0.260443537405559,
    0.26527124132428853,
    0.2551974533285413,
    0.2532021231310708,
    0.2580511348588126,
    0.24905920488493782,
    0.2543306581463133,
    0.24314876428672247,
    0.2497379345553262,
    0.25036607120718274,
    0.24612124809197017,
    0.24194492340087892,
    0.2566464126110077,
    0.24487025209835597,
    0.2453689674820219,
    0.24660313580717358,
    0.25103406378201076,
    0.24660008430480956,
    0.23732215694018774,
    0.23622945964336395,
    0.2383890585388456,
    0.2391105946472713,
    0.24180762563432967,
    0.2424413413660867,
    0.23736762966428485,
    0.2336346573489053,
    0.23527816142354693,
    0.2446205643245152,
    0.2407714012690953,
    0.238253344978605,
    0.23524712792464664,
    0.24063694621835435,
    0.23632033569472177,
    0.22967463186808995,
    0.2309403283255441,
    0.2314340193782534,
    0.23316026295934406,
    0.2291315144300461,
    0.22744440283094133,
    0.22802903515951975,
    0.22590717809540886,
    0.2242224853379386
  ]
}