{
  "baseline": "primary_w03",
  "promotion_rule": {
    "overall_p025": "> 0",
    "late_delta": ">= -0.0015",
    "tail20_delta": ">= -0.0025",
    "worst_subject_delta": ">= -0.006",
    "worst_late_target_delta": ">= -0.01"
  },
  "summary": [
    {
      "name": "qcount_w065",
      "avg_log_loss": 0.5818805511175833,
      "overall_p025": 0.00045521647843445496,
      "overall_improvement": 0.0019172418716877733,
      "early_delta": 0.0029253708731081796,
      "mid_delta": 0.0023817027950755465,
      "late_delta": 0.0004665626943687329,
      "tail20_delta": 0.001799852171659011,
      "late_p025": -0.0020910156357487803,
      "tail20_p025": -0.001434809398870527,
      "worst_subject_delta": -0.0056382337811372585,
      "worst_late_target_delta": -0.0008117027811557209,
      "promote": true
    },
    {
      "name": "qcount_w05",
      "avg_log_loss": 0.5821781579456646,
      "overall_p025": 0.0004876652280364299,
      "overall_improvement": 0.00161963504360622,
      "early_delta": 0.0023881815689517083,
      "mid_delta": 0.001981994995287728,
      "late_delta": 0.0005057045289724726,
      "tail20_delta": 0.001531946897310399,
      "late_p025": -0.0014674802745438477,
      "tail20_p025": -0.0009708518726448791,
      "worst_subject_delta": -0.004111761164501848,
      "worst_late_target_delta": -0.0005070859320345233,
      "promote": true
    },
    {
      "name": "qcount_w03",
      "avg_log_loss": 0.5827082648502966,
      "overall_p025": 0.00040371232855728573,
      "overall_improvement": 0.0010895281389744719,
      "early_delta": 0.001545195061216531,
      "mid_delta": 0.0013111937923374617,
      "late_delta": 0.0004224850054027618,
      "tail20_delta": 0.001039067194508081,
      "late_p025": -0.0007787691408219364,
      "tail20_p025": -0.00047178973173938015,
      "worst_subject_delta": -0.002283822903023758,
      "worst_late_target_delta": -0.0002096191215010812,
      "promote": true
    },
    {
      "name": "qcount_w02",
      "avg_log_loss": 0.5830315079367722,
      "overall_p025": 0.0003070462651283326,
      "overall_improvement": 0.0007662850524988174,
      "early_delta": 0.001068242037389977,
      "mid_delta": 0.0009155452096784034,
      "late_delta": 0.00032196434313069844,
      "tail20_delta": 0.0007333876300791298,
      "late_p025": -0.0004819046170416354,
      "tail20_p025": -0.0002783337288998817,
      "worst_subject_delta": -0.0014603030794864136,
      "worst_late_target_delta": -0.00010794762327115404,
      "promote": true
    },
    {
      "name": "qcount_w1",
      "avg_log_loss": 0.5815144658440102,
      "overall_p025": 4.91206633385727e-05,
      "overall_improvement": 0.0022833271452607834,
      "early_delta": 0.0038684474952848102,
      "mid_delta": 0.0029751096684976774,
      "late_delta": 3.9608699409221515e-05,
      "tail20_delta": 0.0020909698364839358,
      "late_p025": -0.00387356944813768,
      "tail20_p025": -0.0028559565726501432,
      "worst_subject_delta": -0.009714266587687925,
      "worst_late_target_delta": -0.0017907425445925496,
      "promote": false
    },
    {
      "name": "qcount_w08",
      "avg_log_loss": 0.5816675262031803,
      "overall_p025": 0.00034120777647619785,
      "overall_improvement": 0.0021302667860906336,
      "early_delta": 0.0033824485005308214,
      "mid_delta": 0.0026940069566725455,
      "late_delta": 0.00034112702322208754,
      "tail20_delta": 0.0019816944814178283,
      "late_p025": -0.0027967500844435114,
      "tail20_p025": -0.0019855394471179847,
      "worst_subject_delta": -0.007296803835381005,
      "worst_late_target_delta": -0.0011855173295645116,
      "promote": false
    },
    {
      "name": "primary_w03",
      "avg_log_loss": 0.583797792989271,
      "overall_p025": 0.0,
      "overall_improvement": 0.0,
      "early_delta": 0.0,
      "mid_delta": 0.0,
      "late_delta": 0.0,
      "tail20_delta": 0.0,
      "late_p025": 0.0,
      "tail20_p025": 0.0,
      "worst_subject_delta": 0.0,
      "worst_late_target_delta": 0.0,
      "promote": false
    }
  ]
}