{
  "base_avg_log_loss": 0.5815923025034421,
  "selected": {
    "name": "Q11_Q21_Q31_S11_S21_S31_S41",
    "avg_log_loss": 0.574969357028576,
    "delta_vs_base": 0.006622945474866082,
    "fold_std": 0.0022296410494234377,
    "worst_fold": 0.5774864221139416,
    "improved_folds": 3,
    "worst_target_delta": 0.0014235106173854373,
    "w_Q1": 1.0,
    "w_Q2": 1.0,
    "w_Q3": 1.0,
    "w_S1": 1.0,
    "w_S2": 1.0,
    "w_S3": 1.0,
    "w_S4": 1.0,
    "Q1": 0.6327672827205354,
    "Q2": 0.6321006424670162,
    "Q3": 0.6024857413840871,
    "S1": 0.552444109167193,
    "S2": 0.5243474912013937,
    "S3": 0.4946751857621991,
    "S4": 0.5859650464976082,
    "promote": false,
    "improvement_p025": NaN,
    "improvement": 0.006622945474866082,
    "improvement_p975": NaN
  },
  "selected_weights": {
    "Q1": 1.0,
    "Q2": 1.0,
    "Q3": 1.0,
    "S1": 1.0,
    "S2": 1.0,
    "S3": 1.0,
    "S4": 1.0
  },
  "args": {
    "train_path": "data/ch2026_metrics_train.csv",
    "sample_path": "data/ch2026_submission_sample.csv",
    "base_oof": "outputs/multi_signal_qcount_blend_w015_020_015_015/oof_multi_signal_qcount_blend.csv",
    "base_submission": "outputs/multi_signal_qcount_blend_w015_020_015_015/submission_multi_signal_qcount_blend.csv",
    "candidate_oof": "outputs/sample_hgbtail_v17_fused_s4s3q2tail_vs_multi_signal/oof_sample_support_target_blend.csv",
    "candidate_submission": "outputs/sample_hgbtail_v17_fused_s4s3q2tail_vs_multi_signal/submission_sample_support_target_blend.csv",
    "output_dir": "outputs/targetwise_shrink_v17_vs_multi_signal_coarse",
    "targets": "all",
    "weights": "0,0.5,1.0",
    "folds": 5,
    "bootstrap": 2000,
    "top_bootstrap": 120,
    "seed": 2026,
    "max_target_regression": 0.01,
    "min_p025": 0.0
  }
}