{
  "view": "full",
  "device": "mps",
  "sequence": {
    "n_days": 700.0,
    "n_base_features": 65.0,
    "n_token_features": 267.0,
    "mean_missing_fraction": 0.22652609890109893,
    "add_deviation_features": 1.0
  },
  "n_features": 267,
  "epochs": 60,
  "final_ssl_loss": 0.3319795441627502,
  "best_global_source": "transformer_logreg_c0p03_w0p05",
  "best_global_avg_log_loss": 0.6273180717734427,
  "best_global_per_target": {
    "Q1": 0.6735432043318285,
    "Q2": 0.7017508342985358,
    "Q3": 0.6769409153444447,
    "S1": 0.576178533581119,
    "S2": 0.5791032156615092,
    "S3": 0.5353269230353989,
    "S4": 0.6483828761612621
  },
  "targetwise_avg_log_loss": 0.6242789061606931,
  "targetwise_per_target": {
    "Q1": 0.6721770581393399,
    "Q2": 0.6903010482840609,
    "Q3": 0.6738228049000621,
    "S1": 0.5757019130502258,
    "S2": 0.578617095017496,
    "S3": 0.5320604414587499,
    "S4": 0.6472719822749171
  },
  "targetwise_sources": {
    "Q1": "subject_prior_a16",
    "Q2": "transformer_logreg_c0p1_w0p35",
    "Q3": "subject_prior_a16",
    "S1": "subject_prior_a8",
    "S2": "transformer_ridge_resid_a20_w0p1",
    "S3": "transformer_ridge_resid_a20_w0p2",
    "S4": "subject_prior_a8"
  },
  "targetwise_source_losses": {
    "Q1": 0.6721770581393399,
    "Q2": 0.6903010482840609,
    "Q3": 0.6738228049000621,
    "S1": 0.5757019130502258,
    "S2": 0.578617095017496,
    "S3": 0.5320604414587499,
    "S4": 0.6472719822749171
  },
  "drift_vs_reference_best_global": {
    "reference": "outputs/v83_repaired_v80/submission_v83_gq015_gs010.csv",
    "mean_abs_drift": 0.0640929545849397,
    "max_abs_drift": 0.3072277870111485,
    "corr": 0.8853119381126701,
    "target_mean": {
      "Q1": 0.5029743634986,
      "Q2": 0.5573478414320013,
      "Q3": 0.6041598072005929,
      "S1": 0.6915084374098975,
      "S2": 0.6558625019481876,
      "S3": 0.6682509132170484,
      "S4": 0.558804425244279
    },
    "target_mean_shift": {
      "Q1": -0.007393833403356009,
      "Q2": -0.011970473624458876,
      "Q3": -0.007826954460605459,
      "S1": 0.008896050198798147,
      "S2": 0.011937253294187551,
      "S3": 0.009610092320092956,
      "S4": 0.005790503221591473
    },
    "panel_mean_abs_drift": {
      "early": 0.05153835938550481,
      "mid": 0.06594620465152583,
      "late": 0.07439480224172809
    }
  },
  "drift_vs_reference_targetwise": {
    "reference": "outputs/v83_repaired_v80/submission_v83_gq015_gs010.csv",
    "mean_abs_drift": 0.06775323775599477,
    "max_abs_drift": 0.3721909933379097,
    "corr": 0.8640615440075011,
    "target_mean": {
      "Q1": 0.49965650813885837,
      "Q2": 0.5471504240710753,
      "Q3": 0.6030728937366889,
      "S1": 0.6923877866215694,
      "S2": 0.6572625643127052,
      "S3": 0.6652397629173742,
      "S4": 0.5592527565880283
    },
    "target_mean_shift": {
      "Q1": -0.01071168876309774,
      "Q2": -0.02216789098538504,
      "Q3": -0.008913867924509376,
      "S1": 0.009775399410469864,
      "S2": 0.013337315658705249,
      "S3": 0.006598942020418589,
      "S4": 0.006238834565341037
    },
    "panel_mean_abs_drift": {
      "early": 0.05470548793901275,
      "mid": 0.07026808495740845,
      "late": 0.07788480442982054
    }
  },
  "ssl_loss_history": [
    0.7952067484174455,
    0.6281027705328805,
    0.5426416070120675,
    0.5235922186715263,
    0.5050250400815691,
    0.4994232531956264,
    0.4911625586237226,
    0.47907036202294484,
    0.4674762463569641,
    0.45568663103239876,
    0.4471106605870383,
    0.4293275593008314,
    0.43097104140690395,
    0.4198836009843009,
    0.4177171722480229,
    0.40998015471867155,
    0.40707360182489666,
    0.4047140007359641,
    0.4023271117891584,
    0.39966584767614094,
    0.3943233118738447,
    0.38953165037291393,
    0.3955688386304038,
    0.38971457242965696,
    0.38504691072872704,
    0.3856627993924277,
    0.38491603595869883,
    0.37710916910852704,
    0.37366888659340997,
    0.3730746652398791,
    0.37168073194367546,
    0.3724701821804047,
    0.3690577491692134,
    0.36659527676446096,
    0.36656346355165753,
    0.36030059933662417,
    0.362184294291905,
    0.3600699889659882,
    0.3618794345855713,
    0.3569835375036512,
    0.35437307017190117,
    0.35993201613426207,
    0.34917210153170997,
    0.35366176315716336,
    0.34931046417781286,
    0.34965558682169234,
    0.34680612291608537,
    0.34467443193708147,
    0.3468235661302294,
    0.3443114055906023,
    0.3382960532392774,
    0.33861063224928717,
    0.34075425284249444,
    0.33468385457992555,
    0.3364357202393668,
    0.340693587916238,
    0.33826771565846037,
    0.33848156911986216,
    0.3335079366820199,
    0.3319795441627502
  ]
}