{
  "view": "only_rhythm",
  "device": "mps",
  "sequence": {
    "n_days": 700.0,
    "n_base_features": 23.0,
    "n_token_features": 99.0,
    "mean_missing_fraction": 0.25152087646652865,
    "add_deviation_features": 1.0
  },
  "n_features": 99,
  "epochs": 60,
  "final_ssl_loss": 0.31324235694749014,
  "best_global_source": "transformer_logreg_c0p1_w0p05",
  "best_global_avg_log_loss": 0.62735443712079,
  "best_global_per_target": {
    "Q1": 0.670330113223603,
    "Q2": 0.7021238125246245,
    "Q3": 0.6773165371896314,
    "S1": 0.5763233561306025,
    "S2": 0.5789017557886054,
    "S3": 0.5365646759608484,
    "S4": 0.6499208090276155
  },
  "targetwise_avg_log_loss": 0.6230545785223297,
  "targetwise_per_target": {
    "Q1": 0.661873176519702,
    "Q2": 0.6933127269044538,
    "Q3": 0.6738228049000621,
    "S1": 0.5755472758160727,
    "S2": 0.5765231218632112,
    "S3": 0.5330309613778893,
    "S4": 0.6472719822749171
  },
  "targetwise_sources": {
    "Q1": "transformer_logreg_c0p3_w0p35",
    "Q2": "transformer_logreg_c0p03_w0p35",
    "Q3": "subject_prior_a16",
    "S1": "transformer_ridge_resid_a1_w0p05",
    "S2": "transformer_ridge_resid_a5_w0p2",
    "S3": "subject_prior_a4",
    "S4": "subject_prior_a8"
  },
  "targetwise_source_losses": {
    "Q1": 0.661873176519702,
    "Q2": 0.6933127269044538,
    "Q3": 0.6738228049000621,
    "S1": 0.5755472758160727,
    "S2": 0.5765231218632112,
    "S3": 0.5330309613778893,
    "S4": 0.6472719822749171
  },
  "drift_vs_reference_best_global": {
    "reference": "outputs/v83_repaired_v80/submission_v83_gq015_gs010.csv",
    "mean_abs_drift": 0.06353375115913672,
    "max_abs_drift": 0.31049606402290164,
    "corr": 0.8851642267419095,
    "target_mean": {
      "Q1": 0.501692321851866,
      "Q2": 0.558121643335096,
      "Q3": 0.6022097995033989,
      "S1": 0.6914172767486949,
      "S2": 0.6569045068981937,
      "S3": 0.671164686547332,
      "S4": 0.560452134948487
    },
    "target_mean_shift": {
      "Q1": -0.008675875050090098,
      "Q2": -0.011196671721364179,
      "Q3": -0.009776962157799508,
      "S1": 0.008804889537595473,
      "S2": 0.012979258244193694,
      "S3": 0.01252386565037625,
      "S4": 0.0074382129257996275
    },
    "panel_mean_abs_drift": {
      "early": 0.050772670790000314,
      "mid": 0.06521009336540466,
      "late": 0.07420754159618315
    }
  },
  "drift_vs_reference_targetwise": {
    "reference": "outputs/v83_repaired_v80/submission_v83_gq015_gs010.csv",
    "mean_abs_drift": 0.06959105860015656,
    "max_abs_drift": 0.3473060006343781,
    "corr": 0.8491654460420627,
    "target_mean": {
      "Q1": 0.5019757710108149,
      "Q2": 0.5577610429797769,
      "Q3": 0.6030728937366889,
      "S1": 0.6926061317414691,
      "S2": 0.6587781985287001,
      "S3": 0.6743072986995421,
      "S4": 0.5592527565880283
    },
    "target_mean_shift": {
      "Q1": -0.00839242589114107,
      "Q2": -0.011557272076683212,
      "Q3": -0.008913867924509376,
      "S1": 0.009993744530369735,
      "S2": 0.014852949874700297,
      "S3": 0.01566647780258651,
      "S4": 0.006238834565341037
    },
    "panel_mean_abs_drift": {
      "early": 0.0567181190344357,
      "mid": 0.069477251182238,
      "late": 0.08212078871870183
    }
  },
  "ssl_loss_history": [
    0.996080903325762,
    0.6347971371241978,
    0.5664867785998753,
    0.5498502727917263,
    0.5310858723095485,
    0.5147215965815953,
    0.49039733988898143,
    0.48161863020488194,
    0.4611086136954171,
    0.44846542511667525,
    0.4320098568711962,
    0.4243358778953552,
    0.40928822653634206,
    0.40274598581450327,
    0.39434401988983153,
    0.3914560661997114,
    0.38956426058496746,
    0.3831743771689279,
    0.3853941743714469,
    0.3752916509764535,
    0.37094194889068605,
    0.36892690573419845,
    0.364641911813191,
    0.36722368938582284,
    0.367668228660311,
    0.35511910608836583,
    0.35247633985110693,
    0.352097281898771,
    0.3508303489003863,
    0.3480548288140978,
    0.34934019804000854,
    0.34439304317746844,
    0.3450105730124882,
    0.3407447748524802,
    0.3395650768280029,
    0.34260853801454816,
    0.33898455125944954,
    0.33616178802081514,
    0.335476165839604,
    0.33275269508361816,
    0.333224778345653,
    0.32898799794060846,
    0.328079434462956,
    0.3307563717024667,
    0.3295402984959739,
    0.3334667607716152,
    0.32902490343366353,
    0.3245033941950117,
    0.3288492965698242,
    0.3264655205181667,
    0.3252753290108272,
    0.3228636760371072,
    0.322421281678336,
    0.3216378927230835,
    0.32073802266802104,
    0.3195881121499198,
    0.3161525181361607,
    0.3154126419339861,
    0.310459942647389,
    0.31324235694749014
  ]
}