row,target_index,target,tail_move
135,2,Q3,0.02236182975359391
135,6,S4,-0.04593776053864729
207,2,Q3,0.03140261316867937
