{
  "view": "only_core",
  "device": "mps",
  "sequence": {
    "n_days": 700.0,
    "n_base_features": 44.0,
    "n_token_features": 95.0,
    "mean_missing_fraction": 0.20066152597402595
  },
  "n_features": 95,
  "epochs": 80,
  "final_ssl_loss": 0.25929358720779416,
  "best_global_source": "transformer_logreg_c0p3_w0p1",
  "best_global_avg_log_loss": 0.6265001479901544,
  "best_global_per_target": {
    "Q1": 0.671867133513994,
    "Q2": 0.6962273384462483,
    "Q3": 0.67443611194622,
    "S1": 0.5788917647511701,
    "S2": 0.5820817220553289,
    "S3": 0.5335538190350371,
    "S4": 0.6484431461830832
  },
  "targetwise_avg_log_loss": 0.6233599832467682,
  "targetwise_per_target": {
    "Q1": 0.6716639906167873,
    "Q2": 0.6834196412528625,
    "Q3": 0.6726971966012162,
    "S1": 0.5757019130502258,
    "S2": 0.5798564530783497,
    "S3": 0.5330309613778893,
    "S4": 0.647149726750047
  },
  "targetwise_sources": {
    "Q1": "transformer_logreg_c0p1_w0p1",
    "Q2": "transformer_logreg_c0p3_w0p35",
    "Q3": "transformer_logreg_c0p3_w0p2",
    "S1": "subject_prior_a8",
    "S2": "subject_prior_a8",
    "S3": "subject_prior_a4",
    "S4": "transformer_ridge_resid_a5_w0p05"
  },
  "targetwise_source_losses": {
    "Q1": 0.6716639906167873,
    "Q2": 0.6834196412528625,
    "Q3": 0.6726971966012162,
    "S1": 0.5757019130502258,
    "S2": 0.5798564530783497,
    "S3": 0.5330309613778893,
    "S4": 0.647149726750047
  },
  "drift_vs_reference_best_global": {
    "reference": "outputs/v83_repaired_v80/submission_v83_gq015_gs010.csv",
    "mean_abs_drift": 0.06695094878351139,
    "max_abs_drift": 0.32351646579253257,
    "corr": 0.8820793614397268,
    "target_mean": {
      "Q1": 0.49736421833678207,
      "Q2": 0.5566657476874248,
      "Q3": 0.6007185931632214,
      "S1": 0.6881649175512794,
      "S2": 0.6502574004756163,
      "S3": 0.6618307276398823,
      "S4": 0.560970018574385
    },
    "target_mean_shift": {
      "Q1": -0.0130039785651739,
      "Q2": -0.012652567369035313,
      "Q3": -0.011268168497976894,
      "S1": 0.005552530340180028,
      "S2": 0.006332151821616426,
      "S3": 0.003189906742926681,
      "S4": 0.007956096551697541
    },
    "panel_mean_abs_drift": {
      "early": 0.056256505100983,
      "mid": 0.06933238362179639,
      "late": 0.07494254043515461
    }
  },
  "drift_vs_reference_targetwise": {
    "reference": "outputs/v83_repaired_v80/submission_v83_gq015_gs010.csv",
    "mean_abs_drift": 0.06630806504064242,
    "max_abs_drift": 0.42874307132119105,
    "corr": 0.8644484551433782,
    "target_mean": {
      "Q1": 0.49755577036219684,
      "Q2": 0.5518648297898835,
      "Q3": 0.5976939306888314,
      "S1": 0.6923877866215694,
      "S2": 0.6582781981365899,
      "S3": 0.6743072986995421,
      "S4": 0.5595647428836198
    },
    "target_mean_shift": {
      "Q1": -0.012812426539759158,
      "Q2": -0.017453485266576654,
      "Q3": -0.014292830972366869,
      "S1": 0.009775399410469864,
      "S2": 0.014352949482590006,
      "S3": 0.01566647780258651,
      "S4": 0.006550820860932511
    },
    "panel_mean_abs_drift": {
      "early": 0.053662047029347786,
      "mid": 0.06774692606589759,
      "late": 0.07710274753275985
    }
  },
  "ssl_loss_history": [
    1.1213569511686052,
    0.8628193698610578,
    0.6524566439219883,
    0.5475078579357692,
    0.5250971855436053,
    0.49111309562410627,
    0.47181203160967145,
    0.46100344708987645,
    0.4443979615824563,
    0.4245235574245453,
    0.4182979467936925,
    0.4045398741109031,
    0.40431619695254734,
    0.3830030979428973,
    0.37135593601635525,
    0.36791660581316266,
    0.3563630562169211,
    0.3488056457042694,
    0.3531999402386802,
    0.34722361786024913,
    0.3393350214617593,
    0.3398147881031036,
    0.33340439677238465,
    0.33647239106042043,
    0.3180361078466688,
    0.3159715265887124,
    0.31420783349445885,
    0.3114938335759299,
    0.30168630940573554,
    0.3054295498984201,
    0.30158067567007885,
    0.30453886457851953,
    0.2986571288108826,
    0.30366273845945085,
    0.29475522688456945,
    0.29310961655208045,
    0.2910883549281529,
    0.2947947243281773,
    0.2980037210668836,
    0.29258444581712995,
    0.29263279455048696,
    0.2871944889000484,
    0.29122508883476256,
    0.28118946484157015,
    0.2820819432394845,
    0.28613683649471827,
    0.2849147433894021,
    0.2860895872116089,
    0.2933914487702506,
    0.27801521369389126,
    0.28505082300731116,
    0.2798891999040331,
    0.2825862319128854,
    0.27801091023853847,
    0.27783052699906485,
    0.28281521456582204,
    0.27433510405676703,
    0.27572166528020586,
    0.28009059599467684,
    0.27950570378984724,
    0.2753101251806532,
    0.2786484570162637,
    0.27738424267087664,
    0.27097821371895925,
    0.2744654028756278,
    0.2739626496178763,
    0.2737409569535937,
    0.26961552739143374,
    0.275080486536026,
    0.2708082810470036,
    0.26973160079547337,
    0.27295933195522853,
    0.26635287165641786,
    0.2662499133178166,
    0.2642487529345921,
    0.2699249499184745,
    0.26296675954546245,
    0.26211227536201476,
    0.2652043260846819,
    0.25929358720779416
  ]
}