target,selected_cells,gain_sum,mean_gain,positive_gain_rate,raw_action_count,inverse_action_count,positive_subjects,negative_subjects
Q1,16,-0.9811227872641028,-0.06132017420400643,0.5625,5.0,11.0,3,6
Q2,16,-0.0320743910322675,-0.002004649439516719,0.4375,1.0,15.0,5,5
Q3,31,-0.32881723301462973,-0.01060700751660096,0.41935483870967744,11.0,20.0,4,6
S1,21,-0.03608416602824158,-0.001718293620392456,0.38095238095238093,12.0,9.0,5,3
S2,19,2.657035520160485,0.13984397474528867,0.6842105263157895,6.0,13.0,8,2
S3,13,-1.0112572737673826,-0.07778902105902943,0.23076923076923078,8.0,5.0,2,6
S4,95,0.31095747147987324,0.0032732365418934027,0.5368421052631579,54.0,41.0,7,3
