{
  "view": "no_sleep",
  "device": "mps",
  "sequence": {
    "n_days": 700.0,
    "n_base_features": 46.0,
    "n_token_features": 191.0,
    "mean_missing_fraction": 0.1896667960662526,
    "add_deviation_features": 1.0
  },
  "n_features": 191,
  "epochs": 60,
  "final_ssl_loss": 0.32376710074288506,
  "best_global_source": "transformer_logreg_c0p1_w0p1",
  "best_global_avg_log_loss": 0.626482925121285,
  "best_global_per_target": {
    "Q1": 0.6737431829669097,
    "Q2": 0.6937142022413427,
    "Q3": 0.6783758448067132,
    "S1": 0.577014714091967,
    "S2": 0.5801344502854181,
    "S3": 0.53240454582592,
    "S4": 0.6499935356307247
  },
  "targetwise_avg_log_loss": 0.6220580941652997,
  "targetwise_per_target": {
    "Q1": 0.6721770581393399,
    "Q2": 0.6742711923146693,
    "Q3": 0.6738228049000621,
    "S1": 0.575571491762636,
    "S2": 0.5795523539554195,
    "S3": 0.5317397758100536,
    "S4": 0.6472719822749171
  },
  "targetwise_sources": {
    "Q1": "subject_prior_a16",
    "Q2": "transformer_logreg_c0p3_w0p35",
    "Q3": "subject_prior_a16",
    "S1": "transformer_ridge_resid_a20_w0p05",
    "S2": "transformer_logreg_c0p03_w0p05",
    "S3": "transformer_logreg_c0p3_w0p2",
    "S4": "subject_prior_a8"
  },
  "targetwise_source_losses": {
    "Q1": 0.6721770581393399,
    "Q2": 0.6742711923146693,
    "Q3": 0.6738228049000621,
    "S1": 0.575571491762636,
    "S2": 0.5795523539554195,
    "S3": 0.5317397758100536,
    "S4": 0.6472719822749171
  },
  "drift_vs_reference_best_global": {
    "reference": "outputs/v83_repaired_v80/submission_v83_gq015_gs010.csv",
    "mean_abs_drift": 0.06976335150732721,
    "max_abs_drift": 0.30748507578754514,
    "corr": 0.8750314375516426,
    "target_mean": {
      "Q1": 0.5033881371940443,
      "Q2": 0.5512480975088392,
      "Q3": 0.6017198248430284,
      "S1": 0.6872095900654693,
      "S2": 0.644979848046702,
      "S3": 0.6522307443929849,
      "S4": 0.559056598968986
    },
    "target_mean_shift": {
      "Q1": -0.006980059707911682,
      "Q2": -0.018070217547621007,
      "Q3": -0.010266936818169996,
      "S1": 0.004597202854369939,
      "S2": 0.0010545993927020252,
      "S3": -0.006410076503970824,
      "S4": 0.006042676946298638
    },
    "panel_mean_abs_drift": {
      "early": 0.05865331848223846,
      "mid": 0.07182047338736566,
      "late": 0.07847254670749296
    }
  },
  "drift_vs_reference_targetwise": {
    "reference": "outputs/v83_repaired_v80/submission_v83_gq015_gs010.csv",
    "mean_abs_drift": 0.07723375554416845,
    "max_abs_drift": 0.36229684097599435,
    "corr": 0.8282452083703025,
    "target_mean": {
      "Q1": 0.49965650813885837,
      "Q2": 0.5301775905403947,
      "Q3": 0.6030728937366889,
      "S1": 0.6920881314310472,
      "S2": 0.6527566024447841,
      "S3": 0.6285233722469236,
      "S4": 0.5592527565880283
    },
    "target_mean_shift": {
      "Q1": -0.01071168876309774,
      "Q2": -0.03914072451606546,
      "Q3": -0.008913867924509376,
      "S1": 0.009475744219947761,
      "S2": 0.008831353790784067,
      "S3": -0.030117448650032047,
      "S4": 0.006238834565341037
    },
    "panel_mean_abs_drift": {
      "early": 0.06869115329427267,
      "mid": 0.07928596054642446,
      "late": 0.08347093635951201
    }
  },
  "ssl_loss_history": [
    0.8098835028920854,
    0.5775022333008902,
    0.5271174120903015,
    0.5142695495060512,
    0.4994356439794813,
    0.4909785774775914,
    0.47770030839102606,
    0.4667710842405047,
    0.45721476316452025,
    0.4472550228663853,
    0.4393323838710785,
    0.42896818808146886,
    0.4192316661562238,
    0.4139473446777889,
    0.41356752293450494,
    0.4055396636894771,
    0.39836299896240235,
    0.39424512113843646,
    0.38863580771854944,
    0.3862723866530827,
    0.38332463809422085,
    0.38007104533059255,
    0.38117972544261386,
    0.3759086949484689,
    0.3725453574316842,
    0.3711128383023398,
    0.36903019428253175,
    0.36472751702581135,
    0.36106899091175626,
    0.36418984855924336,
    0.3618849119118282,
    0.36166786772864207,
    0.3596920018536704,
    0.35859129326684136,
    0.358212240764073,
    0.3558901643753052,
    0.3550189256668091,
    0.35100553137915474,
    0.34973814930234637,
    0.346729554108211,
    0.34858435784067426,
    0.34894028101648605,
    0.34505429523331776,
    0.34113546439579556,
    0.33661273751940046,
    0.34047157713345116,
    0.33635555403573175,
    0.33911585569381714,
    0.3362013363838196,
    0.3348749232292175,
    0.3405422672203609,
    0.3346637209824153,
    0.3343282503741128,
    0.3294562234197344,
    0.3338020173140935,
    0.3292963312353407,
    0.328330979347229,
    0.3301577636173793,
    0.3256085343020303,
    0.32376710074288506
  ]
}