{
  "latent_specs": {
    "best": "artifacts/domain_best_late_fusion_v1.parquet",
    "scp_consensus_purity": "artifacts/domain_sleep_consensus_purity_consensus_purity_v1.parquet",
    "scp_micro_awakenings": "artifacts/domain_sleep_consensus_purity_micro_awakenings_v1.parquet",
    "scp_missingness_semantics": "artifacts/domain_sleep_consensus_purity_missingness_semantics_v1.parquet",
    "scp_final_sleep_quality": "artifacts/domain_sleep_consensus_purity_final_sleep_quality_v1.parquet",
    "scp_prebed_conflict": "artifacts/domain_sleep_consensus_purity_prebed_conflict_v1.parquet",
    "scp_sleep_metric_interaction": "artifacts/domain_sleep_consensus_purity_sleep_metric_interaction_v1.parquet",
    "scp_subject_relative_only": "artifacts/domain_sleep_consensus_purity_subject_relative_only_v1.parquet",
    "scp_rolling_context_only": "artifacts/domain_sleep_consensus_purity_rolling_context_only_v1.parquet",
    "scp_base_values_only": "artifacts/domain_sleep_consensus_purity_base_values_only_v1.parquet"
  },
  "n_folds": 5,
  "prior_alpha": 8.0,
  "c_values": [
    0.03,
    0.1,
    0.3
  ],
  "blends": [
    0.05,
    0.1,
    0.2
  ],
  "subject_prior_avg_log_loss": 0.6276539587598199,
  "subject_prior_per_target": {
    "Q1": 0.6731794431644589,
    "Q2": 0.7050100434092992,
    "Q3": 0.6777702303470193,
    "S1": 0.5757019130502258,
    "S2": 0.5798564530783497,
    "S3": 0.5347876459944689,
    "S4": 0.6472719822749171
  },
  "best_source": "best__absolute_plus_deviation__c0.3_b0.2",
  "best_avg_log_loss": 0.6229613176952576,
  "best_delta_vs_subject_prior": -0.004692641064562242,
  "top_scores": [
    {
      "source": "best__absolute_plus_deviation__c0.3_b0.2",
      "avg_log_loss": 0.6229613176952576,
      "Q1": 0.6689861051722832,
      "Q2": 0.7020978592408005,
      "Q3": 0.6741574430886071,
      "S1": 0.5709585946396454,
      "S2": 0.5775006583045229,
      "S3": 0.5239268911855993,
      "S4": 0.6431016722353451
    },
    {
      "source": "scp_micro_awakenings__deviation__c0.1_b0.2",
      "avg_log_loss": 0.6231772096030823,
      "Q1": 0.6658506461088378,
      "Q2": 0.6972865193972466,
      "Q3": 0.6830895961938472,
      "S1": 0.5720253633703691,
      "S2": 0.5662119747687497,
      "S3": 0.5385230984226406,
      "S4": 0.639253268959885
    },
    {
      "source": "scp_micro_awakenings__deviation__c0.03_b0.2",
      "avg_log_loss": 0.6232518606703022,
      "Q1": 0.6664349991897441,
      "Q2": 0.6967408476793181,
      "Q3": 0.682786015423089,
      "S1": 0.5703211033831637,
      "S2": 0.5664054503408138,
      "S3": 0.5399779270988997,
      "S4": 0.6400966815770875
    },
    {
      "source": "scp_consensus_purity__absolute_plus_deviation__c0.03_b0.2",
      "avg_log_loss": 0.6232582972058863,
      "Q1": 0.665771875953023,
      "Q2": 0.696688752707067,
      "Q3": 0.6728969581028661,
      "S1": 0.5722523682572316,
      "S2": 0.5701928996079493,
      "S3": 0.5364918714243917,
      "S4": 0.6485133543886759
    },
    {
      "source": "scp_consensus_purity__absolute__c0.03_b0.2",
      "avg_log_loss": 0.6232830225229441,
      "Q1": 0.6647858989273903,
      "Q2": 0.6949515591835344,
      "Q3": 0.6705871044861104,
      "S1": 0.5733519721082634,
      "S2": 0.5722079770055079,
      "S3": 0.5407945479185527,
      "S4": 0.6463020980312498
    },
    {
      "source": "scp_consensus_purity__absolute__c0.1_b0.2",
      "avg_log_loss": 0.623338936122596,
      "Q1": 0.6657952026194817,
      "Q2": 0.6956129016777511,
      "Q3": 0.6711251477368262,
      "S1": 0.5740802655642329,
      "S2": 0.5702942508414791,
      "S3": 0.5387821841254037,
      "S4": 0.6476826002929978
    },
    {
      "source": "scp_rolling_context_only__deviation__c0.03_b0.2",
      "avg_log_loss": 0.6234510016121171,
      "Q1": 0.6689605070022219,
      "Q2": 0.6907351583638821,
      "Q3": 0.6751820246420888,
      "S1": 0.5742796560086425,
      "S2": 0.5736043586696605,
      "S3": 0.5393083764530162,
      "S4": 0.6420869301453076
    },
    {
      "source": "scp_consensus_purity__deviation__c0.03_b0.2",
      "avg_log_loss": 0.6234689757279009,
      "Q1": 0.6633845092612898,
      "Q2": 0.6959581639679476,
      "Q3": 0.6713834623789775,
      "S1": 0.5722403835683101,
      "S2": 0.5715325861579718,
      "S3": 0.5395989029196813,
      "S4": 0.6501848218411282
    },
    {
      "source": "scp_consensus_purity__deviation__c0.1_b0.2",
      "avg_log_loss": 0.6235447083278931,
      "Q1": 0.6654423383968022,
      "Q2": 0.6956497483576423,
      "Q3": 0.6722890537958948,
      "S1": 0.5735375947631673,
      "S2": 0.569241042491629,
      "S3": 0.5372564720295334,
      "S4": 0.651396708460583
    },
    {
      "source": "scp_rolling_context_only__deviation__c0.1_b0.2",
      "avg_log_loss": 0.6236100588870881,
      "Q1": 0.6686573948803957,
      "Q2": 0.691198154214757,
      "Q3": 0.6765060150766798,
      "S1": 0.5749939009404788,
      "S2": 0.5747341446864713,
      "S3": 0.53652313983499,
      "S4": 0.6426576625758431
    },
    {
      "source": "scp_micro_awakenings__deviation__c0.3_b0.2",
      "avg_log_loss": 0.6236597822956187,
      "Q1": 0.6642805554690502,
      "Q2": 0.6989992781670212,
      "Q3": 0.6833675964759772,
      "S1": 0.5736844016475848,
      "S2": 0.5677865744195112,
      "S3": 0.5378243692446242,
      "S4": 0.6396757006455621
    },
    {
      "source": "scp_micro_awakenings__absolute_plus_deviation__c0.03_b0.2",
      "avg_log_loss": 0.6236788166457244,
      "Q1": 0.6667439061017644,
      "Q2": 0.6980954121501826,
      "Q3": 0.6846654825230917,
      "S1": 0.5712427641628529,
      "S2": 0.5678684921640462,
      "S3": 0.5396933204071082,
      "S4": 0.6374423390110256
    },
    {
      "source": "scp_micro_awakenings__deviation__c0.3_b0.1",
      "avg_log_loss": 0.623784454828228,
      "Q1": 0.6667579376940679,
      "Q2": 0.6997914346184849,
      "Q3": 0.6788242583503128,
      "S1": 0.5729560889185203,
      "S2": 0.5719259601642399,
      "S3": 0.5346611927579271,
      "S4": 0.6415743112940431
    },
    {
      "source": "best__absolute_plus_deviation__c0.1_b0.2",
      "avg_log_loss": 0.6237927803338889,
      "Q1": 0.6700346459207199,
      "Q2": 0.7010001209828194,
      "Q3": 0.6736543305290845,
      "S1": 0.570926638022677,
      "S2": 0.5773858608726387,
      "S3": 0.530509557959145,
      "S4": 0.6430383080501377
    },
    {
      "source": "scp_micro_awakenings__absolute__c0.03_b0.2",
      "avg_log_loss": 0.6238235396716958,
      "Q1": 0.6655326107739286,
      "Q2": 0.6969860262471249,
      "Q3": 0.6838491730464089,
      "S1": 0.5705530850807216,
      "S2": 0.5693157905435139,
      "S3": 0.5427969208386553,
      "S4": 0.637731171171518
    },
    {
      "source": "scp_rolling_context_only__absolute_plus_deviation__c0.03_b0.2",
      "avg_log_loss": 0.6238938700473816,
      "Q1": 0.6688255196075971,
      "Q2": 0.6910511870896127,
      "Q3": 0.677305185094993,
      "S1": 0.5747360210376584,
      "S2": 0.5748781243300507,
      "S3": 0.5376493566013145,
      "S4": 0.6428116965704449
    },
    {
      "source": "scp_subject_relative_only__absolute__c0.03_b0.2",
      "avg_log_loss": 0.6239455983784085,
      "Q1": 0.6667814949404444,
      "Q2": 0.7034895455791615,
      "Q3": 0.6851912192505976,
      "S1": 0.5729599651819478,
      "S2": 0.5669340764231019,
      "S3": 0.5389814252471532,
      "S4": 0.6332814620264531
    },
    {
      "source": "best__deviation__c0.3_b0.2",
      "avg_log_loss": 0.6240101458125175,
      "Q1": 0.6684858700909789,
      "Q2": 0.7005359830135,
      "Q3": 0.6709453564867801,
      "S1": 0.5722806991144583,
      "S2": 0.5788038606570198,
      "S3": 0.5319263483329497,
      "S4": 0.6450929029919353
    },
    {
      "source": "scp_micro_awakenings__deviation__c0.1_b0.1",
      "avg_log_loss": 0.6240348877960341,
      "Q1": 0.6680580935085066,
      "Q2": 0.6995102216991566,
      "Q3": 0.6792741952473812,