target,selected_loss,base_loss,delta_vs_base,most_common_family
Q1,0.6691817177735858,0.6691817177735858,0.0,best_late_fusion
Q2,0.6957550363760394,0.7016929759704349,-0.005937939594395414,trajectory
Q3,0.6680348002758411,0.6738888587098408,-0.00585405843399982,trajectory
S1,0.5708954587854569,0.5708954587854569,0.0,best_late_fusion
S2,0.5783156553303062,0.5783156553303062,0.0,best_late_fusion
S3,0.5251202551583003,0.5251202551583003,0.0,best_late_fusion
S4,0.6432464279775342,0.6432464279775342,0.0,best_late_fusion
