{
  "base_avg_log_loss": 0.6024848004719721,
  "base_targets": {
    "Q1": 0.6387339722449896,
    "Q2": 0.6804972104377597,
    "Q3": 0.6544847320640693,
    "S1": 0.5608047323234786,
    "S2": 0.5504724854372729,
    "S3": 0.5268483567128323,
    "S4": 0.6055521140834023
  },
  "selected": {
    "name": "qcal_w0.15_beta1_alpha1_half",
    "avg_log_loss": 0.6018284445128731,
    "delta_vs_base": 0.0006563559590989643,
    "folds_improved_vs_base": 4,
    "worst_target_delta_vs_base": -0.002290948383216862,
    "promote": false,
    "weight": 0.15,
    "beta": 1.0,
    "alpha": 1.0,
    "mode": "half",
    "Q1": 0.6410249206282065,
    "Q2": 0.6762295410678963,
    "Q3": 0.6518669613370233,
    "S1": 0.5608047323234786,
    "S2": 0.5504724854372729,
    "S3": 0.5268483567128323,
    "S4": 0.6055521140834023,
    "improvement": 0.0006563559590988998,
    "improvement_p025": -0.0008227719317181461,
    "improvement_p500": 0.0006267311340563588,
    "improvement_p975": 0.0019808396822301147
  },
  "top_candidates": [
    {
      "name": "qcal_w0.15_beta1_alpha1_half",
      "avg_log_loss": 0.6018284445128731,
      "delta_vs_base": 0.0006563559590989643,
      "folds_improved_vs_base": 4,
      "worst_target_delta_vs_base": -0.002290948383216862,
      "promote": false,
      "weight": 0.15,
      "beta": 1.0,
      "alpha": 1.0,
      "mode": "half",
      "Q1": 0.6410249206282065,
      "Q2": 0.6762295410678963,
      "Q3": 0.6518669613370233,
      "S1": 0.5608047323234786,
      "S2": 0.5504724854372729,
      "S3": 0.5268483567128323,
      "S4": 0.6055521140834023,
      "improvement": 0.0006563559590988998,
      "improvement_p025": -0.0008227719317181461,
      "improvement_p500": 0.0006267311340563588,
      "improvement_p975": 0.0019808396822301147
    },
    {
      "name": "qcal_w0.15_beta1_alpha10_half",
      "avg_log_loss": 0.6018284445128731,
      "delta_vs_base": 0.0006563559590989643,
      "folds_improved_vs_base": 4,
      "worst_target_delta_vs_base": -0.002290948383216862,
      "promote": false,
      "weight": 0.15,
      "beta": 1.0,
      "alpha": 10.0,
      "mode": "half",
      "Q1": 0.6410249206282065,
      "Q2": 0.6762295410678963,
      "Q3": 0.6518669613370233,
      "S1": 0.5608047323234786,
      "S2": 0.5504724854372729,
      "S3": 0.5268483567128323,
      "S4": 0.6055521140834023,
      "improvement": 0.0006563559590988998,
      "improvement_p025": -0.0008227719317181461,
      "improvement_p500": 0.0006267311340563588,
      "improvement_p975": 0.0019808396822301147
    },
    {
      "name": "qcal_w0.15_beta1_alpha50_half",
      "avg_log_loss": 0.6018284445128731,
      "delta_vs_base": 0.0006563559590989643,
      "folds_improved_vs_base": 4,
      "worst_target_delta_vs_base": -0.002290948383216862,
      "promote": false,
      "weight": 0.15,
      "beta": 1.0,
      "alpha": 50.0,
      "mode": "half",
      "Q1": 0.6410249206282065,
      "Q2": 0.6762295410678963,
      "Q3": 0.6518669613370233,
      "S1": 0.5608047323234786,
      "S2": 0.5504724854372729,
      "S3": 0.5268483567128323,
      "S4": 0.6055521140834023,
      "improvement": 0.0006563559590988998,
      "improvement_p025": -0.0008227719317181461,
      "improvement_p500": 0.0006267311340563588,
      "improvement_p975": 0.0019808396822301147
    },
    {
      "name": "qcal_w0.15_beta0.75_alpha1_half",
      "avg_log_loss": 0.601869220825556,
      "delta_vs_base": 0.000615579646416009,
      "folds_improved_vs_base": 4,
      "worst_target_delta_vs_base": -0.0019291943146985124,
      "promote": false,
      "weight": 0.15,
      "beta": 0.75,
      "alpha": 1.0,
      "mode": "half",
      "Q1": 0.6406631665596881,
      "Q2": 0.676624025362661,
      "Q3": 0.6521196652995578,
      "S1": 0.5608047323234786,
      "S2": 0.5504724854372729,
      "S3": 0.5268483567128323,
      "S4": 0.6055521140834023,
      "improvement": 0.0006155796464159368,
      "improvement_p025": -0.0006634885976419967,
      "improvement_p500": 0.0006091242277949597,
      "improvement_p975": 0.001765283107527562
    },
    {
      "name": "qcal_w0.15_beta0.75_alpha10_half",
      "avg_log_loss": 0.601869220825556,
      "delta_vs_base": 0.000615579646416009,
      "folds_improved_vs_base": 4,
      "worst_target_delta_vs_base": -0.0019291943146985124,
      "promote": false,
      "weight": 0.15,
      "beta": 0.75,
      "alpha": 10.0,
      "mode": "half",
      "Q1": 0.6406631665596881,
      "Q2": 0.676624025362661,
      "Q3": 0.6521196652995578,
      "S1": 0.5608047323234786,
      "S2": 0.5504724854372729,
      "S3": 0.5268483567128323,
      "S4": 0.6055521140834023,
      "improvement": 0.0006155796464159368,
      "improvement_p025": -0.0006634885976419967,
      "improvement_p500": 0.0006091242277949597,
      "improvement_p975": 0.001765283107527562
    },
    {
      "name": "qcal_w0.15_beta0.75_alpha50_half",
      "avg_log_loss": 0.601869220825556,
      "delta_vs_base": 0.000615579646416009,
      "folds_improved_vs_base": 4,
      "worst_target_delta_vs_base": -0.0019291943146985124,
      "promote": false,
      "weight": 0.15,
      "beta": 0.75,
      "alpha": 50.0,
      "mode": "half",
      "Q1": 0.6406631665596881,
      "Q2": 0.676624025362661,
      "Q3": 0.6521196652995578,
      "S1": 0.5608047323234786,
      "S2": 0.5504724854372729,
      "S3": 0.5268483567128323,
      "S4": 0.6055521140834023,
      "improvement": 0.0006155796464159368,
      "improvement_p025": -0.0006634885976419967,
      "improvement_p500": 0.0006091242277949597,
      "improvement_p975": 0.001765283107527562
    },
    {
      "name": "qcal_w0.1_beta1.5_alpha1_half",
      "avg_log_loss": 0.6018708943514826,
      "delta_vs_base": 0.0006139061204895047,
      "folds_improved_vs_base": 4,
      "worst_target_delta_vs_base": -0.001602718884347487,
      "promote": false,
      "weight": 0.1,
      "beta": 1.5,
      "alpha": 1.0,
      "mode": "half",
      "Q1": 0.6403366911293371,
      "Q2": 0.6768512454214739,
      "Q3": 0.6522306353525811,
      "S1": 0.5608047323234786,
      "S2": 0.5504724854372729,
      "S3": 0.5268483567128323,
      "S4": 0.6055521140834023,
      "improvement": 0.0006139061204895031,
      "improvement_p025": -0.0005860050693678627,
      "improvement_p500": 0.0005868717309146202,
      "improvement_p975": 0.0017509773500165905
    },
    {
      "name": "qcal_w0.1_beta1.5_alpha10_half",
      "avg_log_loss": 0.6018708943514826,
      "delta_vs_base": 0.0006139061204895047,
      "folds_improved_vs_base": 4,
      "worst_target_delta_vs_base": -0.001602718884347487,
      "promote": false,
      "weight": 0.1,
      "beta": 1.5,
      "alpha": 10.0,
      "mode": "half",
      "Q1": 0.6403366911293371,
      "Q2": 0.6768512454214739,
      "Q3": 0.6522306353525811,
      "S1": 0.5608047323234786,
      "S2": 0.5504724854372729,
      "S3": 0.5268483567128323,
      "S4": 0.6055521140834023,
      "improvement": 0.0006139061204895031,
      "improvement_p025": -0.0005860050693678627,
      "improvement_p500": 0.0005868717309146202,
      "improvement_p975": 0.0017509773500165905
    },
    {
      "name": "qcal_w0.1_beta1.5_alpha50_half",
      "avg_log_loss": 0.6018708943514826,
      "delta_vs_base": 0.0006139061204895047,
      "folds_improved_vs_base": 4,
      "worst_target_delta_vs_base": -0.001602718884347487,
      "promote": false,
      "weight": 0.1,
      "beta": 1.5,
      "alpha": 50.0,
      "mode": "half",
      "Q1": 0.6403366911293371,
      "Q2": 0.6768512454214739,
      "Q3": 0.6522306353525811,
      "S1": 0.5608047323234786,
      "S2": 0.5504724854372729,
      "S3": 0.5268483567128323,
      "S4": 0.6055521140834023,
      "improvement": 0.0006139061204895031,
      "improvement_p025": -0.0005860050693678627,
      "improvement_p500": 0.0005868717309146202,
      "improvement_p975": 0.0017509773500165905
    },
    {
      "name": "qcal_w0.15_beta1_alpha50_half_subject_50",