{
  "baseline": "q3w100",
  "promotion_rule": {
    "overall_p025": "> 0",
    "late_delta": ">= -0.0015",
    "tail20_delta": ">= -0.0025",
    "worst_subject_delta": ">= -0.006",
    "worst_late_target_delta": ">= -0.01"
  },
  "summary": [
    {
      "name": "v34a",
      "avg_log_loss": 0.5709126820221233,
      "overall_p025": 0.002584472205802282,
      "overall_improvement": 0.004769051368865842,
      "early_delta": 6.153069722092397e-05,
      "mid_delta": 0.007145014075800704,
      "late_delta": 0.007147795470832663,
      "tail20_delta": 0.006627595600176339,
      "late_p025": 0.0025757700643886084,
      "tail20_p025": 0.001281588526198754,
      "worst_subject_delta": 0.0002645330993422679,
      "worst_late_target_delta": 0.0024208688201442508,
      "promote": true
    },
    {
      "name": "v33a",
      "avg_log_loss": 0.5710185265493024,
      "overall_p025": 0.0024846844802035336,
      "overall_improvement": 0.0046632068416867355,
      "early_delta": 6.153069722092397e-05,
      "mid_delta": 0.0071648805595823095,
      "late_delta": 0.006815226981710998,
      "tail20_delta": 0.006486964397423467,
      "late_p025": 0.002287080821803574,
      "tail20_p025": 0.0012500492648768327,
      "worst_subject_delta": -0.0003533814428251514,
      "worst_late_target_delta": 0.0024208688201442508,
      "promote": true
    },
    {
      "name": "q3w100",
      "avg_log_loss": 0.575681733390989,
      "overall_p025": 0.0,
      "overall_improvement": 0.0,
      "early_delta": 0.0,
      "mid_delta": 0.0,
      "late_delta": 0.0,
      "tail20_delta": 0.0,
      "late_p025": 0.0,
      "tail20_p025": 0.0,
      "worst_subject_delta": 0.0,
      "worst_late_target_delta": 0.0,
      "promote": false
    }
  ]
}