{
  "view": "no_sleep",
  "device": "mps",
  "sequence": {
    "n_days": 700.0,
    "n_base_features": 29.0,
    "n_token_features": 65.0,
    "mean_missing_fraction": 0.0837848932676519
  },
  "n_features": 65,
  "epochs": 80,
  "final_ssl_loss": 0.25754659516470774,
  "best_global_source": "transformer_logreg_c0p3_w0p2",
  "best_global_avg_log_loss": 0.6251435748602289,
  "best_global_per_target": {
    "Q1": 0.6702389522440753,
    "Q2": 0.6813184970111379,
    "Q3": 0.6734123715631218,
    "S1": 0.5783007113976715,
    "S2": 0.586890042260691,
    "S3": 0.5344895023063844,
    "S4": 0.65135494723852
  },
  "targetwise_avg_log_loss": 0.6208586219997813,
  "targetwise_per_target": {
    "Q1": 0.6695113023251487,
    "Q2": 0.6696028925518992,
    "Q3": 0.6734123715631218,
    "S1": 0.5751580387005275,
    "S2": 0.5798564530783497,
    "S3": 0.5318477408808906,
    "S4": 0.6466215548985311
  },
  "targetwise_sources": {
    "Q1": "transformer_logreg_c0p03_w0p2",
    "Q2": "transformer_logreg_c0p3_w0p35",
    "Q3": "transformer_logreg_c0p3_w0p2",
    "S1": "transformer_logreg_c0p03_w0p1",
    "S2": "subject_prior_a8",
    "S3": "transformer_ridge_resid_a20_w0p2",
    "S4": "transformer_ridge_resid_a5_w0p1"
  },
  "targetwise_source_losses": {
    "Q1": 0.6695113023251487,
    "Q2": 0.6696028925518992,
    "Q3": 0.6734123715631218,
    "S1": 0.5751580387005275,
    "S2": 0.5798564530783497,
    "S3": 0.5318477408808906,
    "S4": 0.6466215548985311
  },
  "drift_vs_reference_best_global": {
    "reference": "outputs/v83_repaired_v80/submission_v83_gq015_gs010.csv",
    "mean_abs_drift": 0.07810277425307169,
    "max_abs_drift": 0.3721047742827288,
    "corr": 0.8439176876802348,
    "target_mean": {
      "Q1": 0.49734200829100345,
      "Q2": 0.5582046611240262,
      "Q3": 0.5947821685020556,
      "S1": 0.6872302269767793,
      "S2": 0.6473092263100395,
      "S3": 0.6417239914958464,
      "S4": 0.5617839024937821
    },
    "target_mean_shift": {
      "Q1": -0.013026188610952559,
      "Q2": -0.011113653932434015,
      "Q3": -0.01720459315914271,
      "S1": 0.004617839765679839,
      "S2": 0.0033839776560396747,
      "S3": -0.016916829401109182,
      "S4": 0.008769980471094759
    },
    "panel_mean_abs_drift": {
      "early": 0.07142922559474746,
      "mid": 0.07857455303035447,
      "late": 0.08408010779975542
    }
  },
  "drift_vs_reference_targetwise": {
    "reference": "outputs/v83_repaired_v80/submission_v83_gq015_gs010.csv",
    "mean_abs_drift": 0.07057689002396247,
    "max_abs_drift": 0.44011398730897355,
    "corr": 0.8509760016986815,
    "target_mean": {
      "Q1": 0.49947254015428655,
      "Q2": 0.5579185708322147,
      "Q3": 0.5947821685020556,
      "S1": 0.6910265203146979,
      "S2": 0.6582781981365899,
      "S3": 0.6569720344535308,
      "S4": 0.5601294078457731
    },
    "target_mean_shift": {
      "Q1": -0.010895656747669473,
      "Q2": -0.011399744224245474,
      "Q3": -0.01720459315914271,
      "S1": 0.008414133103598537,
      "S2": 0.014352949482590006,
      "S3": -0.001668786443424933,
      "S4": 0.00711548582308574
    },
    "panel_mean_abs_drift": {
      "early": 0.05910724525507168,
      "mid": 0.07278669227961998,
      "late": 0.07948391689254453
    }
  },
  "ssl_loss_history": [
    1.2246007435662405,
    0.8432853473935809,
    0.5842539661271231,
    0.4996219778060913,
    0.4708215010166168,
    0.46107664959771294,
    0.4553734745298113,
    0.4447354362692152,
    0.43728218742779323,
    0.43147676144327435,
    0.41889828988483974,
    0.4200915431976318,
    0.4026087476525988,
    0.3834747656754085,
    0.3846496723379408,
    0.3687633081844875,
    0.37314787660326276,
    0.3608220553398132,
    0.3551311896528517,
    0.35624388541494095,
    0.35375947509493144,
    0.33538873876844133,
    0.3262912380695343,
    0.3326131999492645,
    0.3243074796880995,
    0.31632317304611207,
    0.3214872215475355,
    0.31357705422810145,
    0.3089887160914285,
    0.3102001913956233,
    0.3122006400993892,
    0.29849570052964347,
    0.3024814290659768,
    0.30699812838009427,
    0.29601487389632636,
    0.2943119999340602,
    0.2823785030841827,
    0.295344089780535,
    0.2986207478387015,
    0.2921761919770922,
    0.2958252198355539,
    0.2886858260631561,
    0.28027477605002266,
    0.28703815409115385,
    0.2814096113613674,
    0.2773648372718266,
    0.2839219418593815,
    0.28344154255730764,
    0.2737632438114711,
    0.27793588961873733,
    0.2767371940612793,
    0.27550128383295874,
    0.2804030232770102,
    0.2801900446414948,
    0.28405348317963736,
    0.27314928344317846,
    0.2774272688797542,
    0.27323000260761804,
    0.2741156688758305,
    0.26848855904170443,
    0.27401308366230553,
    0.27801401887621197,
    0.261977915593556,
    0.27131092378071375,
    0.2734857656274523,
    0.26603604325226377,
    0.26618210690362115,
    0.2679947636808668,
    0.2753988908018385,
    0.26773748210498266,
    0.26846323422023227,
    0.2634077672447477,
    0.25823241812842235,
    0.26692423718316216,
    0.2512232523305076,
    0.2639013181413923,
    0.26491916009357996,
    0.25667388779776434,
    0.26917724013328553,
    0.25754659516470774
  ]
}