{
  "base_avg_log_loss": 0.5844632314577459,
  "base_targets": {
    "Q1": 0.6383487136931539,
    "Q2": 0.6503050342800608,
    "Q3": 0.6254905558195907,
    "S1": 0.5551679095830784,
    "S2": 0.5292196070733155,
    "S3": 0.49841585304667624,
    "S4": 0.5942949467083457
  },
  "best": {
    "name": "master_resid_min3_w0.25",
    "weight": 0.25,
    "avg_log_loss": 0.5838907131632977,
    "delta_vs_base": 0.0005725182944482654,
    "fold_std": 0.011322635858037809,
    "worst_fold": 0.6062310755947377,
    "improved_folds": 5,
    "worst_target_delta": 0.0,
    "promote": true,
    "Q1": 0.637510632028532,
    "Q2": 0.6503050342800608,
    "Q3": 0.6232746924681846,
    "S1": 0.5543971023749859,
    "S2": 0.5292196070733155,
    "S3": 0.49841585304667624,
    "S4": 0.5941120708713283,
    "improvement": 0.0005725182944482896,
    "improvement_p025": 0.00010674856315003725,
    "improvement_p500": 0.0005731743601533246,
    "improvement_p975": 0.0010549950727555687
  },
  "args": {
    "train_path": "data/ch2026_metrics_train.csv",
    "sample_path": "data/ch2026_submission_sample.csv",
    "base_oof": "outputs/blend_graph_sleep_temporal_label_min3/oof_candidate_probability_blend.csv",
    "base_submission": "outputs/blend_graph_sleep_temporal_label_min3/submission_candidate_probability_blend.csv",
    "candidate_oof": "outputs/master_residual_on_temporal_label_min3/oof_master_residual_decoder.csv",
    "candidate_submission": "outputs/master_residual_on_temporal_label_min3/submission_master_residual_decoder.csv",
    "output_dir": "outputs/blend_temporal_label_master_residual_min3_w025",
    "name": "master_resid_min3",
    "weights": "0.25",
    "folds": 5,
    "bootstrap": 10000,
    "seed": 2026,
    "max_target_regression": 0.001
  }
}