target,raw_weight,neural_weight,episode_weight,target_loss
Q1,0.75,1.0,0.75,0.5604376367655358
Q2,0.0,0.0,0.0,0.6429986926145494
Q3,1.0,1.0,0.75,0.6144116253459516
S1,1.0,1.0,0.75,0.47117490314762955
S2,1.0,1.0,0.75,0.5232152444398257
S3,1.0,1.0,0.75,0.49350648713676626
S4,1.0,0.0,0.75,0.5982454387812188
