target,raw_weight,neural_weight,episode_weight,target_loss
Q1,0.5,1.0,0.75,0.5604156165620814
Q2,0.0,0.5,0.0,0.6428283779329521
Q3,1.0,1.0,0.75,0.613463093016326
S1,0.75,1.0,0.75,0.4711545282050281
S2,1.0,1.0,0.75,0.5226532810521876
S3,1.0,1.0,0.75,0.4928724454076546
S4,1.0,0.75,0.75,0.596871534751973
