block_mode,best_score,mean_score,best_predictability,best_pred_rate_r2,best_oracle_rate_r2,mean_val_len
fixed_2,0.6089353672571912,0.218152428797819,0.9399075332842114,0.07966979574765057,0.438671631395287,2.0
submission_like,0.5992747006266721,0.2562122167421898,0.9393220400409925,0.1385307297300971,0.38252943874736617,6.493040555935292
fixed_6,0.5711806863881277,0.23401844008511785,0.9400622591969919,0.08189804088583512,0.3073813251542153,6.0
fixed_4,0.5631859385268958,0.2421392350556687,0.8533541971427558,0.06296956451522279,0.4090401352973362,4.0
fixed_8,0.5506856487454816,0.22526843268034694,0.9971628718137213,-0.061020840906748974,0.04123584471390895,8.0
