target,n_selected,inner_delta_mean,holdout_delta_mean,holdout_delta_median,holdout_win_rate
Q2,4,-0.011286340214338275,-0.0031190460096259254,-0.001996519846685807,0.5
S4,4,-0.011165710626161257,0.005687003487687192,0.005341271563330807,0.0
Q1,4,-0.013618306260783586,0.00784220394515206,0.010446438530046731,0.25
Q3,4,-0.010528745009634077,0.007910597817231774,0.003789518863264174,0.25
S3,4,-0.008420396474109762,0.010230726697634057,0.011851288575542296,0.0
S2,4,-0.011261485971750612,0.012225489480963192,0.010874664515240412,0.0
S1,4,-0.006823348095554335,0.013511930231197664,0.011158995054226462,0.0
