target,feature,mode,c_value,weight,delta_vs_base,mean_delta,win_rate
Q3,brlatent_a100p0_last_S3,subject_rank,0.5,0.45,-0.010695161009794285,-0.009507738408245169,0.9653846153846154
Q1,brlatent_a100p0_rate_Q3,subject_z,0.5,0.45,-0.009096485228929918,-0.0065469091921641805,0.8461538461538461
Q2,brlatent_a100p0_logit_delta_Q3,subject_z,0.5,0.45,-0.0083766955071638,-0.007116436631318169,0.9307692307692308
S1,brlatent_a100p0_first_Q2,subject_center,0.5,0.45,-0.006584740836699965,-0.006204217026431915,0.9923076923076923
S2,brlatent_a100p0_rate_S4,subject_z,0.5,0.45,-0.006445275739202616,-0.005433354979156422,0.9538461538461539
S3,brlatent_a100p0_logit_delta_Q2,subject_z,0.5,0.45,-0.003476545669124087,-0.0029722885422969938,0.9423076923076923
S4,brlatent_a100p0_first_S4,subject_rank,0.2,0.45,-0.002745504767706075,-0.0020501128667840944,0.8653846153846154
