target,raw_weight,neural_weight,episode_weight,target_loss
Q1,0.75,1.0,0.0,0.563917090631577
Q2,0.0,0.0,0.0,0.6429986926145494
Q3,1.0,1.0,0.0,0.6181296389318536
S1,1.0,1.0,0.0,0.4738073704005932
S2,1.0,1.0,0.0,0.5269916396160025
S3,1.0,1.0,0.0,0.49733577545105756
S4,1.0,0.0,0.0,0.6001982735768666
