file,rows,key_ok,min_prob,max_prob,bad_axis_projection_ratio,good_axis_projection_ratio
submission_mpcount_recommended_01_rawrescue_q3_geom.csv,250,True,0.0619387639248488,0.9800550384349356,0.006697874914298211,0.016138023891932647
submission_mpcount_recommended_02_publicsafe_q3_geom.csv,250,True,0.0641607179453788,0.9800454521014716,0.002019558087875492,0.014972100494278655
submission_mpcount_recommended_03_stage2_q3_geom.csv,250,True,0.065940657458297,0.9792024181782542,-0.012590629412402124,0.022009734176943792
submission_mpcount_recommended_04_direct_geom_qonly.csv,250,True,0.0431149489954681,0.9792024181782542,0.02669204248538978,0.03795747892409943
submission_mpcount_recommended_05_direct_subject_qonly.csv,250,True,0.0674647637418434,0.9792024181782542,0.008995289793963057,-0.019826835304900783
