target,feature,mode,c_value,weight,delta_vs_base,mean_delta,win_rate,scaled_weight
Q3,rtday_both_err_13,subject_z,0.5,0.45,-0.004849698641166,-0.0020696369891477,0.6384615384615384,0.3375
S2,rtday_both_pred_02,subject_rank,0.5,0.45,-0.0038406007783425,-0.0026916819902453,0.8269230769230769,0.3375
S4,rtday_next_abserr_10,subject_center,0.5,0.45,-0.0037067241600931,-0.0014983804884276,0.6384615384615384,0.3375
S3,rtmod_w2m_abserr_09,subject_rank,0.5,0.45,-0.0036781059850365,-0.0031433144135221,0.9307692307692308,0.3375
Q1,rtday_next_pred_09,subject_center,0.5,0.45,-0.0021196410234146,-0.0010637341014266,0.7038461538461539,0.3375
S1,rtday_prev_pred_09,subject_rank,0.5,0.45,-0.0018179511817449,-0.0009385133476145,0.7230769230769231,0.3375
