epoch,loss
1.0,1.3878455956776936
25.0,0.5273037254810333
50.0,0.47271789113680523
100.0,0.43698816498120624
150.0,0.38109493255615234
220.0,0.380304495493571
