{
  "view": "no_body",
  "channels_selected": 79,
  "channel_groups_selected": [
    "ambience",
    "cross_modal",
    "event",
    "gps_radio",
    "light",
    "missingness",
    "phone"
  ],
  "include_mask": true,
  "latent_dim": 24,
  "input_dim": 7584,
  "pca_reconstruction_mse": 0.3282735347747803,
  "pca_explained_variance": 0.520857036113739,
  "subject_leakage_acc": 0.9228571428571428,
  "train_sample_mean_l2": 5.449756622314453,
  "train_sample_std_l2": 8.219390869140625,
  "adjacent_cosine_mean": 0.521764949698379,
  "random_cosine_mean": 0.052433554644601935,
  "temporal_locality_gap": 0.46933139505377713,
  "same_subject_nn_rate": 0.8714285714285714,
  "mean_neighbor_day_gap": 27.22714285714286
}