{
  "latent_specs": {
    "best": "artifacts/domain_best_late_fusion_v1.parquet",
    "scs_pca16": "artifacts/domain_sleep_consensus_stability_pca16_v1.parquet",
    "scs_pca32": "artifacts/domain_sleep_consensus_stability_pca32_v1.parquet",
    "scs_pca64": "artifacts/domain_sleep_consensus_stability_pca64_v1.parquet",
    "best_plus_scs_pca16": "artifacts/domain_best_plus_sleep_consensus_stability_pca16_v1.parquet",
    "best_plus_scs_pca32": "artifacts/domain_best_plus_sleep_consensus_stability_pca32_v1.parquet",
    "best_plus_scs_pca64": "artifacts/domain_best_plus_sleep_consensus_stability_pca64_v1.parquet"
  },
  "n_folds": 5,
  "prior_alpha": 8.0,
  "c_values": [
    0.01,
    0.03,
    0.1,
    0.3
  ],
  "blends": [
    0.03,
    0.05,
    0.1,
    0.2
  ],
  "subject_prior_avg_log_loss": 0.6276539587598199,
  "subject_prior_per_target": {
    "Q1": 0.6731794431644589,
    "Q2": 0.7050100434092992,
    "Q3": 0.6777702303470193,
    "S1": 0.5757019130502258,
    "S2": 0.5798564530783497,
    "S3": 0.5347876459944689,
    "S4": 0.6472719822749171
  },
  "best_source": "best_plus_scs_pca32__absolute__c0.3_b0.2",
  "best_avg_log_loss": 0.6221639192881614,
  "best_delta_vs_subject_prior": -0.005490039471658492,
  "top_scores": [
    {
      "source": "best_plus_scs_pca32__absolute__c0.3_b0.2",
      "avg_log_loss": 0.6221639192881614,
      "Q1": 0.6600487211587192,
      "Q2": 0.6977555549484542,
      "Q3": 0.677221098322796,
      "S1": 0.5701904579331014,
      "S2": 0.5690406587914387,
      "S3": 0.5369705914183199,
      "S4": 0.6439203524443001
    },
    {
      "source": "best_plus_scs_pca16__absolute_plus_deviation__c0.3_b0.2",
      "avg_log_loss": 0.6225755331407106,
      "Q1": 0.6627131261889503,
      "Q2": 0.703981939287869,
      "Q3": 0.6767014378214496,
      "S1": 0.5698855984917861,
      "S2": 0.5766897628029728,
      "S3": 0.5279611830474599,
      "S4": 0.6400956843444864
    },
    {
      "source": "best_plus_scs_pca32__absolute__c0.1_b0.2",
      "avg_log_loss": 0.6226096565934863,
      "Q1": 0.6611484200404885,
      "Q2": 0.6972306853171866,
      "Q3": 0.6773247531193788,
      "S1": 0.5699908584723229,
      "S2": 0.5704196295624037,
      "S3": 0.5387199474451407,
      "S4": 0.643433302197484
    },
    {
      "source": "best_plus_scs_pca32__absolute_plus_deviation__c0.3_b0.2",
      "avg_log_loss": 0.6227476617519411,
      "Q1": 0.6623706409518195,
      "Q2": 0.7037058511366804,
      "Q3": 0.6798706938457797,
      "S1": 0.5663333345335269,
      "S2": 0.5732367590866255,
      "S3": 0.5313256395513559,
      "S4": 0.6423907131578002
    },
    {
      "source": "best__absolute_plus_deviation__c0.3_b0.2",
      "avg_log_loss": 0.6229613176952576,
      "Q1": 0.6689861051722832,
      "Q2": 0.7020978592408005,
      "Q3": 0.6741574430886071,
      "S1": 0.5709585946396454,
      "S2": 0.5775006583045229,
      "S3": 0.5239268911855993,
      "S4": 0.6431016722353451
    },
    {
      "source": "best_plus_scs_pca32__absolute_plus_deviation__c0.1_b0.2",
      "avg_log_loss": 0.623084183235156,
      "Q1": 0.6630438442641109,
      "Q2": 0.7020753833977208,
      "Q3": 0.6793280039393271,
      "S1": 0.567098288090115,
      "S2": 0.5718383059339175,
      "S3": 0.5355850397298061,
      "S4": 0.6426204172910951
    },
    {
      "source": "best_plus_scs_pca64__absolute_plus_deviation__c0.1_b0.2",
      "avg_log_loss": 0.6231997450615497,
      "Q1": 0.6645628003218754,
      "Q2": 0.7065082820989285,
      "Q3": 0.6840535649854355,
      "S1": 0.5698633920093553,
      "S2": 0.5702252163784686,
      "S3": 0.5324300067011812,
      "S4": 0.6347549529356037
    },
    {
      "source": "best_plus_scs_pca16__absolute_plus_deviation__c0.1_b0.2",
      "avg_log_loss": 0.6233225066187303,
      "Q1": 0.664417477115775,
      "Q2": 0.7030726650794556,
      "Q3": 0.6761959905340266,
      "S1": 0.5699338832929864,
      "S2": 0.5759152190663295,
      "S3": 0.5336324189586441,
      "S4": 0.6400898922838948
    },
    {
      "source": "best_plus_scs_pca64__absolute_plus_deviation__c0.3_b0.2",
      "avg_log_loss": 0.6233887114623375,
      "Q1": 0.6642245322374081,
      "Q2": 0.7092003762238346,
      "Q3": 0.6846474495717675,
      "S1": 0.571030540183007,
      "S2": 0.5708124715859344,
      "S3": 0.5292956100399628,
      "S4": 0.6345100003944488
    },
    {
      "source": "best_plus_scs_pca32__absolute__c0.3_b0.1",
      "avg_log_loss": 0.6235037979427643,
      "Q1": 0.6652206450391438,
      "Q2": 0.6998846424666407,
      "Q3": 0.6765624092544092,
      "S1": 0.5714176971022421,
      "S2": 0.5730116478230056,
      "S3": 0.5341623112019249,
      "S4": 0.6442672327119838
    },
    {
      "source": "best_plus_scs_pca64__absolute_plus_deviation__c0.03_b0.2",
      "avg_log_loss": 0.6235145463797688,
      "Q1": 0.6655802391001164,
      "Q2": 0.7031133570006899,
      "Q3": 0.6821326022206848,
      "S1": 0.5697720137111868,
      "S2": 0.5709982766344509,
      "S3": 0.5359800794091827,
      "S4": 0.637025256582069
    },
    {
      "source": "best_plus_scs_pca16__absolute__c0.3_b0.2",
      "avg_log_loss": 0.6235192242146413,
      "Q1": 0.6634404594486997,
      "Q2": 0.6997522378482632,
      "Q3": 0.674301322822096,
      "S1": 0.5747129368818916,
      "S2": 0.5741044653009268,
      "S3": 0.5375818552248766,
      "S4": 0.6407412919757356
    },
    {
      "source": "best_plus_scs_pca32__absolute__c0.03_b0.2",
      "avg_log_loss": 0.6235928573155947,
      "Q1": 0.6639970733941872,
      "Q2": 0.6970820050310684,
      "Q3": 0.6765917382767078,
      "S1": 0.5706402348255133,
      "S2": 0.5727821068327805,
      "S3": 0.540760163017722,
      "S4": 0.6432966798311827
    },
    {
      "source": "best_plus_scs_pca64__deviation__c0.3_b0.2",
      "avg_log_loss": 0.6237242451152666,
      "Q1": 0.6682745125202475,
      "Q2": 0.7051422443672132,
      "Q3": 0.6786979893835644,
      "S1": 0.570933739087966,
      "S2": 0.567008993831292,
      "S3": 0.5378737874305258,
      "S4": 0.6381384491860571
    },
    {
      "source": "best_plus_scs_pca64__absolute__c0.1_b0.2",
      "avg_log_loss": 0.6237622289862838,
      "Q1": 0.6639681608515106,
      "Q2": 0.7025022302656152,
      "Q3": 0.6825481125203434,
      "S1": 0.5725805488784868,
      "S2": 0.5728856622902613,
      "S3": 0.5340980899503244,
      "S4": 0.6377527981474452
    },
    {
      "source": "best_plus_scs_pca64__absolute__c0.03_b0.2",
      "avg_log_loss": 0.6237923076122047,
      "Q1": 0.6648089852997742,
      "Q2": 0.7004963581119715,
      "Q3": 0.6801395865590232,
      "S1": 0.5726359969661224,
      "S2": 0.573252475133891,
      "S3": 0.5363507249891205,
      "S4": 0.6388620262255306
    },
    {
      "source": "best__absolute_plus_deviation__c0.1_b0.2",
      "avg_log_loss": 0.6237927803338889,
      "Q1": 0.6700346459207199,
      "Q2": 0.7010001209828194,
      "Q3": 0.6736543305290845,
      "S1": 0.570926638022677,
      "S2": 0.5773858608726387,
      "S3": 0.530509557959145,
      "S4": 0.6430383080501377
    },
    {
      "source": "best_plus_scs_pca64__absolute_plus_deviation__c0.3_b0.1",
      "avg_log_loss": 0.6238431174386755,
      "Q1": 0.6668185370109818,
      "Q2": 0.7052170145896984,
      "Q3": 0.6795614342375926,
      "S1": 0.5715337390215094,
      "S2": 0.5739736645237006,
      "S3": 0.5305651005545374,
      "S4": 0.6392323321327086
    },
    {
      "source": "best_plus_scs_pca32__absolute_plus_deviation__c0.03_b0.2",
      "avg_log_loss": 0.6239061224131205,
      "Q1": 0.6648429861012217,
      "Q2": 0.6999186964095533,
      "Q3": 0.6784276174179074,
      "S1": 0.5682980944637994,
      "S2": 0.5726825261639682,
      "S3": 0.5397092619349794,
      "S4": 0.6434636744004136
    },
    {
      "source": "best_plus_scs_pca16__deviation__c0.3_b0.2",
      "avg_log_loss": 0.6239104511552849,
      "Q1": 0.6635136297754209,
      "Q2": 0.7027128977184728,