{
  "view": "no_sleep",
  "encoder_type": "transformer",
  "encoder_params": 3283,
  "device": "mps",
  "sequence": {
    "n_days": 700.0,
    "n_base_features": 29.0,
    "n_token_features": 123.0,
    "mean_missing_fraction": 0.0837848932676519,
    "add_deviation_features": 1.0
  },
  "n_features": 123,
  "epochs": 50,
  "final_ssl_loss": 0.5792377087048122,
  "best_global_source": "transformer_logreg_c0p3_w0p1",
  "best_global_avg_log_loss": 0.62724526624862,
  "best_global_per_target": {
    "Q1": 0.672144201522082,
    "Q2": 0.6981484003742763,
    "Q3": 0.6760174692885002,
    "S1": 0.5765190543715476,
    "S2": 0.5809565691638324,
    "S3": 0.5387548778978816,
    "S4": 0.6481762911222204
  },
  "targetwise_avg_log_loss": 0.6236718202426255,
  "targetwise_per_target": {
    "Q1": 0.672008269215893,
    "Q2": 0.685809872611423,
    "Q3": 0.6732520043526055,
    "S1": 0.5757019130502258,
    "S2": 0.5798564530783497,
    "S3": 0.5318022471149637,
    "S4": 0.6472719822749171
  },
  "targetwise_sources": {
    "Q1": "transformer_logreg_c0p3_w0p2",
    "Q2": "transformer_logreg_c0p3_w0p35",
    "Q3": "transformer_logreg_c0p03_w0p35",
    "S1": "subject_prior_a8",
    "S2": "subject_prior_a8",
    "S3": "transformer_ridge_resid_a1_w0p35",
    "S4": "subject_prior_a8"
  },
  "targetwise_source_losses": {
    "Q1": 0.672008269215893,
    "Q2": 0.685809872611423,
    "Q3": 0.6732520043526055,
    "S1": 0.5757019130502258,
    "S2": 0.5798564530783497,
    "S3": 0.5318022471149637,
    "S4": 0.6472719822749171
  },
  "drift_vs_reference_best_global": {
    "reference": "outputs/v83_repaired_v80/submission_v83_gq015_gs010.csv",
    "mean_abs_drift": 0.06648132755394168,
    "max_abs_drift": 0.30995935634457394,
    "corr": 0.8802156672597606,
    "target_mean": {
      "Q1": 0.500191287909146,
      "Q2": 0.5531274594974668,
      "Q3": 0.601473643122546,
      "S1": 0.6911545648860726,
      "S2": 0.6580130756338587,
      "S3": 0.6688623484700482,
      "S4": 0.5590603079215353
    },
    "target_mean_shift": {
      "Q1": -0.010176908992810067,
      "Q2": -0.01619085555899324,
      "Q3": -0.01051311853865229,
      "S1": 0.008542177674973337,
      "S2": 0.014087826979858718,
      "S3": 0.010221527573092616,
      "S4": 0.006046385898847882
    },
    "panel_mean_abs_drift": {
      "early": 0.05488010505472627,
      "mid": 0.06887323791931929,
      "late": 0.07533746501993366
    }
  },
  "drift_vs_reference_targetwise": {
    "reference": "outputs/v83_repaired_v80/submission_v83_gq015_gs010.csv",
    "mean_abs_drift": 0.06901737997558252,
    "max_abs_drift": 0.31218418072152054,
    "corr": 0.8580547631058649,
    "target_mean": {
      "Q1": 0.4989632129917942,
      "Q2": 0.5394808211250308,
      "Q3": 0.6002531985949834,
      "S1": 0.6923877866215694,
      "S2": 0.6582781981365899,
      "S3": 0.6684603076933668,
      "S4": 0.5592527565880283
    },
    "target_mean_shift": {
      "Q1": -0.01140498391016188,
      "Q2": -0.02983749393142937,
      "Q3": -0.011733563066214977,
      "S1": 0.009775399410469864,
      "S2": 0.014352949482590006,
      "S3": 0.009819486796411245,
      "S4": 0.006238834565341037
    },
    "panel_mean_abs_drift": {
      "early": 0.055253664912160036,
      "mid": 0.0719756476036307,
      "late": 0.07940665552937834
    }
  },
  "ssl_loss_history": [
    1.311564200946263,
    1.262497660773141,
    1.2387343883514403,
    1.2227602311543055,
    1.1858139937264578,
    1.1464938756397793,
    1.0843928698131016,
    1.0586655167170933,
    1.0156969973019192,
    0.9411171099117824,
    0.9219457960128784,
    0.8510640280587333,
    0.8144894814491273,
    0.7690168748583113,
    0.7462928053310939,
    0.7071694493293762,
    0.6955776977539062,
    0.6902421539170401,
    0.669115731375558,
    0.6688292482921055,
    0.6569672904695784,
    0.6298522227151053,
    0.6288380963461739,
    0.6637622714042664,
    0.6250724799292429,
    0.6431132623127529,
    0.6313068328584943,
    0.6335061924798148,
    0.6136700626782009,
    0.6170660795484271,
    0.6026084624017988,
    0.6057266449928284,
    0.6107349518367222,
    0.5922827243804931,
    0.5963547849655151,
    0.586412843976702,
    0.5745358514785767,
    0.5796530965396336,
    0.5751451345852443,
    0.5876127529144287,
    0.5646786863463266,
    0.5729587813786098,
    0.5697228860855102,
    0.5752757426670619,
    0.5695824881962367,
    0.5749205500738961,
    0.5725798661368234,
    0.5602328498022897,
    0.5667529099328177,
    0.5792377087048122
  ]
}