{
  "base_avg_log_loss": 0.583797792989271,
  "base_targets": {
    "Q1": 0.6373676761965493,
    "Q2": 0.6503050342800608,
    "Q3": 0.6229202717319089,
    "S1": 0.5542725406575977,
    "S2": 0.5292196070733155,
    "S3": 0.49841585304667624,
    "S4": 0.5940835679387884
  },
  "best": {
    "name": "broad_min3_w0.25",
    "weight": 0.25,
    "avg_log_loss": 0.5835033761111573,
    "delta_vs_base": 0.0002944168781137124,
    "fold_std": 0.011642308268369619,
    "worst_fold": 0.6063916598276725,
    "improved_folds": 4,
    "worst_target_delta": 0.0,
    "promote": true,
    "Q1": 0.6364521335403917,
    "Q2": 0.6503050342800608,
    "Q3": 0.6229202717319089,
    "S1": 0.5533469848631992,
    "S2": 0.5292196070733155,
    "S3": 0.49841585304667624,
    "S4": 0.5938637482425482,
    "improvement": 0.0002944168781137584,
    "improvement_p025": 4.266650312650008e-06,
    "improvement_p500": 0.00029602814337452974,
    "improvement_p975": 0.0005851830552481283
  },
  "args": {
    "train_path": "data/ch2026_metrics_train.csv",
    "sample_path": "data/ch2026_submission_sample.csv",
    "base_oof": "outputs/blend_temporal_label_master_residual_min3_w03/oof_candidate_probability_blend.csv",
    "base_submission": "outputs/blend_temporal_label_master_residual_min3_w03/submission_candidate_probability_blend.csv",
    "candidate_oof": "outputs/master_residual_broad_on_w03_min3/oof_master_residual_decoder.csv",
    "candidate_submission": "outputs/master_residual_broad_on_w03_min3/submission_master_residual_decoder.csv",
    "output_dir": "outputs/blend_w03_master_residual_broad_min3",
    "name": "broad_min3",
    "weights": "0.05,0.1,0.15,0.2,0.25,0.3,0.4,0.5,0.65,0.8,1.0",
    "folds": 5,
    "bootstrap": 10000,
    "seed": 2026,
    "max_target_regression": 0.001
  }
}