{
  "view": "only_rhythm",
  "encoder_type": "transformer",
  "encoder_params": 5550,
  "device": "mps",
  "sequence": {
    "n_days": 700.0,
    "n_base_features": 31.0,
    "n_token_features": 262.0,
    "raw_tokens_per_day": 48.0,
    "effective_tokens_per_day": 12.0,
    "pool_len": 4.0,
    "pool_stats": "mean_std",
    "mean_missing_fraction": 0.17440380184331794,
    "add_deviation_features": 1.0
  },
  "n_features": 262,
  "epochs": 50,
  "final_ssl_loss": 0.2640915209906442,
  "best_global_source": "transformer_logreg_c0p03_w0p05",
  "best_global_avg_log_loss": 0.6274913994646136,
  "best_global_per_target": {
    "Q1": 0.6729350090930644,
    "Q2": 0.7024579647165994,
    "Q3": 0.676869622565812,
    "S1": 0.5761288873879685,
    "S2": 0.5800810930271801,
    "S3": 0.5365705562798709,
    "S4": 0.6473966631818002
  },
  "targetwise_avg_log_loss": 0.6249155810445071,
  "targetwise_per_target": {
    "Q1": 0.6721770581393399,
    "Q2": 0.6925478944907651,
    "Q3": 0.6738228049000621,
    "S1": 0.5757019130502258,
    "S2": 0.5798564530783497,
    "S3": 0.5330309613778893,
    "S4": 0.6472719822749171
  },
  "targetwise_sources": {
    "Q1": "subject_prior_a16",
    "Q2": "transformer_logreg_c0p03_w0p35",
    "Q3": "subject_prior_a16",
    "S1": "subject_prior_a8",
    "S2": "subject_prior_a8",
    "S3": "subject_prior_a4",
    "S4": "subject_prior_a8"
  },
  "targetwise_source_losses": {
    "Q1": 0.6721770581393399,
    "Q2": 0.6925478944907651,
    "Q3": 0.6738228049000621,
    "S1": 0.5757019130502258,
    "S2": 0.5798564530783497,
    "S3": 0.5330309613778893,
    "S4": 0.6472719822749171
  },
  "drift_vs_reference_best_global": {
    "reference": "outputs/v83_repaired_v80/submission_v83_gq015_gs010.csv",
    "mean_abs_drift": 0.06379956858999346,
    "max_abs_drift": 0.3079988257786701,
    "corr": 0.8845534417403208,
    "target_mean": {
      "Q1": 0.500952689189739,
      "Q2": 0.5592834833959403,
      "Q3": 0.6036490483332586,
      "S1": 0.691440348161551,
      "S2": 0.6577595335526223,
      "S3": 0.6726924050327836,
      "S4": 0.559752110212112
    },
    "target_mean_shift": {
      "Q1": -0.00941550771221703,
      "Q2": -0.010034831660519989,
      "Q3": -0.008337713327939698,
      "S1": 0.008827960950451595,
      "S2": 0.013834284898622332,
      "S3": 0.014051584135828162,
      "S4": 0.006738188189424673
    },
    "panel_mean_abs_drift": {
      "early": 0.05128939500717645,
      "mid": 0.06589408679764829,
      "late": 0.07382297120829516
    }
  },
  "drift_vs_reference_targetwise": {
    "reference": "outputs/v83_repaired_v80/submission_v83_gq015_gs010.csv",
    "mean_abs_drift": 0.06394960704889846,
    "max_abs_drift": 0.3355279485843775,
    "corr": 0.8778189150466411,
    "target_mean": {
      "Q1": 0.49965650813885837,
      "Q2": 0.5634676946929332,
      "Q3": 0.6030728937366889,
      "S1": 0.6923877866215694,
      "S2": 0.6582781981365899,
      "S3": 0.6743072986995421,
      "S4": 0.5592527565880283
    },
    "target_mean_shift": {
      "Q1": -0.01071168876309774,
      "Q2": -0.005850620363526897,
      "Q3": -0.008913867924509376,
      "S1": 0.009775399410469864,
      "S2": 0.014352949482590006,
      "S3": 0.01566647780258651,
      "S4": 0.006238834565341037
    },
    "panel_mean_abs_drift": {
      "early": 0.04962873142886225,
      "mid": 0.06560935083641235,
      "late": 0.07614434900747864
    }
  },
  "ssl_loss_history": [
    0.6356982050623212,
    0.6107850987570627,
    0.596828852381025,
    0.5644356281416757,
    0.5599662971496582,
    0.5438308010782514,
    0.5190955427714756,
    0.5113175463676453,
    0.48480905737195695,
    0.47131630642073497,
    0.45027436988694325,
    0.43818643144198827,
    0.41790925707135884,
    0.4106806399141039,
    0.3894558812890734,
    0.37240185192653114,
    0.3558844665118626,
    0.3397379265512739,
    0.3306854033470154,
    0.3142352155276707,
    0.2943533546583993,
    0.28911885908671786,
    0.2820626706736428,
    0.2792215997832162,
    0.2758934249196734,
    0.2761922878878457,
    0.2705595128876822,
    0.2641728561265128,
    0.2724423336982727,
    0.2630456588949476,
    0.26478374174663,
    0.25904213956424166,
    0.26781723277909414,
    0.2695996413912092,
    0.2657941636017391,
    0.2621819564274379,
    0.2643722939491272,
    0.26489440151623317,
    0.2735804146528244,
    0.26542512570108684,
    0.268476402759552,
    0.2659989895139422,
    0.2601173324244363,
    0.2694743183680943,
    0.26392403176852636,
    0.262455284680639,
    0.2634897259303502,
    0.26219769631113327,
    0.26235127006258285,
    0.2640915209906442
  ]
}