{
  "view": "only_rhythm",
  "device": "mps",
  "sequence": {
    "n_days": 700.0,
    "n_base_features": 31.0,
    "n_token_features": 131.0,
    "mean_missing_fraction": 0.17440380184331794,
    "add_deviation_features": 1.0
  },
  "n_features": 131,
  "epochs": 50,
  "final_ssl_loss": 0.5380833155768259,
  "best_global_source": "transformer_logreg_c0p3_w0p1",
  "best_global_avg_log_loss": 0.6271938513789781,
  "best_global_per_target": {
    "Q1": 0.6722585254561747,
    "Q2": 0.6994287930986826,
    "Q3": 0.6756656708872653,
    "S1": 0.5771853147185926,
    "S2": 0.5802014140143374,
    "S3": 0.5381862205854364,
    "S4": 0.6474310208923572
  },
  "targetwise_avg_log_loss": 0.6243411880126665,
  "targetwise_per_target": {
    "Q1": 0.6720528158911383,
    "Q2": 0.6902630769026651,
    "Q3": 0.6731940874650677,
    "S1": 0.5757019130502258,
    "S2": 0.5795317604556219,
    "S3": 0.5330309613778893,
    "S4": 0.6466137009460575
  },
  "targetwise_sources": {
    "Q1": "transformer_logreg_c0p03_w0p2",
    "Q2": "transformer_logreg_c0p3_w0p35",
    "Q3": "transformer_logreg_c0p03_w0p35",
    "S1": "subject_prior_a8",
    "S2": "transformer_ridge_resid_a1_w0p2",
    "S3": "subject_prior_a4",
    "S4": "transformer_ridge_resid_a1_w0p35"
  },
  "targetwise_source_losses": {
    "Q1": 0.6720528158911383,
    "Q2": 0.6902630769026651,
    "Q3": 0.6731940874650677,
    "S1": 0.5757019130502258,
    "S2": 0.5795317604556219,
    "S3": 0.5330309613778893,
    "S4": 0.6466137009460575
  },
  "drift_vs_reference_best_global": {
    "reference": "outputs/v83_repaired_v80/submission_v83_gq015_gs010.csv",
    "mean_abs_drift": 0.06624582552433714,
    "max_abs_drift": 0.30607909717771786,
    "corr": 0.8815393774228308,
    "target_mean": {
      "Q1": 0.500836403630804,
      "Q2": 0.5584079892788052,
      "Q3": 0.6026818456501303,
      "S1": 0.6904652343568973,
      "S2": 0.6581801350969531,
      "S3": 0.672837547656185,
      "S4": 0.5601121676737689
    },
    "target_mean_shift": {
      "Q1": -0.009531793271152052,
      "Q2": -0.010910325777654958,
      "Q3": -0.009304916011068094,
      "S1": 0.007852847145797967,
      "S2": 0.014254886442953156,
      "S3": 0.014196726759229299,
      "S4": 0.007098245651081559
    },
    "panel_mean_abs_drift": {
      "early": 0.0549050180203891,
      "mid": 0.06884794445108745,
      "late": 0.07464547663496611
    }
  },
  "drift_vs_reference_targetwise": {
    "reference": "outputs/v83_repaired_v80/submission_v83_gq015_gs010.csv",
    "mean_abs_drift": 0.06646939519285615,
    "max_abs_drift": 0.33297780088871515,
    "corr": 0.8668188762739767,
    "target_mean": {
      "Q1": 0.5007301244222971,
      "Q2": 0.5579626753597147,
      "Q3": 0.600782428483664,
      "S1": 0.6923877866215694,
      "S2": 0.6597503490997149,
      "S3": 0.6743072986995421,
      "S4": 0.5623265234616637
    },
    "target_mean_shift": {
      "Q1": -0.009638072479658902,
      "Q2": -0.011355639696745379,
      "Q3": -0.011204333177534359,
      "S1": 0.009775399410469864,
      "S2": 0.015825100445714974,
      "S3": 0.01566647780258651,
      "S4": 0.009312601438976253
    },
    "panel_mean_abs_drift": {
      "early": 0.0520201681935539,
      "mid": 0.06799225571749473,
      "late": 0.07892162096224185
    }
  },
  "ssl_loss_history": [
    1.279045354298183,
    1.2592916168485369,
    1.2188326331547328,
    1.2006884779248919,
    1.1556224243981497,
    1.1213371985299248,
    1.0862302923202514,
    1.0299649323735918,
    0.9908580875396729,
    0.9395044149671282,
    0.897172635282789,
    0.8502543432371957,
    0.8034023635728018,
    0.7524719102042062,
    0.708798691545214,
    0.675778546333313,
    0.6418664155687605,
    0.6231478636605399,
    0.6117391565867832,
    0.5990175254004342,
    0.6031100327628,
    0.6044139793940952,
    0.5977116312299456,
    0.597035619871957,
    0.5879828929901123,
    0.5959615860666547,
    0.5934961598260062,
    0.5968444749287196,
    0.5761524782861982,
    0.5759087790761676,
    0.5825727244785853,
    0.5798609168188913,
    0.5714312318393162,
    0.5747299991335187,
    0.5626274950163705,
    0.5747188670294625,
    0.5627105930873326,
    0.5566848073686872,
    0.5477055941309248,
    0.5534576484135219,
    0.5520051758629935,
    0.5505636487688337,
    0.5443360887254988,
    0.549713682787759,
    0.5431017286436899,
    0.5411570715904236,
    0.5414950387818472,
    0.5433046988078526,
    0.5324924840245928,
    0.5380833155768259
  ]
}