{
  "best_source": "targetwise",
  "best_avg_log_loss": 0.6214461753565299,
  "best_per_target": {
    "Q1": 0.6687252322091134,
    "Q2": 0.6864414362088276,
    "Q3": 0.6639373434940024,
    "S1": 0.573058139600748,
    "S2": 0.5783124400846231,
    "S3": 0.5332898215165592,
    "S4": 0.6463588143818351
  },
  "best_drift_vs_reference": {
    "reference": "outputs/v83_repaired_v80/submission_v83_gq015_gs010.csv",
    "mean_abs_drift": 0.07328021725362512,
    "max_abs_drift": 0.3449754072234545,
    "corr": 0.8620373942542509,
    "target_mean": {
      "Q1": 0.5069715823160421,
      "Q2": 0.5558643958406133,
      "Q3": 0.6015810837060416,
      "S1": 0.6703547043937195,
      "S2": 0.6514263431172389,
      "S3": 0.6626720318503864,
      "S4": 0.5580126872041933
    },
    "target_mean_shift": {
      "Q1": -0.003396614585913898,
      "Q2": -0.013453919215846863,
      "Q3": -0.010405677955156777,
      "S1": -0.012257682817379796,
      "S2": 0.007501094463238931,
      "S3": 0.004031210953430737,
      "S4": 0.004998765181505868
    },
    "panel_mean_abs_drift": {
      "early": 0.06322625846104893,
      "mid": 0.07487338670755964,
      "late": 0.08142364732791547
    }
  },
  "best_subject_drift_vs_reference": {
    "id01": 0.04916239437579729,
    "id02": 0.057491104855020604,
    "id03": 0.061454770921494796,
    "id04": 0.06971791723634198,
    "id05": 0.09304056765501596,
    "id06": 0.09891293673774611,
    "id07": 0.07185659319257426,
    "id08": 0.07939528094424281,
    "id09": 0.07540363261971803,
    "id10": 0.08873416992068182
  },
  "best_target_gain_vs_subject_prior": {
    "Q1": 0.004454210955345483,
    "Q2": 0.0185686072004716,
    "Q3": 0.013832886853016979,
    "S1": 0.0026437734494777487,
    "S2": 0.001544012993726529,
    "S3": 0.0014978244779096928,
    "S4": 0.0009131678930820453
  },
  "best_global_source": "only_event__absolute_plus_deviation__lowrank_r2_k4_wd0.1_b0.2",
  "best_global_avg_log_loss": 0.6244750835249407,
  "best_global_drift_vs_reference": {
    "reference": "outputs/v83_repaired_v80/submission_v83_gq015_gs010.csv",
    "mean_abs_drift": 0.07635231573201454,
    "max_abs_drift": 0.34061420426455546,
    "corr": 0.860010243838497,
    "target_mean": {
      "Q1": 0.5034082690017234,
      "Q2": 0.5502668359721389,
      "Q3": 0.5977254830323363,
      "S1": 0.6703547043937195,
      "S2": 0.6445744880978879,
      "S3": 0.648008514445095,
      "S4": 0.5550731225638522
    },
    "target_mean_shift": {
      "Q1": -0.006959927900232554,
      "Q2": -0.01905147908432136,
      "Q3": -0.014261278628862105,
      "S1": -0.012257682817379796,
      "S2": 0.0006492394438879003,
      "S3": -0.01063230645186065,
      "S4": 0.0020592005411647803
    },
    "panel_mean_abs_drift": {
      "early": 0.06882583102170985,
      "mid": 0.07829542828911731,
      "late": 0.08171576754384342
    }
  },
  "targetwise_avg_log_loss": 0.6214461753565299,
  "targetwise_drift_vs_reference": {
    "reference": "outputs/v83_repaired_v80/submission_v83_gq015_gs010.csv",
    "mean_abs_drift": 0.07328021725362512,
    "max_abs_drift": 0.3449754072234545,
    "corr": 0.8620373942542509,
    "target_mean": {
      "Q1": 0.5069715823160421,
      "Q2": 0.5558643958406133,
      "Q3": 0.6015810837060416,
      "S1": 0.6703547043937195,
      "S2": 0.6514263431172389,
      "S3": 0.6626720318503864,
      "S4": 0.5580126872041933
    },
    "target_mean_shift": {
      "Q1": -0.003396614585913898,
      "Q2": -0.013453919215846863,
      "Q3": -0.010405677955156777,
      "S1": -0.012257682817379796,
      "S2": 0.007501094463238931,
      "S3": 0.004031210953430737,
      "S4": 0.004998765181505868
    },
    "panel_mean_abs_drift": {
      "early": 0.06322625846104893,
      "mid": 0.07487338670755964,
      "late": 0.08142364732791547
    }
  },
  "targetwise_sources": {
    "Q1": "only_cross_modal__absolute_plus_deviation__mlp_h2_k4_wd0.1_b0.2",
    "Q2": "no_sleep__deviation__linear_k4_b0.2",
    "Q3": "only_event__deviation__linear_k2_b0.2",
    "S1": "only_event__absolute_plus_deviation__lowrank_r2_k4_wd0.1_b0.2",
    "S2": "only_event__absolute_plus_deviation__lowrank_r2_k4_wd0.1_b0.1",
    "S3": "only_event__absolute_plus_deviation__lowrank_r1_k2_wd0.1_b0.1",
    "S4": "full__deviation__linear_k4_b0.1"
  },
  "targetwise_source_losses": {
    "Q1": 0.6687252322091134,
    "Q2": 0.6864414362088276,
    "Q3": 0.6639373434940024,
    "S1": 0.573058139600748,
    "S2": 0.5783124400846231,
    "S3": 0.5332898215165592,
    "S4": 0.6463588143818351
  },
  "subject_prior_avg_log_loss": 0.6276539587598199,
  "n_candidates": 302,
  "views": [
    "full",
    "no_sleep",
    "only_cross_modal",
    "only_event",
    "only_rhythm"
  ],
  "device": "mps"
}