{
  "view": "only_event",
  "device": "mps",
  "sequence": {
    "n_days": 700.0,
    "n_base_features": 45.0,
    "n_token_features": 187.0,
    "mean_missing_fraction": 0.0,
    "add_deviation_features": 1.0
  },
  "n_features": 187,
  "epochs": 50,
  "final_ssl_loss": 0.8432678852762495,
  "best_global_source": "transformer_logreg_c0p03_w0p05",
  "best_global_avg_log_loss": 0.627335269190068,
  "best_global_per_target": {
    "Q1": 0.6724873606793228,
    "Q2": 0.7025041474303667,
    "Q3": 0.6765156068894933,
    "S1": 0.5758981733734898,
    "S2": 0.5801070759486484,
    "S3": 0.5366897005993818,
    "S4": 0.6471448194097724
  },
  "targetwise_avg_log_loss": 0.6244691084100973,
  "targetwise_per_target": {
    "Q1": 0.6718910890008136,
    "Q2": 0.6917680604693219,
    "Q3": 0.6718980610269243,
    "S1": 0.5757019130502258,
    "S2": 0.5798564530783497,
    "S3": 0.5330309613778893,
    "S4": 0.6471372208671563
  },
  "targetwise_sources": {
    "Q1": "transformer_logreg_c0p03_w0p2",
    "Q2": "transformer_logreg_c0p3_w0p35",
    "Q3": "transformer_logreg_c0p03_w0p35",
    "S1": "subject_prior_a8",
    "S2": "subject_prior_a8",
    "S3": "subject_prior_a4",
    "S4": "transformer_logreg_c0p3_w0p05"
  },
  "targetwise_source_losses": {
    "Q1": 0.6718910890008136,
    "Q2": 0.6917680604693219,
    "Q3": 0.6718980610269243,
    "S1": 0.5757019130502258,
    "S2": 0.5798564530783497,
    "S3": 0.5330309613778893,
    "S4": 0.6471372208671563
  },
  "drift_vs_reference_best_global": {
    "reference": "outputs/v83_repaired_v80/submission_v83_gq015_gs010.csv",
    "mean_abs_drift": 0.06377668441538262,
    "max_abs_drift": 0.3073046972836083,
    "corr": 0.8844768213453894,
    "target_mean": {
      "Q1": 0.5010024451166755,
      "Q2": 0.5584394484514011,
      "Q3": 0.6036017778816575,
      "S1": 0.6919819306220693,
      "S2": 0.65806965533529,
      "S3": 0.6733097821642913,
      "S4": 0.5593834770742855
    },
    "target_mean_shift": {
      "Q1": -0.009365751785280568,
      "Q2": -0.01087886660505897,
      "Q3": -0.008384983779540958,
      "S1": 0.009369543410969936,
      "S2": 0.014144406681290042,
      "S3": 0.014668961267335644,
      "S4": 0.006369555051598026
    },
    "panel_mean_abs_drift": {
      "early": 0.051200591927649565,
      "mid": 0.06583307580176596,
      "late": 0.0739009091086096
    }
  },
  "drift_vs_reference_targetwise": {
    "reference": "outputs/v83_repaired_v80/submission_v83_gq015_gs010.csv",
    "mean_abs_drift": 0.06597127644325002,
    "max_abs_drift": 0.32802795605037194,
    "corr": 0.8707539794989634,
    "target_mean": {
      "Q1": 0.4997516919872086,
      "Q2": 0.5571513242286371,
      "Q3": 0.6027529113459335,
      "S1": 0.6923877866215694,
      "S2": 0.6582781981365899,
      "S3": 0.6743072986995421,
      "S4": 0.5593989103853918
    },
    "target_mean_shift": {
      "Q1": -0.010616504914747419,
      "Q2": -0.012166990827822981,
      "Q3": -0.009233850315265002,
      "S1": 0.009775399410469864,
      "S2": 0.014352949482590006,
      "S3": 0.01566647780258651,
      "S4": 0.006384988362704336
    },
    "panel_mean_abs_drift": {
      "early": 0.05250029016651449,
      "mid": 0.06778127069649405,
      "late": 0.0771994099923448
    }
  },
  "ssl_loss_history": [
    1.1655660063879831,
    1.1302820042201451,
    1.1372243513379778,
    1.0960348510742188,
    1.0874332850319999,
    1.0892391851970127,
    1.0786175789151873,
    1.0660537474496024,
    1.0486733095986502,
    1.0399555499213082,
    1.04152496610369,
    1.0155379809652056,
    1.024055130822318,
    1.0193771839141845,
    0.9971263953617641,
    0.999932746887207,
    0.9710773914200919,
    0.9879844386237008,
    0.9730970627920968,
    0.9675387242862157,
    0.9674685164860317,
    0.9577196478843689,
    0.9464187846864973,
    0.9342015286854335,
    0.9289527252742222,
    0.9323194026947021,
    0.9223916503361294,
    0.9189947046552386,
    0.9090685977254596,
    0.9148815175465175,
    0.9020457308632986,
    0.8938969850540162,
    0.9062218294824873,
    0.8890379970414298,
    0.8887276009150914,
    0.879043150629316,
    0.8724366096087864,
    0.8784499733788627,
    0.8732447637830462,
    0.8707019267763411,
    0.8771399062020439,
    0.8504449207442147,
    0.8624804033551897,
    0.8476796320506504,
    0.8563418194225856,
    0.8437215086391994,
    0.8575310042926243,
    0.8563398477009364,
    0.8407173909459795,
    0.8432678852762495
  ]
}