{
  "token_path": "artifacts/domain_encoder_tokens_v1.npz",
  "views": [
    "only_event",
    "only_cross_modal",
    "only_missingness",
    "event_cross_missing",
    "event_cross_phone_missing",
    "no_body",
    "full"
  ],
  "seeds": [
    2026,
    2027
  ],
  "device": "mps",
  "config": {
    "patch_len": 4,
    "d_model": 24,
    "n_heads": 4,
    "temporal_layers": 1,
    "channel_layers": 1,
    "mask_prob": 0.25,
    "channel_drop_prob": 0.04,
    "epochs": 8
  },
  "summary": [
    {
      "seed": 2026,
      "train_days": 574,
      "val_days": 126,
      "final_train_loss": 0.7509908939903206,
      "final_val_loss": 0.7761653065681458,
      "best_val_loss": 0.6850390583276749,
      "view": "only_missingness",
      "device": "mps",
      "channels_selected": 21,
      "channel_groups_selected": [
        "missingness"
      ],
      "embedding_dim": 24,
      "embedding_norm_mean": 4.898591041564941,
      "embedding_axis_std_mean": 0.13355033099651337,
      "embedding_axis_std_min": 0.06630243360996246,
      "embedding_effective_rank": 1.947404865000328,
      "subject_centroid_leakage": 0.26142857142857145,
      "adjacent_cosine_mean": 0.9866159927153932,
      "random_cosine_mean": 0.9770989055218904,
      "temporal_locality_gap": 0.00951708719350286,
      "train_sample_mean_l2": 0.09321262687444687,
      "train_sample_std_l2": 0.16957803070545197
    },
    {
      "seed": 2026,
      "train_days": 574,
      "val_days": 126,
      "final_train_loss": 0.7249809765234226,
      "final_val_loss": 0.7207385301589966,
      "best_val_loss": 0.7113086879253387,
      "view": "only_event",
      "device": "mps",
      "channels_selected": 11,
      "channel_groups_selected": [
        "event"
      ],
      "embedding_dim": 24,
      "embedding_norm_mean": 4.898602485656738,
      "embedding_axis_std_mean": 0.073811836540699,
      "embedding_axis_std_min": 0.02616690658032894,
      "embedding_effective_rank": 3.2420060311529566,
      "subject_centroid_leakage": 0.1957142857142857,
      "adjacent_cosine_mean": 0.9948104104270106,
      "random_cosine_mean": 0.9930681349574656,
      "temporal_locality_gap": 0.0017422754695449738,
      "train_sample_mean_l2": 0.01929595321416855,
      "train_sample_std_l2": 0.021886540576815605
    },
    {
      "seed": 2026,
      "train_days": 574,
      "val_days": 126,
      "final_train_loss": 0.7441732789996609,
      "final_val_loss": 0.7372863292694092,
      "best_val_loss": 0.7338055372238159,
      "view": "event_cross_missing",
      "device": "mps",
      "channels_selected": 34,
      "channel_groups_selected": [
        "cross_modal",
        "event",
        "missingness"
      ],
      "embedding_dim": 24,
      "embedding_norm_mean": 4.898564338684082,
      "embedding_axis_std_mean": 0.0747324526309967,
      "embedding_axis_std_min": 0.027367981150746346,
      "embedding_effective_rank": 3.0084709685653643,
      "subject_centroid_leakage": 0.2671428571428571,
      "adjacent_cosine_mean": 0.9962520136349443,
      "random_cosine_mean": 0.9932889427827752,
      "temporal_locality_gap": 0.0029630708521690696,
      "train_sample_mean_l2": 0.027369920164346695,
      "train_sample_std_l2": 0.07485131174325943
    },
    {
      "seed": 2027,
      "train_days": 574,
      "val_days": 126,
      "final_train_loss": 0.7271461790031672,
      "final_val_loss": 0.7556837201118469,
      "best_val_loss": 0.7352551221847534,
      "view": "only_event",
      "device": "mps",
      "channels_selected": 11,
      "channel_groups_selected": [
        "event"
      ],
      "embedding_dim": 24,
      "embedding_norm_mean": 4.898371696472168,
      "embedding_axis_std_mean": 0.11400210857391357,
      "embedding_axis_std_min": 0.057068053632974625,
      "embedding_effective_rank": 3.970053340587987,
      "subject_centroid_leakage": 0.22142857142857142,
      "adjacent_cosine_mean": 0.986672565125037,
      "random_cosine_mean": 0.9836994248887767,
      "temporal_locality_gap": 0.0029731402362602743,
      "train_sample_mean_l2": 0.03279803693294525,
      "train_sample_std_l2": 0.023585129529237747
    },
    {
      "seed": 2027,
      "train_days": 574,
      "val_days": 126,
      "final_train_loss": 0.8189666996018812,
      "final_val_loss": 0.9401369690895081,
      "best_val_loss": 0.7619109749794006,
      "view": "only_missingness",
      "device": "mps",
      "channels_selected": 21,
      "channel_groups_selected": [
        "missingness"
      ],
      "embedding_dim": 24,
      "embedding_norm_mean": 4.898496150970459,
      "embedding_axis_std_mean": 0.12004927545785904,
      "embedding_axis_std_min": 0.04832051321864128,
      "embedding_effective_rank": 2.452989574448349,
      "subject_centroid_leakage": 0.26857142857142857,
      "adjacent_cosine_mean": 0.9923672226892002,
      "random_cosine_mean": 0.9825784989889117,
      "temporal_locality_gap": 0.009788723700288493,
      "train_sample_mean_l2": 0.06180739775300026,
      "train_sample_std_l2": 0.14696872234344482
    },
    {
      "seed": 2026,
      "train_days": 574,
      "val_days": 126,
      "final_train_loss": 0.7863716514268403,
      "final_val_loss": 0.7866068184375763,
      "best_val_loss": 0.7669889628887177,
      "view": "no_body",
      "device": "mps",
      "channels_selected": 79,
      "channel_groups_selected": [
        "ambience",
        "cross_modal",
        "event",
        "gps_radio",
        "light",
        "missingness",
        "phone"
      ],
      "embedding_dim": 24,
      "embedding_norm_mean": 4.898684501647949,
      "embedding_axis_std_mean": 0.07316893339157104,
      "embedding_axis_std_min": 0.018486274406313896,
      "embedding_effective_rank": 1.5416965123147888,
      "subject_centroid_leakage": 0.3628571428571429,
      "adjacent_cosine_mean": 0.9973167371922645,
      "random_cosine_mean": 0.9931808921737947,
      "temporal_locality_gap": 0.004135845018469864,
      "train_sample_mean_l2": 0.038707491010427475,
      "train_sample_std_l2": 0.041265856474637985
    },
    {
      "seed": 2027,
      "train_days": 574,
      "val_days": 126,
      "final_train_loss": 0.778471500200677,
      "final_val_loss": 0.8275234997272491,
      "best_val_loss": 0.7768794298171997,
      "view": "event_cross_missing",
      "device": "mps",
      "channels_selected": 34,
      "channel_groups_selected": [
        "cross_modal",
        "event",
        "missingness"
      ],
      "embedding_dim": 24,
      "embedding_norm_mean": 4.898573398590088,
      "embedding_axis_std_mean": 0.05224846675992012,
      "embedding_axis_std_min": 0.02283807471394539,
      "embedding_effective_rank": 3.239275946672414,
      "subject_centroid_leakage": 0.23714285714285716,
      "adjacent_cosine_mean": 0.9978909685991812,
      "random_cosine_mean": 0.9967459459235702,
      "temporal_locality_gap": 0.0011450226756110071,
      "train_sample_mean_l2": 0.022879838943481445,
      "train_sample_std_l2": 0.051257435232400894
    },
    {
      "seed": 2027,
      "train_days": 574,
      "val_days": 126,
      "final_train_loss": 0.7976554906326719,
      "final_val_loss": 0.8348464369773865,
      "best_val_loss": 0.8226882517337799,
      "view": "no_body",
      "device": "mps",
      "channels_selected": 79,
      "channel_groups_selected": [
        "ambience",
        "cross_modal",
        "event",
        "gps_radio",
        "light",
        "missingness",
        "phone"
      ],
      "embedding_dim": 24,
      "embedding_norm_mean": 4.898770809173584,
      "embedding_axis_std_mean": 0.03861822932958603,
      "embedding_axis_std_min": 0.013424006290733814,
      "embedding_effective_rank": 3.7121356609186935,
      "subject_centroid_leakage": 0.37,
      "adjacent_cosine_mean": 0.9989914169346077,
      "random_cosine_mean": 0.9982115875983584,
      "temporal_locality_gap": 0.0007798293362493158,
      "train_sample_mean_l2": 0.014610400423407555,