{
  "latent_specs": {
    "current_best": "outputs/domain_temporal_contrastive_family_dropout_probe_v1/combined_latents/recon_ecm_plus_fd_event_cross.parquet",
    "order_event_cross": "outputs/domain_temporal_order_encoder_v1/subject_channel_token/event+cross_modal/embeddings_mean.parquet",
    "order_event_missing": "outputs/domain_temporal_order_encoder_v1/subject_channel_token/event+missingness/embeddings_mean.parquet",
    "combo_order_event_cross": "outputs/domain_temporal_order_probe_v1/combined_latents/recon_ecm_plus_order_event_cross.parquet",
    "combo_order_event_missing": "outputs/domain_temporal_order_probe_v1/combined_latents/recon_ecm_plus_order_event_missing.parquet"
  },
  "n_folds": 5,
  "prior_alpha": 8.0,
  "c_values": [
    0.03,
    0.1,
    0.3
  ],
  "blends": [
    0.05,
    0.1,
    0.2
  ],
  "subject_prior_avg_log_loss": 0.6276539587598199,
  "subject_prior_per_target": {
    "Q1": 0.6731794431644589,
    "Q2": 0.7050100434092992,
    "Q3": 0.6777702303470193,
    "S1": 0.5757019130502258,
    "S2": 0.5798564530783497,
    "S3": 0.5347876459944689,
    "S4": 0.6472719822749171
  },
  "best_source": "current_best__absolute_plus_deviation__c0.3_b0.2",
  "best_avg_log_loss": 0.6229613176952576,
  "best_delta_vs_subject_prior": -0.004692641064562242,
  "top_scores": [
    {
      "source": "current_best__absolute_plus_deviation__c0.3_b0.2",
      "avg_log_loss": 0.6229613176952576,
      "Q1": 0.6689861051722832,
      "Q2": 0.7020978592408005,
      "Q3": 0.6741574430886071,
      "S1": 0.5709585946396454,
      "S2": 0.5775006583045229,
      "S3": 0.5239268911855993,
      "S4": 0.6431016722353451
    },
    {
      "source": "current_best__absolute_plus_deviation__c0.1_b0.2",
      "avg_log_loss": 0.6237927803338889,
      "Q1": 0.6700346459207199,
      "Q2": 0.7010001209828194,
      "Q3": 0.6736543305290845,
      "S1": 0.570926638022677,
      "S2": 0.5773858608726387,
      "S3": 0.530509557959145,
      "S4": 0.6430383080501377
    },
    {
      "source": "combo_order_event_missing__absolute_plus_deviation__c0.3_b0.2",
      "avg_log_loss": 0.6239256944688426,
      "Q1": 0.6689105231895016,
      "Q2": 0.7043637433160921,
      "Q3": 0.671755862594306,
      "S1": 0.5738711202526694,
      "S2": 0.5793798194665134,
      "S3": 0.5261241628258211,
      "S4": 0.643074629636995
    },
    {
      "source": "current_best__deviation__c0.3_b0.2",
      "avg_log_loss": 0.6240101458125175,
      "Q1": 0.6684858700909789,
      "Q2": 0.7005359830135,
      "Q3": 0.6709453564867801,
      "S1": 0.5722806991144583,
      "S2": 0.5788038606570198,
      "S3": 0.5319263483329497,
      "S4": 0.6450929029919353
    },
    {
      "source": "current_best__absolute__c0.3_b0.2",
      "avg_log_loss": 0.6241173933055804,
      "Q1": 0.6684824693681113,
      "Q2": 0.6960139424354125,
      "Q3": 0.6715958320010429,
      "S1": 0.5767896497254626,
      "S2": 0.57712377584321,
      "S3": 0.5353697319901312,
      "S4": 0.6434463517756924
    },
    {
      "source": "combo_order_event_missing__deviation__c0.3_b0.2",
      "avg_log_loss": 0.6243705389857019,
      "Q1": 0.6668160892647153,
      "Q2": 0.7015703402220121,
      "Q3": 0.6706259097427657,
      "S1": 0.5746245414209429,
      "S2": 0.5808984489156441,
      "S3": 0.5315476991217385,
      "S4": 0.6445107442120946
    },
    {
      "source": "combo_order_event_missing__absolute_plus_deviation__c0.1_b0.2",
      "avg_log_loss": 0.6244060736976198,
      "Q1": 0.6686161345161559,
      "Q2": 0.7037474656359627,
      "Q3": 0.672695143737537,
      "S1": 0.5734813410028523,
      "S2": 0.5788512702901449,
      "S3": 0.5301648608619662,
      "S4": 0.6432862998387191
    },
    {
      "source": "current_best__absolute_plus_deviation__c0.3_b0.1",
      "avg_log_loss": 0.6246402437204839,
      "Q1": 0.6703870520810266,
      "Q2": 0.7028804579912902,
      "Q3": 0.6753899056246451,
      "S1": 0.5725652829206151,
      "S2": 0.5782982172544664,
      "S3": 0.5283124809539718,
      "S4": 0.644648309217372
    },
    {
      "source": "combo_order_event_missing__absolute__c0.3_b0.2",
      "avg_log_loss": 0.6247017483537732,
      "Q1": 0.6679512935315335,
      "Q2": 0.6977907687387387,
      "Q3": 0.6704263418498846,
      "S1": 0.5770419582654861,
      "S2": 0.581952314296051,
      "S3": 0.5336545738892317,
      "S4": 0.6440949879054869
    },
    {
      "source": "current_best__absolute__c0.1_b0.2",
      "avg_log_loss": 0.6248055077107109,
      "Q1": 0.6690211013852839,
      "Q2": 0.695985553273431,
      "Q3": 0.6722815756692752,
      "S1": 0.5765698767452224,
      "S2": 0.5785418448526426,
      "S3": 0.5375898762311342,
      "S4": 0.6436487258179873
    },
    {
      "source": "combo_order_event_missing__absolute__c0.1_b0.2",
      "avg_log_loss": 0.6248191381924588,
      "Q1": 0.6673583190971951,
      "Q2": 0.6988498958243815,
      "Q3": 0.6713665343175779,
      "S1": 0.5770064885537232,
      "S2": 0.5815343602521718,
      "S3": 0.5343992821901546,
      "S4": 0.6432190871120071
    },
    {
      "source": "current_best__absolute__c0.3_b0.1",
      "avg_log_loss": 0.6249111866265454,
      "Q1": 0.6698847948479304,
      "Q2": 0.6995458522566016,
      "Q3": 0.6740936711983416,
      "S1": 0.5753749930363661,
      "S2": 0.5775081864713353,
      "S3": 0.5334034961742707,
      "S4": 0.6445673124009722
    },
    {
      "source": "combo_order_event_missing__deviation__c0.1_b0.2",
      "avg_log_loss": 0.6249490582330374,
      "Q1": 0.6666796372862501,
      "Q2": 0.700484391716754,
      "Q3": 0.6719399779887387,
      "S1": 0.5746408211368051,
      "S2": 0.5813893347949024,
      "S3": 0.5356329228611932,
      "S4": 0.6438763218466175
    },
    {
      "source": "current_best__deviation__c0.1_b0.2",
      "avg_log_loss": 0.6249596685358976,
      "Q1": 0.6693083850507102,
      "Q2": 0.6980632857197336,
      "Q3": 0.6714859185179932,
      "S1": 0.5726232263945995,
      "S2": 0.580821999862295,
      "S3": 0.537460926778204,
      "S4": 0.6449539374277473
    },
    {
      "source": "current_best__deviation__c0.3_b0.1",
      "avg_log_loss": 0.6250272612527505,
      "Q1": 0.6700725952765982,
      "Q2": 0.7019563241492567,
      "Q3": 0.6737967235018937,
      "S1": 0.5730418893912356,
      "S2": 0.5785956079132961,
      "S3": 0.5321986578591992,
      "S4": 0.6455290306777747
    },
    {
      "source": "current_best__absolute_plus_deviation__c0.03_b0.2",
      "avg_log_loss": 0.6251308923741101,
      "Q1": 0.6711863561957777,
      "Q2": 0.699155691025882,
      "Q3": 0.6737950473649815,
      "S1": 0.5717664486284147,
      "S2": 0.5791178682289152,
      "S3": 0.536995556825799,
      "S4": 0.6438992783490008
    },
    {
      "source": "current_best__absolute_plus_deviation__c0.1_b0.1",
      "avg_log_loss": 0.6251313543349591,
      "Q1": 0.6710154207922362,
      "Q2": 0.7024244028175395,
      "Q3": 0.6752788531759149,
      "S1": 0.5726215122367455,
      "S2": 0.5782056607878319,
      "S3": 0.5316874047001796,
      "S4": 0.644686225834266
    },
    {
      "source": "combo_order_event_missing__absolute_plus_deviation__c0.3_b0.1",
      "avg_log_loss": 0.6251737031406314,
      "Q1": 0.6704623809901123,
      "Q2": 0.7042331313300595,
      "Q3": 0.6742446256108653,
      "S1": 0.5742245565585503,
      "S2": 0.579164189233279,
      "S3": 0.529309788702968,
      "S4": 0.6445772495585856
    },
    {
      "source": "combo_order_event_missing__absolute__c0.3_b0.1",
      "avg_log_loss": 0.6251979789051212,
      "Q1": 0.6697273446243417,
      "Q2": 0.7006239371064302,
      "Q3": 0.6735407403561899,
      "S1": 0.5755131204141792,
      "S2": 0.5797103551417591,
      "S3": 0.5324151003485613,
      "S4": 0.644855254344387
    },
    {
      "source": "combo_order_event_missing__absolute_plus_deviation__c0.03_b0.2",
      "avg_log_loss": 0.6252280806540595,
      "Q1": 0.66869194241582,