target,surprise_score,low_rate,high_rate,shift,abs_shift,direction
Q1,surprise_phone_device_rank,0.584070796460177,0.4690265486725664,-0.11504424778761063,0.11504424778761063,-1
Q2,surprise_app_social_context_rank,0.45132743362831856,0.6194690265486725,0.16814159292035397,0.16814159292035397,1
Q3,surprise_phone_device_rank,0.7079646017699115,0.5309734513274337,-0.17699115044247782,0.17699115044247782,-1
S1,masked_surprise_energy_mean_rank,0.7787610619469026,0.6548672566371682,-0.12389380530973448,0.12389380530973448,-1
S2,masked_surprise_energy_disagreement_rank,0.6548672566371682,0.7256637168141593,0.07079646017699115,0.07079646017699115,1
S3,surprise_body_sleep_activity_rank,0.6194690265486725,0.7699115044247787,0.1504424778761062,0.1504424778761062,1
S4,masked_surprise_energy_disagreement_rank,0.5575221238938053,0.6548672566371682,0.09734513274336287,0.09734513274336287,1
