target_view,context_feature_count,target_feature_count,train_mean_residual,test_mean_residual,test_minus_train_mean,test_top_quartile_cut
calendar_rhythm,94,5,8.02211295100282,1.0281603790732468,-6.993952571929572,1.1921191582598811
phone_device,59,40,8.593232263059068,1.450715575021061,-7.1425166880380075,1.6267460797552076
body_sleep_activity,81,18,19.355981238036932,1.32079302550977,-18.035188212527164,1.5381337825034662
app_social_context,81,18,4.974280516346833,1.1759631628886564,-3.7983173534581764,1.4253603474817829
mobility_environment,81,18,12.787647060931048,0.9995999904621687,-11.78804707046888,1.2183253774550935
