target,selected_cells,gain_sum,mean_gain,positive_gain_rate,raw_action_count,inverse_action_count,positive_subjects,negative_subjects
Q1,36,-3.205452411739236,-0.08904034477053432,0.3611111111111111,16.0,20.0,1,9
Q2,20,-0.027620166942072366,-0.0013810083471036184,0.6,1.0,19.0,6,4
Q3,50,0.37645049698483285,0.007529009939696657,0.56,19.0,31.0,8,2
S1,22,-0.3558422789857696,-0.01617464904480771,0.5909090909090909,11.0,11.0,5,5
S2,36,-0.8158442908269175,-0.022662341411858817,0.4444444444444444,13.0,23.0,5,5
S3,12,0.26924756853849857,0.022437297378208213,0.6666666666666666,4.0,8.0,7,3
S4,53,0.5281663176700031,0.009965402220188737,0.5849056603773585,19.0,34.0,5,4
