test,target_view,context_view_count,context_feature_count,target_feature_count,mean_r2,mean_null_r2,r2_lift_vs_null,mean_component_corr,mean_null_component_corr,component_corr_lift_vs_null,uses_public_score,uses_label_informed_features
masked_context_to_target_view,calendar_rhythm,4,94,5,-24.02639850544714,-10.761032871896166,-13.265365633550974,0.04531993854119715,0.0006587701641915557,0.044661168377005594,False,False
masked_context_to_target_view,phone_behavior,4,59,40,-2.884496854604603,-23.813244464520213,20.92874760991561,0.35687114631954586,-0.023503831786884526,0.3803749781064304,False,False
masked_context_to_target_view,body_activity_sleep,4,81,18,-22.150160426442262,-41.97409393296897,19.823933506526707,0.26873020275362663,0.00784966222201304,0.2608805405316136,False,False
masked_context_to_target_view,app_social_context,4,81,18,-0.5632924847957514,-0.5731107485545832,0.009818263758831769,0.33669910878080517,-0.023305109754353143,0.3600042185351583,False,False
masked_context_to_target_view,mobility_environment,4,81,18,-12.300181389115561,-11.17267161548503,-1.127509773630532,0.32706450127937375,-0.00815440686139574,0.3352189081407695,False,False
