{
  "view": "no_sleep",
  "encoder_type": "transformer",
  "encoder_params": 6791,
  "device": "mps",
  "sequence": {
    "n_days": 700.0,
    "n_base_features": 82.0,
    "n_token_features": 335.0,
    "raw_tokens_per_day": 48.0,
    "effective_tokens_per_day": 12.0,
    "pool_len": 4.0,
    "pool_stats": "mean",
    "mean_missing_fraction": 0.08443706445993032,
    "add_deviation_features": 1.0
  },
  "n_features": 335,
  "epochs": 50,
  "final_ssl_loss": 0.3019517811707088,
  "best_global_source": "transformer_ridge_resid_a1_w0p35",
  "best_global_avg_log_loss": 0.6267087455821256,
  "best_global_per_target": {
    "Q1": 0.6762474458125662,
    "Q2": 0.6966373781570995,
    "Q3": 0.6789241820926961,
    "S1": 0.5806481886641963,
    "S2": 0.5759846487328026,
    "S3": 0.5361581829896748,
    "S4": 0.642361192625844
  },
  "targetwise_avg_log_loss": 0.623264558782166,
  "targetwise_per_target": {
    "Q1": 0.6716554942010602,
    "Q2": 0.6919592126330205,
    "Q3": 0.6722892867157065,
    "S1": 0.5757019130502258,
    "S2": 0.5759846487328026,
    "S3": 0.5330309613778893,
    "S4": 0.6422303947644574
  },
  "targetwise_sources": {
    "Q1": "transformer_logreg_c0p03_w0p2",
    "Q2": "transformer_logreg_c0p3_w0p35",
    "Q3": "transformer_logreg_c0p03_w0p35",
    "S1": "subject_prior_a8",
    "S2": "transformer_ridge_resid_a1_w0p35",
    "S3": "subject_prior_a4",
    "S4": "transformer_ridge_resid_a5_w0p35"
  },
  "targetwise_source_losses": {
    "Q1": 0.6716554942010602,
    "Q2": 0.6919592126330205,
    "Q3": 0.6722892867157065,
    "S1": 0.5757019130502258,
    "S2": 0.5759846487328026,
    "S3": 0.5330309613778893,
    "S4": 0.6422303947644574
  },
  "drift_vs_reference_best_global": {
    "reference": "outputs/v83_repaired_v80/submission_v83_gq015_gs010.csv",
    "mean_abs_drift": 0.06654417817781223,
    "max_abs_drift": 0.35558905232192095,
    "corr": 0.8689623816617155,
    "target_mean": {
      "Q1": 0.5090945185859684,
      "Q2": 0.561322195493709,
      "Q3": 0.6027555458667075,
      "S1": 0.6927405357517775,
      "S2": 0.6514665133843164,
      "S3": 0.6697696985132827,
      "S4": 0.5582870339617177
    },
    "target_mean_shift": {
      "Q1": -0.00127367831598764,
      "Q2": -0.007996119562751257,
      "Q3": -0.009231215794490884,
      "S1": 0.010128148540678221,
      "S2": 0.007541264730316382,
      "S3": 0.011128877616327117,
      "S4": 0.005273111939030225
    },
    "panel_mean_abs_drift": {
      "early": 0.05270176420549762,
      "mid": 0.06709001421316234,
      "late": 0.07936504352835036
    }
  },
  "drift_vs_reference_targetwise": {
    "reference": "outputs/v83_repaired_v80/submission_v83_gq015_gs010.csv",
    "mean_abs_drift": 0.06728167087765625,
    "max_abs_drift": 0.3167408082501537,
    "corr": 0.8681051013786526,
    "target_mean": {
      "Q1": 0.5042277140224987,
      "Q2": 0.5640137865132362,
      "Q3": 0.6022183882834318,
      "S1": 0.6923877866215694,
      "S2": 0.6514665133843164,
      "S3": 0.6743072986995421,
      "S4": 0.5587070726741065
    },
    "target_mean_shift": {
      "Q1": -0.006140482879457352,
      "Q2": -0.0053045285432240415,
      "Q3": -0.009768373377766591,
      "S1": 0.009775399410469864,
      "S2": 0.007541264730316382,
      "S3": 0.01566647780258651,
      "S4": 0.005693150651419031
    },
    "panel_mean_abs_drift": {
      "early": 0.05421636130940847,
      "mid": 0.06811397188679903,
      "late": 0.0790731344169206
    }
  },
  "ssl_loss_history": [
    0.6420764705113002,
    0.6214402505329677,
    0.5982614830562046,
    0.5853109914915903,
    0.5818057400839669,
    0.5834207316807338,
    0.5535094996861049,
    0.542070802279881,
    0.5215481533323015,
    0.5234504917689732,
    0.5009272350583758,
    0.49699799690927776,
    0.4849202561378479,
    0.4699052197592599,
    0.4745704592977251,
    0.4580887588432857,
    0.43856803349086215,
    0.432322165114539,
    0.4345084541184562,
    0.42990113650049483,
    0.41144041776657103,
    0.3998537274769374,
    0.38945841755185806,
    0.38155639699527194,
    0.36790661879948205,
    0.3554579983438764,
    0.3575504040718079,
    0.34078912564686364,
    0.3262441367762429,
    0.32733159933771405,
    0.34532108170645576,
    0.3094530168601445,
    0.345774575812476,
    0.32942782487188066,
    0.3149848238059453,
    0.3145728741373335,
    0.3270458505834852,
    0.31743265765053885,
    0.31007640412875587,
    0.3276922927583967,
    0.3158126500674657,
    0.33833726167678835,
    0.32304865275110517,
    0.3133882532800947,
    0.3080874446460179,
    0.30494598490851266,
    0.302092205796923,
    0.29966247609683444,
    0.3120870723043169,
    0.3019517811707088
  ]
}