{
  "baseline": "block_aware_qcount",
  "promotion_rule": {
    "overall_p025": "> 0",
    "late_delta": ">= -0.0015",
    "tail20_delta": ">= -0.0025",
    "worst_subject_delta": ">= -0.006",
    "worst_late_target_delta": ">= -0.01"
  },
  "summary": [
    {
      "name": "sleep_qcount_min3",
      "avg_log_loss": 0.5815583946328367,
      "overall_p025": -0.0005318088343331636,
      "overall_improvement": 0.00029275809622517426,
      "early_delta": 0.0009404260141430143,
      "mid_delta": 0.0004119745413877496,
      "late_delta": -0.0004659437001200972,
      "tail20_delta": -0.0009992654529183964,
      "late_p025": -0.0017470605692794748,
      "tail20_p025": -0.002504270165136241,
      "worst_subject_delta": -0.0014925909621603672,
      "worst_late_target_delta": -0.003340947789604365,
      "promote": false
    },
    {
      "name": "block_aware_qcount",
      "avg_log_loss": 0.5818511527290617,
      "overall_p025": 0.0,
      "overall_improvement": 0.0,
      "early_delta": 0.0,
      "mid_delta": 0.0,
      "late_delta": 0.0,
      "tail20_delta": 0.0,
      "late_p025": 0.0,
      "tail20_p025": 0.0,
      "worst_subject_delta": 0.0,
      "worst_late_target_delta": 0.0,
      "promote": false
    }
  ]
}