{
  "base_avg_log_loss": 0.583797792989271,
  "base_targets": {
    "Q1": 0.6373676761965493,
    "Q2": 0.6503050342800608,
    "Q3": 0.6229202717319089,
    "S1": 0.5542725406575977,
    "S2": 0.5292196070733155,
    "S3": 0.49841585304667624,
    "S4": 0.5940835679387884
  },
  "best": {
    "name": "transductive_q_count_w0.3",
    "weight": 0.3,
    "avg_log_loss": 0.5827082648502966,
    "delta_vs_base": 0.0010895281389744493,
    "fold_std": 0.01115515566703174,
    "worst_fold": 0.6047425835399357,
    "improved_folds": 4,
    "worst_target_delta": 0.0,
    "promote": true,
    "Q1": 0.6364981159157367,
    "Q2": 0.6442622015553385,
    "Q3": 0.6222059677646223,
    "S1": 0.5542725406575977,
    "S2": 0.5292196070733155,
    "S3": 0.49841585304667624,
    "S4": 0.5940835679387884,
    "improvement": 0.0010895281389744717,
    "improvement_p025": 0.00042002582313480406,
    "improvement_p500": 0.001094244995465358,
    "improvement_p975": 0.001761782894680453
  },
  "args": {
    "train_path": "data/ch2026_metrics_train.csv",
    "sample_path": "data/ch2026_submission_sample.csv",
    "base_oof": "outputs/blend_temporal_label_master_residual_min3_w03/oof_candidate_probability_blend.csv",
    "base_submission": "outputs/blend_temporal_label_master_residual_min3_w03/submission_candidate_probability_blend.csv",
    "candidate_oof": "outputs/transductive_q_count_on_w03/oof_transductive_q_count.csv",
    "candidate_submission": "outputs/transductive_q_count_on_w03/submission_transductive_q_count.csv",
    "output_dir": "outputs/blend_w03_transductive_q_count_w03",
    "name": "transductive_q_count",
    "weights": "0.3",
    "folds": 5,
    "bootstrap": 3000,
    "seed": 2026,
    "max_target_regression": 0.001
  }
}