{
  "view": "only_rhythm",
  "device": "mps",
  "sequence": {
    "n_days": 700.0,
    "n_base_features": 23.0,
    "n_token_features": 53.0,
    "mean_missing_fraction": 0.3141304347826087
  },
  "n_features": 53,
  "epochs": 80,
  "final_ssl_loss": 0.2702257742200579,
  "best_global_source": "transformer_ridge_resid_a20_w0p35",
  "best_global_avg_log_loss": 0.624184586151175,
  "best_global_per_target": {
    "Q1": 0.6698741558695857,
    "Q2": 0.6823997694777422,
    "Q3": 0.6711738548595941,
    "S1": 0.5751152571883016,
    "S2": 0.5799655775425229,
    "S3": 0.540898620373541,
    "S4": 0.6498648677469376
  },
  "targetwise_avg_log_loss": 0.619824782240278,
  "targetwise_per_target": {
    "Q1": 0.6688308708237696,
    "Q2": 0.6718029383735512,
    "Q3": 0.6662349528347282,
    "S1": 0.5731396829439965,
    "S2": 0.5785322470692182,
    "S3": 0.5330309613778893,
    "S4": 0.6472018222587927
  },
  "targetwise_sources": {
    "Q1": "transformer_logreg_c0p3_w0p2",
    "Q2": "transformer_logreg_c0p3_w0p35",
    "Q3": "transformer_logreg_c0p1_w0p35",
    "S1": "transformer_ridge_resid_a5_w0p2",
    "S2": "transformer_ridge_resid_a5_w0p2",
    "S3": "subject_prior_a4",
    "S4": "transformer_logreg_c0p1_w0p05"
  },
  "targetwise_source_losses": {
    "Q1": 0.6688308708237696,
    "Q2": 0.6718029383735512,
    "Q3": 0.6662349528347282,
    "S1": 0.5731396829439965,
    "S2": 0.5785322470692182,
    "S3": 0.5330309613778893,
    "S4": 0.6472018222587927
  },
  "drift_vs_reference_best_global": {
    "reference": "outputs/v83_repaired_v80/submission_v83_gq015_gs010.csv",
    "mean_abs_drift": 0.07048035299603739,
    "max_abs_drift": 0.4346046989829676,
    "corr": 0.8525938754999102,
    "target_mean": {
      "Q1": 0.48318152737033127,
      "Q2": 0.543939958383536,
      "Q3": 0.5933927513009799,
      "S1": 0.6851937656424327,
      "S2": 0.652280610597318,
      "S3": 0.6675502123426116,
      "S4": 0.5545741682336425
    },
    "target_mean_shift": {
      "Q1": -0.027186669531624744,
      "Q2": -0.02537835667292418,
      "Q3": -0.01859401036021848,
      "S1": 0.0025813784313332864,
      "S2": 0.008355361943318089,
      "S3": 0.008909391445655813,
      "S4": 0.001560246210955085
    },
    "panel_mean_abs_drift": {
      "early": 0.05430701944004532,
      "mid": 0.07266235676249165,
      "late": 0.08395220051339798
    }
  },
  "drift_vs_reference_targetwise": {
    "reference": "outputs/v83_repaired_v80/submission_v83_gq015_gs010.csv",
    "mean_abs_drift": 0.07195966660821337,
    "max_abs_drift": 0.40440659446418503,
    "corr": 0.8396812851187255,
    "target_mean": {
      "Q1": 0.4843268175860974,
      "Q2": 0.529648408733477,
      "Q3": 0.5925354422609925,
      "S1": 0.6879439488852002,
      "S2": 0.6542336110685856,
      "S3": 0.6743072986995421,
      "S4": 0.5596333448634823
    },
    "target_mean_shift": {
      "Q1": -0.026041379315858582,
      "Q2": -0.03966990632298318,
      "Q3": -0.01945131940020585,
      "S1": 0.005331561674100765,
      "S2": 0.010308362414585593,
      "S3": 0.01566647780258651,
      "S4": 0.006619422840794778
    },
    "panel_mean_abs_drift": {
      "early": 0.055876393097223545,
      "mid": 0.07427934156971086,
      "late": 0.08521020079758838
    }
  },
  "ssl_loss_history": [
    1.4835267339433942,
    0.9931159598486764,
    0.6543804447991507,
    0.5527720328739711,
    0.5395727249554225,
    0.4934642859867641,
    0.47342800617218017,
    0.4461512511117118,
    0.4213744442803519,
    0.42157586319105966,
    0.3961455844129835,
    0.3899541303089687,
    0.3806626895495823,
    0.3795715813977378,
    0.3501014981951032,
    0.3519374590260642,
    0.35314012118748256,
    0.3401088454042162,
    0.3373006100314004,
    0.32400302256856645,
    0.3311767280101776,
    0.32063223242759703,
    0.31656771455492294,
    0.3227411038534982,
    0.3014715363298144,
    0.3116564100129264,
    0.3016154193878174,
    0.2932402401311057,
    0.3094619924681527,
    0.29228329028402056,
    0.3046549253804343,
    0.30370921730995176,
    0.29107451592172895,
    0.29417021581104824,
    0.30353361981255667,
    0.2928838050365448,
    0.2907943105697632,
    0.2816278716496059,
    0.2902644763674055,
    0.28346103514943805,
    0.29248382210731505,
    0.2896216978345599,
    0.29003852214132037,
    0.27951146057673865,
    0.3009632331984384,
    0.2752612153121403,
    0.2822945581163679,
    0.2738441833427974,
    0.276112562417984,
    0.27164996453693935,
    0.2816382736819131,
    0.2770752094473158,
    0.2775876244476863,
    0.2843037249360766,
    0.2788053643703461,
    0.2789396619796753,
    0.27778537460735864,
    0.27722827230181013,
    0.27039833188056944,
    0.2694920871938978,
    0.2729731888430459,
    0.277354018007006,
    0.2645639806985855,
    0.26352868846484595,
    0.267459409236908,
    0.2626543058667864,
    0.2686430813585009,
    0.2755918530055455,
    0.27068089280809676,
    0.2691884011881692,
    0.2654087393624442,
    0.25729703451905933,
    0.25651168993541174,
    0.2762212259428842,
    0.26086457014083864,
    0.26566524880273,
    0.26392768280846735,
    0.2599491402081081,
    0.26925518257277353,
    0.2702257742200579
  ]
}