{
  "baseline": "v36a",
  "base_avg_log_loss": 0.5636512002069283,
  "base_targets": {
    "Q1": 0.6229089036576567,
    "Q2": 0.6015446851390505,
    "Q3": 0.5808181491118762,
    "S1": 0.542876211922032,
    "S2": 0.5216020735854402,
    "S3": 0.49350229428993797,
    "S4": 0.582306083742504
  },
  "final_avg_log_loss": 0.5588831336690316,
  "final_targets": {
    "Q1": 0.6195013714649611,
    "Q2": 0.5881183581542447,
    "Q3": 0.5783220485051225,
    "S1": 0.5419605290385365,
    "S2": 0.5205397784787853,
    "S3": 0.48944898976506324,
    "S4": 0.5742908602765083
  },
  "improvement": 0.004768066537896631,
  "fold_deltas": [
    0.006714595335610614,
    0.005515557898128111,
    0.0027597404652507204,
    0.0034431596891817393,
    0.005289656273482745
  ],
  "subject_deltas": {
    "id01": 0.00335988956531998,
    "id02": 0.004572729273545771,
    "id03": 0.008621219558353882,
    "id04": 0.004919547456000644,
    "id05": 0.005021575850823809,
    "id06": 0.004145176991263192,
    "id07": 0.002878974346871014,
    "id08": 0.007464170168262694,
    "id09": 0.001879946276235312,
    "id10": 0.005073033683803169
  },
  "block_deltas": {
    "early": 0.005651903694718077,
    "mid": 0.0018315541556884374,
    "late": 0.005516629844142938,
    "tail20": 0.0
  },
  "bootstrap": {
    "improvement_p025": 0.0028123775651636615,
    "improvement_p500": 0.004775714413255442,
    "improvement_p975": 0.006716507106402638
  },
  "candidate_names": [
    "v36a",
    "v35e",
    "forward",
    "forward_broad",
    "master_residual",
    "stack_v34a",
    "stack_qcal",
    "diverse_lgbm",
    "graph_tc",
    "block_s1",
    "current_pool",
    "temporal_calendar",
    "label_proj",
    "v14_s4_core",
    "tchgb_s3",
    "tclogreg_q3"
  ],
  "panel_features": [
    "panel_index",
    "panel_position",
    "weekday_sin",
    "weekday_cos",
    "subject_id01",
    "subject_id02",
    "subject_id03",
    "subject_id04",
    "subject_id05",
    "subject_id06",
    "subject_id07",
    "subject_id08",
    "subject_id09",
    "subject_id10"
  ],
  "args": {
    "train_path": "data/ch2026_metrics_train.csv",
    "sample_path": "data/ch2026_submission_sample.csv",
    "output_dir": "outputs/windowed_prediction_stack_v37c_full_local_on_v36a",
    "baseline": "v36a",
    "candidate": [
      "v36a:outputs/sample_portfolio_v36a_v35e_oracle_block_tail_mix/oof_sample_support_target_blend.csv:outputs/sample_portfolio_v36a_v35e_oracle_block_tail_mix/submission_sample_support_target_blend.csv",
      "v35e:outputs/sample_portfolio_v35e_v35b_plus_stack_q2mid_w050_prob/oof_sample_support_target_blend.csv:outputs/sample_portfolio_v35e_v35b_plus_stack_q2mid_w050_prob/submission_sample_support_target_blend.csv",
      "forward:outputs/forward_label_prior_on_multi_signal/oof_forward_label_prior.csv:outputs/forward_label_prior_on_multi_signal/submission_forward_label_prior.csv",
      "forward_broad:outputs/forward_label_prior_on_multi_signal_broadw/oof_forward_label_prior.csv:outputs/forward_label_prior_on_multi_signal_broadw/submission_forward_label_prior.csv",
      "master_residual:outputs/master_residual_on_v27_q3mid_w065_fast_min3/oof_master_residual_decoder.csv:outputs/master_residual_on_v27_q3mid_w065_fast_min3/submission_master_residual_decoder.csv",
      "stack_v34a:outputs/prediction_stack_decoder_v34a_diverse_robust_smallc/oof_prediction_stack_decoder.csv:outputs/prediction_stack_decoder_v34a_diverse_robust_smallc/submission_prediction_stack_decoder.csv",
      "stack_qcal:outputs/prediction_stack_decoder_qcal_idlong_wide/oof_prediction_stack_decoder.csv:outputs/prediction_stack_decoder_qcal_idlong_wide/submission_prediction_stack_decoder.csv",
      "diverse_lgbm:outputs/diverse_tabular_decoder/oof_lgbm_latent.csv:outputs/diverse_tabular_decoder/submission_lgbm_latent.csv",
      "graph_tc:outputs/graph_temporal_contrastive_on_v27_q3mid_w065_min3/oof_graph_diffusion_decoder.csv:outputs/graph_temporal_contrastive_on_v27_q3mid_w065_min3/submission_graph_diffusion_decoder.csv",
      "block_s1:outputs/block_aware_s1_broad_residual_on_qcount/oof_block_aware_targetwise_blend.csv:outputs/block_aware_s1_broad_residual_on_qcount/submission_block_aware_targetwise_blend.csv",
      "current_pool:outputs/sample_weighted_targetwise_current_pool_vs_multi_signal/oof_sample_weighted_targetwise_blend.csv:outputs/sample_weighted_targetwise_current_pool_vs_multi_signal/submission_sample_weighted_targetwise_blend.csv",
      "temporal_calendar:outputs/blend_temporal_label_calendar_min3/oof_candidate_probability_blend.csv:outputs/blend_temporal_label_calendar_min3/submission_candidate_probability_blend.csv",
      "label_proj:outputs/label_prior_projection_on_v29_s1mid_min3/oof_label_prior_projection.csv:outputs/label_prior_projection_on_v29_s1mid_min3/submission_label_prior_projection.csv",
      "v14_s4_core:outputs/position_weighted_tail_decoder_on_v14/sources/oof_logreg_core_midtail_C0.03.csv:outputs/position_weighted_tail_decoder_on_v14/sources/submission_logreg_core_midtail_C0.03.csv",
      "tchgb_s3:outputs/position_weighted_temporal_contrastive_hgb_decoder_on_v21/sources/oof_hgb_latent_temporal_core_tail3_l20.3.csv:outputs/position_weighted_temporal_contrastive_hgb_decoder_on_v21/sources/submission_hgb_latent_temporal_core_tail3_l20.3.csv",
      "tclogreg_q3:outputs/position_weighted_temporal_contrastive_decoder_on_v21/sources/oof_logreg_latent_temporal_rankdev_midtail_C0.03.csv:outputs/position_weighted_temporal_contrastive_decoder_on_v21/sources/submission_logreg_latent_temporal_rankdev_midtail_C0.03.csv"
    ],
    "windows": "early:0:0.333333,mid:0.333333:0.666667,late_mid:0.666667:0.8,tail20:0.8:1.000001",
    "feature_sets": "same_target,same_context,all_targets",
    "c_values": "0.003,0.01,0.03,0.1,0.3",
    "blend_weights": "0.05,0.1,0.2,0.3,0.5,0.7,1.0",
    "folds": 5,
    "min_train_rows": 24,
    "min_window_delta": 0.0002,
    "min_window_folds_improved": 2,
    "max_subject_window_regression": 0.025,
    "max_fold_window_regression": 0.015,
    "stress_weight": 0.2,
    "bootstrap": 5000,
    "seed": 2026,
    "require_sample_support": false
  }
}