{
  "view": "full",
  "device": "mps",
  "sequence": {
    "n_days": 700.0,
    "n_base_features": 65.0,
    "n_token_features": 267.0,
    "mean_missing_fraction": 0.19283882783882783,
    "add_deviation_features": 1.0
  },
  "n_features": 267,
  "epochs": 60,
  "final_ssl_loss": 0.37126865931919645,
  "best_global_source": "transformer_logreg_c0p1_w0p1",
  "best_global_avg_log_loss": 0.6266657378277392,
  "best_global_per_target": {
    "Q1": 0.6726178029727509,
    "Q2": 0.6982269229689262,
    "Q3": 0.6774401871454926,
    "S1": 0.5760480185554232,
    "S2": 0.581158225415712,
    "S3": 0.5341837756550414,
    "S4": 0.6469852320808276
  },
  "targetwise_avg_log_loss": 0.6233808085512288,
  "targetwise_per_target": {
    "Q1": 0.6721770581393399,
    "Q2": 0.6892658450763867,
    "Q3": 0.6738228049000621,
    "S1": 0.5754635160188546,
    "S2": 0.5788244902268824,
    "S3": 0.5278774238138211,
    "S4": 0.6462345216832553
  },
  "targetwise_sources": {
    "Q1": "subject_prior_a16",
    "Q2": "transformer_logreg_c0p1_w0p35",
    "Q3": "subject_prior_a16",
    "S1": "transformer_logreg_c0p03_w0p05",
    "S2": "transformer_ridge_resid_a1_w0p1",
    "S3": "transformer_ridge_resid_a1_w0p2",
    "S4": "transformer_ridge_resid_a20_w0p1"
  },
  "targetwise_source_losses": {
    "Q1": 0.6721770581393399,
    "Q2": 0.6892658450763867,
    "Q3": 0.6738228049000621,
    "S1": 0.5754635160188546,
    "S2": 0.5788244902268824,
    "S3": 0.5278774238138211,
    "S4": 0.6462345216832553
  },
  "drift_vs_reference_best_global": {
    "reference": "outputs/v83_repaired_v80/submission_v83_gq015_gs010.csv",
    "mean_abs_drift": 0.06688835464778196,
    "max_abs_drift": 0.2953551220084437,
    "corr": 0.8801657608929209,
    "target_mean": {
      "Q1": 0.5024746769215557,
      "Q2": 0.5515757162169798,
      "Q3": 0.6027796276549813,
      "S1": 0.6934454260033625,
      "S2": 0.6549001725336207,
      "S3": 0.6600431346650042,
      "S4": 0.5576517789974962
    },
    "target_mean_shift": {
      "Q1": -0.007893519980400365,
      "Q2": -0.017742598839480234,
      "Q3": -0.009207134006217147,
      "S1": 0.01083303879226295,
      "S2": 0.010974923879620657,
      "S3": 0.0014023137680486055,
      "S4": 0.004637856974808796
    },
    "panel_mean_abs_drift": {
      "early": 0.05617502165638926,
      "mid": 0.06832985449311743,
      "late": 0.07581598780226853
    }
  },
  "drift_vs_reference_targetwise": {
    "reference": "outputs/v83_repaired_v80/submission_v83_gq015_gs010.csv",
    "mean_abs_drift": 0.06956375990128782,
    "max_abs_drift": 0.34203271761189025,
    "corr": 0.8547154966081211,
    "target_mean": {
      "Q1": 0.49965650813885837,
      "Q2": 0.5340497196433264,
      "Q3": 0.6030728937366889,
      "S1": 0.6929292790169873,
      "S2": 0.6580967889306121,
      "S3": 0.6687849657544584,
      "S4": 0.5572352795749344
    },
    "target_mean_shift": {
      "Q1": -0.01071168876309774,
      "Q2": -0.03526859541313386,
      "Q3": -0.008913867924509376,
      "S1": 0.010316891805887934,
      "S2": 0.014171540276612191,
      "S3": 0.010144144857502695,
      "S4": 0.0042213575522469125
    },
    "panel_mean_abs_drift": {
      "early": 0.05928424906708281,
      "mid": 0.07243614440558306,
      "late": 0.07667566548420908
    }
  },
  "ssl_loss_history": [
    0.8163976499012539,
    0.6489241995130266,
    0.5613574487822396,
    0.5497119879722595,
    0.5239803188187735,
    0.5104286754131317,
    0.5031772376809801,
    0.49336395621299745,
    0.4833231374195644,
    0.47134643929345266,
    0.46988484025001526,
    0.4531379863194057,
    0.4455940456049783,
    0.44212370327540806,
    0.43674275551523484,
    0.4297335243225098,
    0.42826464891433713,
    0.421803549187524,
    0.4231427119459425,
    0.42226096987724304,
    0.41265725203922815,
    0.41839931436947414,
    0.4083196290901729,
    0.4126790247644697,
    0.40352079783167155,
    0.4097359095300947,
    0.40417251569884166,
    0.4054081497873579,
    0.40355001381465366,
    0.4031115014212472,
    0.40348456025123597,
    0.3960259260450091,
    0.39412613698414395,
    0.39294205171721325,
    0.3906012487411499,
    0.3941887034688677,
    0.3909744998386928,
    0.39348578691482544,
    0.38655169793537686,
    0.3847885125023978,
    0.3890907830851419,
    0.38611225060054233,
    0.39163693700517926,
    0.381542216369084,
    0.37699193137032644,
    0.3843766064303262,
    0.3822244782107217,
    0.3797820859295981,
    0.37761472395488194,
    0.3823866169793265,
    0.380320451940809,
    0.37875231862068176,
    0.3755993298121861,
    0.37982538853372844,
    0.37462774549211775,
    0.3801337538446699,
    0.37646782755851743,
    0.37417677998542787,
    0.3672448566981724,
    0.37126865931919645
  ]
}