{
  "view": "only_event",
  "encoder_type": "gru",
  "encoder_params": 1843,
  "device": "mps",
  "sequence": {
    "n_days": 700.0,
    "n_base_features": 45.0,
    "n_token_features": 187.0,
    "mean_missing_fraction": 0.0,
    "add_deviation_features": 1.0
  },
  "n_features": 187,
  "epochs": 50,
  "final_ssl_loss": 0.5391094846384866,
  "best_global_source": "transformer_logreg_c0p3_w0p05",
  "best_global_avg_log_loss": 0.6273666211281396,
  "best_global_per_target": {
    "Q1": 0.6724033384101373,
    "Q2": 0.7025150550672141,
    "Q3": 0.6766226750428771,
    "S1": 0.5761371639349875,
    "S2": 0.5801855823258902,
    "S3": 0.5364542611359346,
    "S4": 0.6472482719799364
  },
  "targetwise_avg_log_loss": 0.6246591816006217,
  "targetwise_per_target": {
    "Q1": 0.671531893903591,
    "Q2": 0.6930174425680836,
    "Q3": 0.6725151172200827,
    "S1": 0.5757019130502258,
    "S2": 0.5798564530783497,
    "S3": 0.5330309613778893,
    "S4": 0.6469604900061303
  },
  "targetwise_sources": {
    "Q1": "transformer_logreg_c0p03_w0p2",
    "Q2": "transformer_logreg_c0p1_w0p35",
    "Q3": "transformer_logreg_c0p03_w0p35",
    "S1": "subject_prior_a8",
    "S2": "subject_prior_a8",
    "S3": "subject_prior_a4",
    "S4": "transformer_ridge_resid_a1_w0p2"
  },
  "targetwise_source_losses": {
    "Q1": 0.671531893903591,
    "Q2": 0.6930174425680836,
    "Q3": 0.6725151172200827,
    "S1": 0.5757019130502258,
    "S2": 0.5798564530783497,
    "S3": 0.5330309613778893,
    "S4": 0.6469604900061303
  },
  "drift_vs_reference_best_global": {
    "reference": "outputs/v83_repaired_v80/submission_v83_gq015_gs010.csv",
    "mean_abs_drift": 0.06418182281707054,
    "max_abs_drift": 0.3088986791115623,
    "corr": 0.8840265864837333,
    "target_mean": {
      "Q1": 0.5024923828207334,
      "Q2": 0.5601559022309954,
      "Q3": 0.6029853361040329,
      "S1": 0.691583687064497,
      "S2": 0.6568786359279097,
      "S3": 0.6716914596238195,
      "S4": 0.5600819178956217
    },
    "target_mean_shift": {
      "Q1": -0.007875814081222562,
      "Q2": -0.009162412825464731,
      "Q3": -0.009001425557165469,
      "S1": 0.008971299853397677,
      "S2": 0.012953387273909598,
      "S3": 0.013050638726863807,
      "S4": 0.007067995872934249
    },
    "panel_mean_abs_drift": {
      "early": 0.05146834116314492,
      "mid": 0.06617392407896931,
      "late": 0.0745013650627682
    }
  },
  "drift_vs_reference_targetwise": {
    "reference": "outputs/v83_repaired_v80/submission_v83_gq015_gs010.csv",
    "mean_abs_drift": 0.06663543558516385,
    "max_abs_drift": 0.3260660971171856,
    "corr": 0.8682223432617562,
    "target_mean": {
      "Q1": 0.5046394219521319,
      "Q2": 0.5689736264721399,
      "Q3": 0.5998990573569031,
      "S1": 0.6923877866215694,
      "S2": 0.6582781981365899,
      "S3": 0.6743072986995421,
      "S4": 0.5635848214917882
    },
    "target_mean_shift": {
      "Q1": -0.005728774949824114,
      "Q2": -0.0003446885843202594,
      "Q3": -0.012087704304295187,
      "S1": 0.009775399410469864,
      "S2": 0.014352949482590006,
      "S3": 0.01566647780258651,
      "S4": 0.010570899469100873
    },
    "panel_mean_abs_drift": {
      "early": 0.052434412207640266,
      "mid": 0.06818296673691222,
      "late": 0.07882412771883232
    }
  },
  "ssl_loss_history": [
    1.0079685769762312,
    0.9927565152304513,
    0.9767868866239275,
    0.9892936829158238,
    0.9640607479640416,
    0.9391065406799316,
    0.940006024156298,
    0.9197581686292375,
    0.9159960460662842,
    0.9156978988647461,
    0.8982625668389457,
    0.8863988436971392,
    0.8824645178658622,
    0.8680964112281799,
    0.8720537911142622,
    0.854384811265128,
    0.8426522036961147,
    0.8429101099286761,
    0.8159979609080723,
    0.8185310629435948,
    0.8025210339682443,
    0.7993324967793056,
    0.7871883276530675,
    0.7839627483912877,
    0.7666047280175345,
    0.7686258268356323,
    0.7498873846871512,
    0.7331938764027187,
    0.6926689740589687,
    0.6828731230327061,
    0.6648717876843043,
    0.6521438264846802,
    0.6183108283792224,
    0.6194327095576695,
    0.6103362773145948,
    0.5862156888416835,
    0.5880334295545305,
    0.5523638507298061,
    0.57498222555433,
    0.559246904850006,
    0.5501889095987592,
    0.546350268977029,
    0.5387284132412502,
    0.5481083389690944,
    0.5464849499293736,
    0.5301126064573015,
    0.5352400534493582,
    0.5440153447219304,
    0.5351919250828879,
    0.5391094846384866
  ]
}