{
  "latent_specs": {
    "best": "artifacts/domain_best_late_fusion_v1.parquet",
    "ef_energy_phase": "artifacts/domain_energy_fragmentation_energy_phase_v1.parquet",
    "ef_daytime_fragmentation": "artifacts/domain_energy_fragmentation_daytime_fragmentation_v1.parquet",
    "ef_commute_stress": "artifacts/domain_energy_fragmentation_commute_stress_v1.parquet",
    "ef_recovery_slope": "artifacts/domain_energy_fragmentation_recovery_slope_v1.parquet",
    "ef_digital_energy_coupling": "artifacts/domain_energy_fragmentation_digital_energy_coupling_v1.parquet"
  },
  "n_folds": 5,
  "prior_alpha": 8.0,
  "c_values": [
    0.03,
    0.1,
    0.3
  ],
  "blends": [
    0.05,
    0.1,
    0.2
  ],
  "subject_prior_avg_log_loss": 0.6276539587598199,
  "subject_prior_per_target": {
    "Q1": 0.6731794431644589,
    "Q2": 0.7050100434092992,
    "Q3": 0.6777702303470193,
    "S1": 0.5757019130502258,
    "S2": 0.5798564530783497,
    "S3": 0.5347876459944689,
    "S4": 0.6472719822749171
  },
  "best_source": "best__absolute_plus_deviation__c0.3_b0.2",
  "best_avg_log_loss": 0.6229613176952576,
  "best_delta_vs_subject_prior": -0.004692641064562242,
  "top_scores": [
    {
      "source": "best__absolute_plus_deviation__c0.3_b0.2",
      "avg_log_loss": 0.6229613176952576,
      "Q1": 0.6689861051722832,
      "Q2": 0.7020978592408005,
      "Q3": 0.6741574430886071,
      "S1": 0.5709585946396454,
      "S2": 0.5775006583045229,
      "S3": 0.5239268911855993,
      "S4": 0.6431016722353451
    },
    {
      "source": "best__absolute_plus_deviation__c0.1_b0.2",
      "avg_log_loss": 0.6237927803338889,
      "Q1": 0.6700346459207199,
      "Q2": 0.7010001209828194,
      "Q3": 0.6736543305290845,
      "S1": 0.570926638022677,
      "S2": 0.5773858608726387,
      "S3": 0.530509557959145,
      "S4": 0.6430383080501377
    },
    {
      "source": "ef_recovery_slope__deviation__c0.3_b0.2",
      "avg_log_loss": 0.6239615062485905,
      "Q1": 0.6704701892383079,
      "Q2": 0.6840138369765036,
      "Q3": 0.6671815748471426,
      "S1": 0.5830791090549952,
      "S2": 0.5749378523363424,
      "S3": 0.5421030901580518,
      "S4": 0.6459448911287899
    },
    {
      "source": "best__deviation__c0.3_b0.2",
      "avg_log_loss": 0.6240101458125175,
      "Q1": 0.6684858700909789,
      "Q2": 0.7005359830135,
      "Q3": 0.6709453564867801,
      "S1": 0.5722806991144583,
      "S2": 0.5788038606570198,
      "S3": 0.5319263483329497,
      "S4": 0.6450929029919353
    },
    {
      "source": "best__absolute__c0.3_b0.2",
      "avg_log_loss": 0.6241173933055804,
      "Q1": 0.6684824693681113,
      "Q2": 0.6960139424354125,
      "Q3": 0.6715958320010429,
      "S1": 0.5767896497254626,
      "S2": 0.57712377584321,
      "S3": 0.5353697319901312,
      "S4": 0.6434463517756924
    },
    {
      "source": "ef_recovery_slope__absolute_plus_deviation__c0.3_b0.2",
      "avg_log_loss": 0.6242972710634094,
      "Q1": 0.6760076074756317,
      "Q2": 0.6866231210230777,
      "Q3": 0.6672781935297846,
      "S1": 0.5873041911159805,
      "S2": 0.5738594099435328,
      "S3": 0.5382244703928302,
      "S4": 0.640783903963029
    },
    {
      "source": "ef_recovery_slope__absolute_plus_deviation__c0.1_b0.2",
      "avg_log_loss": 0.6245579423751673,
      "Q1": 0.6737336378724135,
      "Q2": 0.6880344475361059,
      "Q3": 0.6682758815797674,
      "S1": 0.5860733683252718,
      "S2": 0.5741932558928661,
      "S3": 0.5393441855894919,
      "S4": 0.6422508198302534
    },
    {
      "source": "best__absolute_plus_deviation__c0.3_b0.1",
      "avg_log_loss": 0.6246402437204839,
      "Q1": 0.6703870520810266,
      "Q2": 0.7028804579912902,
      "Q3": 0.6753899056246451,
      "S1": 0.5725652829206151,
      "S2": 0.5782982172544664,
      "S3": 0.5283124809539718,
      "S4": 0.644648309217372
    },
    {
      "source": "ef_recovery_slope__deviation__c0.3_b0.1",
      "avg_log_loss": 0.6247679309200318,
      "Q1": 0.670799745743444,
      "Q2": 0.6932315925991952,
      "Q3": 0.6712400024518712,
      "S1": 0.5786988570589887,
      "S2": 0.5761871338782106,
      "S3": 0.537474138680417,
      "S4": 0.6457440460280951
    },
    {
      "source": "ef_recovery_slope__deviation__c0.1_b0.2",
      "avg_log_loss": 0.6247976584086531,
      "Q1": 0.6697229277566946,
      "Q2": 0.6864636494522275,
      "Q3": 0.6690833908950172,
      "S1": 0.5828179430675103,
      "S2": 0.5763955689803055,
      "S3": 0.54223392349713,
      "S4": 0.6468662052116867
    },
    {
      "source": "best__absolute__c0.1_b0.2",
      "avg_log_loss": 0.6248055077107109,
      "Q1": 0.6690211013852839,
      "Q2": 0.695985553273431,
      "Q3": 0.6722815756692752,
      "S1": 0.5765698767452224,
      "S2": 0.5785418448526426,
      "S3": 0.5375898762311342,
      "S4": 0.6436487258179873
    },
    {
      "source": "best__absolute__c0.3_b0.1",
      "avg_log_loss": 0.6249111866265454,
      "Q1": 0.6698847948479304,
      "Q2": 0.6995458522566016,
      "Q3": 0.6740936711983416,
      "S1": 0.5753749930363661,
      "S2": 0.5775081864713353,
      "S3": 0.5334034961742707,
      "S4": 0.6445673124009722
    },
    {
      "source": "best__deviation__c0.1_b0.2",
      "avg_log_loss": 0.6249596685358976,
      "Q1": 0.6693083850507102,
      "Q2": 0.6980632857197336,
      "Q3": 0.6714859185179932,
      "S1": 0.5726232263945995,
      "S2": 0.580821999862295,
      "S3": 0.537460926778204,
      "S4": 0.6449539374277473
    },
    {
      "source": "best__deviation__c0.3_b0.1",
      "avg_log_loss": 0.6250272612527505,
      "Q1": 0.6700725952765982,
      "Q2": 0.7019563241492567,
      "Q3": 0.6737967235018937,
      "S1": 0.5730418893912356,
      "S2": 0.5785956079132961,
      "S3": 0.5321986578591992,
      "S4": 0.6455290306777747
    },
    {
      "source": "ef_recovery_slope__absolute_plus_deviation__c0.03_b0.2",
      "avg_log_loss": 0.6250841441696389,
      "Q1": 0.6715077076062463,
      "Q2": 0.6894011268761481,
      "Q3": 0.6689843158888547,
      "S1": 0.5841661979652069,
      "S2": 0.5759901423441274,
      "S3": 0.5413113574608919,
      "S4": 0.6442281610459961
    },
    {
      "source": "ef_recovery_slope__absolute_plus_deviation__c0.3_b0.1",
      "avg_log_loss": 0.625127888092008,
      "Q1": 0.6736824047213468,
      "Q2": 0.6946566611659852,
      "Q3": 0.6714291374646539,
      "S1": 0.5808087432700022,
      "S2": 0.576098683142882,
      "S3": 0.5359721878062,
      "S4": 0.6432473990729859
    },
    {
      "source": "best__absolute_plus_deviation__c0.03_b0.2",
      "avg_log_loss": 0.6251308923741101,
      "Q1": 0.6711863561957777,
      "Q2": 0.699155691025882,
      "Q3": 0.6737950473649815,
      "S1": 0.5717664486284147,
      "S2": 0.5791178682289152,
      "S3": 0.536995556825799,
      "S4": 0.6438992783490008
    },
    {
      "source": "best__absolute_plus_deviation__c0.1_b0.1",
      "avg_log_loss": 0.6251313543349591,
      "Q1": 0.6710154207922362,
      "Q2": 0.7024244028175395,
      "Q3": 0.6752788531759149,
      "S1": 0.5726215122367455,
      "S2": 0.5782056607878319,
      "S3": 0.5316874047001796,
      "S4": 0.644686225834266
    },
    {
      "source": "ef_recovery_slope__deviation__c0.1_b0.1",
      "avg_log_loss": 0.6253331371239531,
      "Q1": 0.6705796197844557,
      "Q2": 0.6946450755831264,
      "Q3": 0.6724572918234617,
      "S1": 0.57870880255109,
      "S2": 0.5769767188326197,
      "S3": 0.537605402141961,
      "S4": 0.6463590491509565
    },
    {
      "source": "best__absolute__c0.1_b0.1",
      "avg_log_loss": 0.6253895211285249,
      "Q1": 0.670323671444731,
      "Q2": 0.6996653105993168,
      "Q3": 0.6745702392813397,
      "S1": 0.5753595973773291,
      "S2": 0.57826809942169,
      "S3": 0.5347706379870129,
      "S4": 0.6447690917882547
    }
  ]
}