{
  "baseline": "v32",
  "promotion_rule": {
    "overall_p025": "> 0",
    "late_delta": ">= -0.0015",
    "tail20_delta": ">= -0.0025",
    "worst_subject_delta": ">= -0.006",
    "worst_late_target_delta": ">= -0.01"
  },
  "summary": [
    {
      "name": "v33a",
      "avg_log_loss": 0.5710185265493024,
      "overall_p025": -8.905058122735522e-05,
      "overall_improvement": 0.0004973459475762941,
      "early_delta": 0.0,
      "mid_delta": 0.0010449185575301945,
      "late_delta": 0.00046185952929223006,
      "tail20_delta": 0.0,
      "late_p025": -0.0004169937849597333,
      "tail20_p025": 0.0,
      "worst_subject_delta": -0.000607785986534326,
      "worst_late_target_delta": 0.0,
      "promote": false
    },
    {
      "name": "v33b",
      "avg_log_loss": 0.5711688781423011,
      "overall_p025": -1.2687593871765999e-05,
      "overall_improvement": 0.00034699435457759823,
      "early_delta": 0.0,
      "mid_delta": 0.0007516606023079131,
      "late_delta": 0.00030035099355707473,
      "tail20_delta": 0.0,
      "late_p025": -0.00021975136048428046,
      "tail20_p025": 0.0,
      "worst_subject_delta": -0.00022464773862751475,
      "worst_late_target_delta": 0.0,
      "promote": false
    },
    {
      "name": "v33c",
      "avg_log_loss": 0.5712113804473873,
      "overall_p025": -2.1227393407840516e-05,
      "overall_improvement": 0.0003044920494914328,
      "early_delta": 0.0,
      "mid_delta": 0.0007032036142309295,
      "late_delta": 0.00022138480907374358,
      "tail20_delta": 0.0,
      "late_p025": -0.0002448690937221982,
      "tail20_p025": 0.0,
      "worst_subject_delta": -0.0001103094099236257,
      "worst_late_target_delta": 0.0,
      "promote": false
    },
    {
      "name": "v32",
      "avg_log_loss": 0.5715158724968787,
      "overall_p025": 0.0,
      "overall_improvement": 0.0,
      "early_delta": 0.0,
      "mid_delta": 0.0,
      "late_delta": 0.0,
      "tail20_delta": 0.0,
      "late_p025": 0.0,
      "tail20_p025": 0.0,
      "worst_subject_delta": 0.0,
      "worst_late_target_delta": 0.0,
      "promote": false
    }
  ]
}