{
  "view": "only_cross_modal",
  "device": "mps",
  "sequence": {
    "n_days": 700.0,
    "n_base_features": 22.0,
    "n_token_features": 95.0,
    "mean_missing_fraction": 0.06805059523809524,
    "add_deviation_features": 1.0
  },
  "n_features": 95,
  "epochs": 50,
  "final_ssl_loss": 0.6561022084099906,
  "best_global_source": "transformer_logreg_c0p03_w0p05",
  "best_global_avg_log_loss": 0.627372186598425,
  "best_global_per_target": {
    "Q1": 0.6726441118730678,
    "Q2": 0.7028366307591039,
    "Q3": 0.6765779924596803,
    "S1": 0.575846750350739,
    "S2": 0.5799849624939937,
    "S3": 0.5365787765385336,
    "S4": 0.6471360817138566
  },
  "targetwise_avg_log_loss": 0.6247289057924789,
  "targetwise_per_target": {
    "Q1": 0.6721770581393399,
    "Q2": 0.694353710596321,
    "Q3": 0.6724017480209107,
    "S1": 0.5756732885026563,
    "S2": 0.5786664133429722,
    "S3": 0.5330309613778893,
    "S4": 0.6467991605672623
  },
  "targetwise_sources": {
    "Q1": "subject_prior_a16",
    "Q2": "transformer_logreg_c0p1_w0p35",
    "Q3": "transformer_logreg_c0p03_w0p35",
    "S1": "transformer_ridge_resid_a1_w0p35",
    "S2": "transformer_ridge_resid_a1_w0p35",
    "S3": "subject_prior_a4",
    "S4": "transformer_ridge_resid_a1_w0p35"
  },
  "targetwise_source_losses": {
    "Q1": 0.6721770581393399,
    "Q2": 0.694353710596321,
    "Q3": 0.6724017480209107,
    "S1": 0.5756732885026563,
    "S2": 0.5786664133429722,
    "S3": 0.5330309613778893,
    "S4": 0.6467991605672623
  },
  "drift_vs_reference_best_global": {
    "reference": "outputs/v83_repaired_v80/submission_v83_gq015_gs010.csv",
    "mean_abs_drift": 0.0637264584665113,
    "max_abs_drift": 0.3068379776576803,
    "corr": 0.8846585892064303,
    "target_mean": {
      "Q1": 0.5012317996076322,
      "Q2": 0.5587588383223683,
      "Q3": 0.6034789788559368,
      "S1": 0.6918449093035369,
      "S2": 0.657931704894046,
      "S3": 0.6733482531339492,
      "S4": 0.559311071195497
    },
    "target_mean_shift": {
      "Q1": -0.009136397294323797,
      "Q2": -0.010559476734091877,
      "Q3": -0.008507782805261592,
      "S1": 0.009232522092437507,
      "S2": 0.014006456240045975,
      "S3": 0.01470743223699359,
      "S4": 0.006297149172809519
    },
    "panel_mean_abs_drift": {
      "early": 0.05118033031730565,
      "mid": 0.06581263840631588,
      "late": 0.07379268873981815
    }
  },
  "drift_vs_reference_targetwise": {
    "reference": "outputs/v83_repaired_v80/submission_v83_gq015_gs010.csv",
    "mean_abs_drift": 0.06454931011605201,
    "max_abs_drift": 0.3179429041087082,
    "corr": 0.8760492930662594,
    "target_mean": {
      "Q1": 0.49965650813885837,
      "Q2": 0.5598104040904937,
      "Q3": 0.6018933181658889,
      "S1": 0.6920998544964811,
      "S2": 0.6577350012577596,
      "S3": 0.6743072986995421,
      "S4": 0.558724670680171
    },
    "target_mean_shift": {
      "Q1": -0.01071168876309774,
      "Q2": -0.009507910965966404,
      "Q3": -0.010093443495309433,
      "S1": 0.009487467285381825,
      "S2": 0.013809752603759714,
      "S3": 0.01566647780258651,
      "S4": 0.0057107486574835145
    },
    "panel_mean_abs_drift": {
      "early": 0.05082349392714755,
      "mid": 0.0661136017419412,
      "late": 0.07626320096947985
    }
  },
  "ssl_loss_history": [
    1.4769672809328351,
    1.4383727645874023,
    1.4234370878764562,
    1.403254804611206,
    1.3776712233679635,
    1.364009941646031,
    1.350527127129691,
    1.3278063705989294,
    1.319896936416626,
    1.3014623226438249,
    1.2855287783486502,
    1.2719714307785035,
    1.2638737392425536,
    1.2505756296430315,
    1.2369102137429373,
    1.2277638503483363,
    1.2115898759024484,
    1.1981033529554095,
    1.195823713030134,
    1.1758624580928259,
    1.176050763811384,
    1.156894304411752,
    1.1512990461077008,
    1.127631141117641,
    1.1154708324159894,
    1.1084822300502233,
    1.0905182198115757,
    1.0758363267353603,
    1.0639294828687396,
    1.0525826052256992,
    1.0330003425053187,
    1.0165508924211775,
    0.9968718545777457,
    0.977532183442797,
    0.9666132606778826,
    0.9457456282206944,
    0.9310711135183062,
    0.9153013484818595,
    0.8967326096126012,
    0.8725301330430167,
    0.8644661177907671,
    0.8275405270712716,
    0.808063178062439,
    0.7956191791806903,
    0.7711382382256644,
    0.7453241096224104,
    0.7297834396362305,
    0.7038583149228778,
    0.6847888415200369,
    0.6561022084099906
  ]
}