{
  "best": {
    "name": "anchor_noop",
    "encoder": "anchor",
    "target_mode": "noop",
    "components": 0,
    "alpha": 0.0,
    "scale": 0.0,
    "max_delta": 0.0,
    "avg_log_loss": 0.5762165855987049,
    "Q1": 0.6328235914875543,
    "Q2": 0.6324925625932951,
    "Q3": 0.6091152249083994,
    "S1": 0.5524714585483753,
    "S2": 0.5248647856042763,
    "S3": 0.49508864957039955,
    "S4": 0.586659826478634
  },
  "targetwise": {
    "avg_log_loss": 0.5757046247370515,
    "per_target": {
      "Q1": 0.6328235914875543,
      "Q2": 0.6315811504767079,
      "Q3": 0.6091067110148821,
      "S1": 0.5519939148973718,
      "S2": 0.5227316854858751,
      "S3": 0.49508765917727365,
      "S4": 0.5866076606196963
    },
    "selected": [
      {
        "target": "Q1",
        "name": "anchor_noop",
        "encoder": "anchor",
        "target_mode": "noop",
        "components": 0,
        "alpha": 0.0,
        "scale": 0.0,
        "max_delta": 0.0,
        "avg_log_loss": 0.5762165855987049,
        "Q1": 0.6328235914875543,
        "Q2": 0.6324925625932951,
        "Q3": 0.6091152249083994,
        "S1": 0.5524714585483753,
        "S2": 0.5248647856042763,
        "S3": 0.49508864957039955,
        "S4": 0.586659826478634
      },
      {
        "target": "Q2",
        "name": "pls_prob_c8_a100_s0.1_d0.25",
        "encoder": "pls",
        "target_mode": "prob",
        "components": 8,
        "alpha": 100.0,
        "scale": 0.1,
        "max_delta": 0.25,
        "avg_log_loss": 0.5772404317681473,
        "Q1": 0.6355869845824296,
        "Q2": 0.6315811504767079,
        "Q3": 0.6097939471809933,
        "S1": 0.5523706239850859,
        "S2": 0.5247262715321864,
        "S3": 0.49830117901195903,
        "S4": 0.5883228656076693
      },
      {
        "target": "Q3",
        "name": "pls_prob_c8_a100_s0.01_d0.25",
        "encoder": "pls",
        "target_mode": "prob",
        "components": 8,
        "alpha": 100.0,
        "scale": 0.01,
        "max_delta": 0.25,
        "avg_log_loss": 0.5762416670354333,
        "Q1": 0.6330242272254749,
        "Q2": 0.6323317654794918,
        "Q3": 0.6091067110148821,
        "S1": 0.5523896405194395,
        "S2": 0.5247604105954538,
        "S3": 0.49532699656609036,
        "S4": 0.5867519178472003
      },
      {
        "target": "S1",
        "name": "pls_logit_soft_c8_a100_s0.1_d0.25",
        "encoder": "pls",
        "target_mode": "logit_soft",
        "components": 8,
        "alpha": 100.0,
        "scale": 0.1,
        "max_delta": 0.25,
        "avg_log_loss": 0.5763885971814899,
        "Q1": 0.6334576458541589,
        "Q2": 0.6323496507765178,
        "Q3": 0.6093122700188967,
        "S1": 0.5519939148973718,
        "S2": 0.5247751857865028,
        "S3": 0.49568085146474217,
        "S4": 0.5871506614722395
      },
      {
        "target": "S2",
        "name": "pls_prob_c4_a100_s0.1_d0.25",
        "encoder": "pls",
        "target_mode": "prob",
        "components": 4,
        "alpha": 100.0,
        "scale": 0.1,
        "max_delta": 0.25,
        "avg_log_loss": 0.5778546870114625,
        "Q1": 0.6367866381416628,
        "Q2": 0.6357037690673304,
        "Q3": 0.6111969797952702,
        "S1": 0.5534899759338846,
        "S2": 0.5227316854858751,
        "S3": 0.49638323673125223,
        "S4": 0.5886905239249621
      },
      {
        "target": "S3",
        "name": "pls_logit_soft_c4_a1000_s0.01_d0.25",
        "encoder": "pls",
        "target_mode": "logit_soft",
        "components": 4,
        "alpha": 1000.0,
        "scale": 0.01,
        "max_delta": 0.25,
        "avg_log_loss": 0.5762401763520112,
        "Q1": 0.6329366981081971,
        "Q2": 0.6326011744586616,
        "Q3": 0.6091260541406361,
        "S1": 0.5524643567418613,
        "S2": 0.5247999561980652,
        "S3": 0.49508765917727365,
        "S4": 0.586665335639383
      },
      {
        "target": "S4",
        "name": "pls_prob_c1_a100_s0.05_d0.25",
        "encoder": "pls",
        "target_mode": "prob",
        "components": 1,
        "alpha": 100.0,
        "scale": 0.05,
        "max_delta": 0.25,
        "avg_log_loss": 0.5770802568000652,
        "Q1": 0.63453970832553,
        "Q2": 0.6337655010333297,
        "Q3": 0.6093663427916042,
        "S1": 0.5544086397092864,
        "S2": 0.5250450195266375,
        "S3": 0.4958289255943723,
        "S4": 0.5866076606196963
      }
    ]
  },
  "top_candidates": [
    {
      "name": "anchor_noop",
      "encoder": "anchor",
      "target_mode": "noop",
      "components": 0,
      "alpha": 0.0,
      "scale": 0.0,
      "max_delta": 0.0,
      "avg_log_loss": 0.5762165855987049,
      "Q1": 0.6328235914875543,
      "Q2": 0.6324925625932951,
      "Q3": 0.6091152249083994,
      "S1": 0.5524714585483753,
      "S2": 0.5248647856042763,
      "S3": 0.49508864957039955,
      "S4": 0.586659826478634
    },
    {
      "name": "pls_logit_soft_c8_a1000_s0.01_d0.1",
      "encoder": "pls",
      "target_mode": "logit_soft",
      "components": 8,
      "alpha": 1000.0,
      "scale": 0.01,
      "max_delta": 0.1,
      "avg_log_loss": 0.5762212620785625,
      "Q1": 0.6328479148340324,
      "Q2": 0.6324834284514594,
      "Q3": 0.6091255702958339,
      "S1": 0.5524470352103686,
      "S2": 0.5248564655985289,
      "S3": 0.4951058276773579,
      "S4": 0.586682592482356
    },
    {
      "name": "pls_logit_soft_c8_a100_s0.01_d0.1",
      "encoder": "pls",
      "target_mode": "logit_soft",
      "components": 8,
      "alpha": 100.0,
      "scale": 0.01,
      "max_delta": 0.1,
      "avg_log_loss": 0.5762215366489766,
      "Q1": 0.632845925250131,
      "Q2": 0.6324816403074641,
      "Q3": 0.60912498699644,
      "S1": 0.5524468291590373,
      "S2": 0.5248623543659916,
      "S3": 0.4951069227015335,
      "S4": 0.5866820977622388
    },
    {
      "name": "pls_logit_soft_c4_a100_s0.01_d0.1",
      "encoder": "pls",
      "target_mode": "logit_soft",
      "components": 4,
      "alpha": 100.0,
      "scale": 0.01,
      "max_delta": 0.1,
      "avg_log_loss": 0.5762263960328348,
      "Q1": 0.6328714826319257,
      "Q2": 0.6325385381839188,
      "Q3": 0.6091144405645958,
      "S1": 0.552467435754343,
      "S2": 0.5248430350427641,
      "S3": 0.4950904290721077,
      "S4": 0.5866594109801879
    },
    {
      "name": "pls_logit_soft_c4_a1000_s0.01_d0.1",
      "encoder": "pls",
      "target_mode": "logit_soft",
      "components": 4,
      "alpha": 1000.0,
      "scale": 0.01,
      "max_delta": 0.1,
      "avg_log_loss": 0.5762267256433043,
      "Q1": 0.6328720095570793,
      "Q2": 0.6325396315362024,
      "Q3": 0.609116298606327,
      "S1": 0.5524684749649644,
      "S2": 0.5248416874042876,
      "S3": 0.4950902511666796,
      "S4": 0.5866587262675891
    },
    {
      "name": "pls_logit_soft_c8_a1000_s0.01_d0.25",
      "encoder": "pls",
      "target_mode": "logit_soft",
      "components": 8,
      "alpha": 1000.0,
      "scale": 0.01,
      "max_delta": 0.25,
      "avg_log_loss": 0.5762281281440048,
      "Q1": 0.632885482715906,
      "Q2": 0.6324736184250408,
      "Q3": 0.6091292096728128,
      "S1": 0.5524195137606965,
      "S2": 0.5248431290451567,
      "S3": 0.4951419493904686,
      "S4": 0.5867039939979515
    },
    {
      "name": "pls_logit_soft_c8_a100_s0.01_d0.25",
      "encoder": "pls",
      "target_mode": "logit_soft",
      "components": 8,
      "alpha": 100.0,
      "scale": 0.01,
      "max_delta": 0.25,
      "avg_log_loss": 0.5762284603029463,
      "Q1": 0.6328810468272104,
      "Q2": 0.6324719726852962,
      "Q3": 0.6091292207511904,
      "S1": 0.5524186852555099,
      "S2": 0.5248513189091533,
      "S3": 0.49514359463843094,
      "S4": 0.5867033830538325
    },
    {
      "name": "pls_logit_soft_c8_a1000_s0.03_d0.1",
      "encoder": "pls",
      "target_mode": "logit_soft",
      "components": 8,
      "alpha": 1000.0,
      "scale": 0.03,
      "max_delta": 0.1,