{
  "base_avg_log_loss": 0.5844632314577459,
  "selected": {
    "name": "Q10.65_Q30.5_S10.5_S40.65",
    "avg_log_loss": 0.5834501803832924,
    "delta_vs_base": 0.001013051074453486,
    "fold_std": 0.011182469938355973,
    "worst_fold": 0.6054494012316841,
    "improved_folds": 5,
    "worst_target_delta": 0.0,
    "w_Q1": 0.65,
    "w_Q2": 0.0,
    "w_Q3": 0.5,
    "w_S1": 0.5,
    "w_S2": 0.0,
    "w_S3": 0.0,
    "w_S4": 0.65,
    "Q1": 0.6365900433439934,
    "Q2": 0.6503050342800608,
    "Q3": 0.6217928362799593,
    "S1": 0.5538694926749429,
    "S2": 0.5292196070733155,
    "S3": 0.49841585304667624,
    "S4": 0.5939583959840998,
    "improvement": 0.0010130510744533112,
    "improvement_p025": 1.1407482050674628e-05,
    "improvement_p500": 0.0010139161150562283,
    "improvement_p975": 0.0020346533098349034,
    "promote": true
  },
  "selected_weights": {
    "Q1": 0.65,
    "Q2": 0.0,
    "Q3": 0.5,
    "S1": 0.5,
    "S2": 0.0,
    "S3": 0.0,
    "S4": 0.65
  },
  "args": {
    "train_path": "data/ch2026_metrics_train.csv",
    "sample_path": "data/ch2026_submission_sample.csv",
    "base_oof": "outputs/blend_graph_sleep_temporal_label_min3/oof_candidate_probability_blend.csv",
    "base_submission": "outputs/blend_graph_sleep_temporal_label_min3/submission_candidate_probability_blend.csv",
    "candidate_oof": "outputs/master_residual_on_temporal_label_min3/oof_master_residual_decoder.csv",
    "candidate_submission": "outputs/master_residual_on_temporal_label_min3/submission_master_residual_decoder.csv",
    "output_dir": "outputs/targetwise_blend_master_residual_min3_narrow",
    "targets": "Q1,Q3,S1,S4",
    "weights": "0,0.2,0.25,0.3,0.4,0.5,0.65",
    "folds": 5,
    "bootstrap": 5000,
    "top_bootstrap": 80,
    "seed": 2026,
    "max_target_regression": 0.001,
    "min_p025": 0.0
  }
}