{
  "best": {
    "name": "anchor_noop",
    "encoder": "anchor",
    "target_mode": "noop",
    "components": 0,
    "alpha": 0.0,
    "scale": 0.0,
    "max_delta": 0.0,
    "avg_log_loss": 0.5762165855987049,
    "Q1": 0.6328235914875543,
    "Q2": 0.6324925625932951,
    "Q3": 0.6091152249083994,
    "S1": 0.5524714585483753,
    "S2": 0.5248647856042763,
    "S3": 0.49508864957039955,
    "S4": 0.586659826478634
  },
  "targetwise": {
    "avg_log_loss": 0.5762025393953607,
    "per_target": {
      "Q1": 0.6328235914875543,
      "Q2": 0.6324925625932951,
      "Q3": 0.6090169014849907,
      "S1": 0.5524714585483753,
      "S2": 0.5248647856042763,
      "S3": 0.49508864957039955,
      "S4": 0.586659826478634
    },
    "selected": [
      {
        "target": "Q1",
        "name": "anchor_noop",
        "encoder": "anchor",
        "target_mode": "noop",
        "components": 0,
        "alpha": 0.0,
        "scale": 0.0,
        "max_delta": 0.0,
        "avg_log_loss": 0.5762165855987049,
        "Q1": 0.6328235914875543,
        "Q2": 0.6324925625932951,
        "Q3": 0.6091152249083994,
        "S1": 0.5524714585483753,
        "S2": 0.5248647856042763,
        "S3": 0.49508864957039955,
        "S4": 0.586659826478634
      },
      {
        "target": "Q2",
        "name": "anchor_noop",
        "encoder": "anchor",
        "target_mode": "noop",
        "components": 0,
        "alpha": 0.0,
        "scale": 0.0,
        "max_delta": 0.0,
        "avg_log_loss": 0.5762165855987049,
        "Q1": 0.6328235914875543,
        "Q2": 0.6324925625932951,
        "Q3": 0.6091152249083994,
        "S1": 0.5524714585483753,
        "S2": 0.5248647856042763,
        "S3": 0.49508864957039955,
        "S4": 0.586659826478634
      },
      {
        "target": "Q3",
        "name": "pca_prob_c4_a100_s0.05_d0.25",
        "encoder": "pca",
        "target_mode": "prob",
        "components": 4,
        "alpha": 100.0,
        "scale": 0.05,
        "max_delta": 0.25,
        "avg_log_loss": 0.5766256636700163,
        "Q1": 0.633381865250004,
        "Q2": 0.6337638509326403,
        "Q3": 0.6090169014849907,
        "S1": 0.5530520240160764,
        "S2": 0.5250887247715461,
        "S3": 0.49528047645106626,
        "S4": 0.5867958027837898
      },
      {
        "target": "S1",
        "name": "anchor_noop",
        "encoder": "anchor",
        "target_mode": "noop",
        "components": 0,
        "alpha": 0.0,
        "scale": 0.0,
        "max_delta": 0.0,
        "avg_log_loss": 0.5762165855987049,
        "Q1": 0.6328235914875543,
        "Q2": 0.6324925625932951,
        "Q3": 0.6091152249083994,
        "S1": 0.5524714585483753,
        "S2": 0.5248647856042763,
        "S3": 0.49508864957039955,
        "S4": 0.586659826478634
      },
      {
        "target": "S2",
        "name": "anchor_noop",
        "encoder": "anchor",
        "target_mode": "noop",
        "components": 0,
        "alpha": 0.0,
        "scale": 0.0,
        "max_delta": 0.0,
        "avg_log_loss": 0.5762165855987049,
        "Q1": 0.6328235914875543,
        "Q2": 0.6324925625932951,
        "Q3": 0.6091152249083994,
        "S1": 0.5524714585483753,
        "S2": 0.5248647856042763,
        "S3": 0.49508864957039955,
        "S4": 0.586659826478634
      },
      {
        "target": "S3",
        "name": "anchor_noop",
        "encoder": "anchor",
        "target_mode": "noop",
        "components": 0,
        "alpha": 0.0,
        "scale": 0.0,
        "max_delta": 0.0,
        "avg_log_loss": 0.5762165855987049,
        "Q1": 0.6328235914875543,
        "Q2": 0.6324925625932951,
        "Q3": 0.6091152249083994,
        "S1": 0.5524714585483753,
        "S2": 0.5248647856042763,
        "S3": 0.49508864957039955,
        "S4": 0.586659826478634
      },
      {
        "target": "S4",
        "name": "anchor_noop",
        "encoder": "anchor",
        "target_mode": "noop",
        "components": 0,
        "alpha": 0.0,
        "scale": 0.0,
        "max_delta": 0.0,
        "avg_log_loss": 0.5762165855987049,
        "Q1": 0.6328235914875543,
        "Q2": 0.6324925625932951,
        "Q3": 0.6091152249083994,
        "S1": 0.5524714585483753,
        "S2": 0.5248647856042763,
        "S3": 0.49508864957039955,
        "S4": 0.586659826478634
      }
    ]
  },
  "top_candidates": [
    {
      "name": "anchor_noop",
      "encoder": "anchor",
      "target_mode": "noop",
      "components": 0,
      "alpha": 0.0,
      "scale": 0.0,
      "max_delta": 0.0,
      "avg_log_loss": 0.5762165855987049,
      "Q1": 0.6328235914875543,
      "Q2": 0.6324925625932951,
      "Q3": 0.6091152249083994,
      "S1": 0.5524714585483753,
      "S2": 0.5248647856042763,
      "S3": 0.49508864957039955,
      "S4": 0.586659826478634
    },
    {
      "name": "pca_prob_c4_a100_s0.05_d0.25",
      "encoder": "pca",
      "target_mode": "prob",
      "components": 4,
      "alpha": 100.0,
      "scale": 0.05,
      "max_delta": 0.25,
      "avg_log_loss": 0.5766256636700163,
      "Q1": 0.633381865250004,
      "Q2": 0.6337638509326403,
      "Q3": 0.6090169014849907,
      "S1": 0.5530520240160764,
      "S2": 0.5250887247715461,
      "S3": 0.49528047645106626,
      "S4": 0.5867958027837898
    }
  ],
  "args": {
    "train_path": "data/ch2026_metrics_train.csv",
    "sample_path": "data/ch2026_submission_sample.csv",
    "anchor_oof": "outputs/lb_feedback_recovery_uploads/oof_15_v18_old15_prob_blend.csv",
    "anchor_submission": "outputs/lb_feedback_recovery_uploads/submission_15_v18_old15_prob_blend.csv",
    "summary_path": "outputs/encoder_day_pyramid/day_summary_features.parquet",
    "master_path": "artifacts/10_master_daily.parquet",
    "ssl_latent_path": "outputs/encoder_day_pyramid_ssl_v1/day_latents.parquet",
    "label_latent_path": "outputs/label_supervised_tabular_encoder_v1/day_latents_oof_train_full_test.parquet",
    "output_dir": "outputs/targetwise_residual_latent_encoder_smoke",
    "folds": 5,
    "encoders": "pca",
    "target_modes": "prob",
    "components": "4",
    "alphas": "100",
    "scales": "0.05",
    "max_deltas": "0.25",
    "min_feature_std": 1e-06,
    "full_fit_top_k": 2,
    "seed": 2026
  }
}