{
  "view": "no_sleep",
  "device": "mps",
  "sequence": {
    "n_days": 700.0,
    "n_base_features": 82.0,
    "n_token_features": 335.0,
    "mean_missing_fraction": 0.08443706445993032,
    "add_deviation_features": 1.0
  },
  "n_features": 335,
  "epochs": 50,
  "final_ssl_loss": 0.539525911126818,
  "best_global_source": "transformer_logreg_c0p03_w0p1",
  "best_global_avg_log_loss": 0.6272692232283462,
  "best_global_per_target": {
    "Q1": 0.6719136083120862,
    "Q2": 0.7012974613850308,
    "Q3": 0.6756485844143354,
    "S1": 0.5758474414724962,
    "S2": 0.5807646920746591,
    "S3": 0.538411462725904,
    "S4": 0.6470013122139118
  },
  "targetwise_avg_log_loss": 0.6245931708037674,
  "targetwise_per_target": {
    "Q1": 0.6715714098298626,
    "Q2": 0.694897382931662,
    "Q3": 0.67292187017845,
    "S1": 0.575589640202152,
    "S2": 0.5793778559279004,
    "S3": 0.5324319949998307,
    "S4": 0.6453620415565142
  },
  "targetwise_sources": {
    "Q1": "transformer_logreg_c0p1_w0p2",
    "Q2": "transformer_logreg_c0p3_w0p35",
    "Q3": "transformer_logreg_c0p03_w0p35",
    "S1": "transformer_logreg_c0p03_w0p05",
    "S2": "transformer_ridge_resid_a1_w0p35",
    "S3": "transformer_ridge_resid_a1_w0p35",
    "S4": "transformer_ridge_resid_a20_w0p35"
  },
  "targetwise_source_losses": {
    "Q1": 0.6715714098298626,
    "Q2": 0.694897382931662,
    "Q3": 0.67292187017845,
    "S1": 0.575589640202152,
    "S2": 0.5793778559279004,
    "S3": 0.5324319949998307,
    "S4": 0.6453620415565142
  },
  "drift_vs_reference_best_global": {
    "reference": "outputs/v83_repaired_v80/submission_v83_gq015_gs010.csv",
    "mean_abs_drift": 0.06623901340129605,
    "max_abs_drift": 0.3070793195777275,
    "corr": 0.88215861645731,
    "target_mean": {
      "Q1": 0.5016515469671137,
      "Q2": 0.5594568235936457,
      "Q3": 0.6029963428631179,
      "S1": 0.69030787700857,
      "S2": 0.6573714431632501,
      "S3": 0.6718134968678792,
      "S4": 0.5599969785479404
    },
    "target_mean_shift": {
      "Q1": -0.008716649934842313,
      "Q2": -0.009861491462814452,
      "Q3": -0.008990418798080397,
      "S1": 0.007695489797470636,
      "S2": 0.01344619450925019,
      "S3": 0.013172675970923564,
      "S4": 0.006983056525252998
    },
    "panel_mean_abs_drift": {
      "early": 0.05535212735063821,
      "mid": 0.06888734316931393,
      "late": 0.07415564028845444
    }
  },
  "drift_vs_reference_targetwise": {
    "reference": "outputs/v83_repaired_v80/submission_v83_gq015_gs010.csv",
    "mean_abs_drift": 0.06716821760344113,
    "max_abs_drift": 0.330973418993061,
    "corr": 0.8718739204620086,
    "target_mean": {
      "Q1": 0.5022617922152073,
      "Q2": 0.5641827908172847,
      "Q3": 0.6011290609268842,
      "S1": 0.6913478318150696,
      "S2": 0.6610460366257532,
      "S3": 0.6704596952792017,
      "S4": 0.5624507805149013
    },
    "target_mean_shift": {
      "Q1": -0.008106404686748735,
      "Q2": -0.005135524239175442,
      "Q3": -0.010857700734314161,
      "S1": 0.00873544460397022,
      "S2": 0.017120787971753346,
      "S3": 0.011818874382246054,
      "S4": 0.009436858492213816
    },
    "panel_mean_abs_drift": {
      "early": 0.054724835100255005,
      "mid": 0.06982912588265924,
      "late": 0.07657412322798418
    }
  },
  "ssl_loss_history": [
    0.8674804421833583,
    0.84940457037517,
    0.8397106954029628,
    0.8383924279894147,
    0.8198292282649449,
    0.8161833616665432,
    0.7990114484514509,
    0.7965057216371809,
    0.7842475247383117,
    0.7836915479387556,
    0.7599714153153556,
    0.7649742106028966,
    0.7402449597631182,
    0.747896911757333,
    0.7423878496033804,
    0.7289659476280212,
    0.7248166632652283,
    0.7119119800840106,
    0.7087617496081761,
    0.702513474055699,
    0.6900742990630013,
    0.6923481634684971,
    0.6903132700920105,
    0.681643705368042,
    0.6637423038482666,
    0.6675807843889509,
    0.6619672271183559,
    0.6538878641809736,
    0.6463366879735675,
    0.6457178667613438,
    0.6422612084661211,
    0.6317945960589818,
    0.6466571732929774,
    0.6358531240054539,
    0.6283471696717399,
    0.6285430560793196,
    0.6202601735932486,
    0.6153500318527222,
    0.6055631164142063,
    0.5953256862504142,
    0.6032061961718967,
    0.5971259699548994,
    0.588085766179221,
    0.5777264639309474,
    0.5782212454932076,
    0.5629671699660165,
    0.5576335995537894,
    0.5546974406923566,
    0.5446557913507734,
    0.539525911126818
  ]
}