{
  "base_oof": 0.477599712584228,
  "fixed_shrinkage": {
    "full": {
      "best_s": 0.25,
      "best_avg": 0.47208037054887486,
      "q1_best_s": 0.4,
      "q1_best": 0.4964133442590933,
      "q1_best_delta": 0.024509006662981114
    },
    "retrieval_only": {
      "best_s": 0.0,
      "best_avg": 0.477599712584228,
      "q1_best_s": 0.05,
      "q1_best": 0.5205790650337069,
      "q1_best_delta": 0.00034328588836751717
    },
    "no_retrieval": {
      "best_s": 0.25,
      "best_avg": 0.46965278354108886,
      "q1_best_s": 0.5,
      "q1_best": 0.4893343994817237,
      "q1_best_delta": 0.0315879514403507
    },
    "retrieval_geo_only": {
      "best_s": 0.25,
      "best_avg": 0.4715217139390785,
      "q1_best_s": 0.4,
      "q1_best": 0.5017050346811748,
      "q1_best_delta": 0.019217316240899618
    },
    "source_only": {
      "best_s": 0.25,
      "best_avg": 0.47055853498235917,
      "q1_best_s": 0.4,
      "q1_best": 0.49657865001274687,
      "q1_best_delta": 0.024343700909327526
    },
    "panel_only": {
      "best_s": 0.0,
      "best_avg": 0.477599712584228,
      "q1_best_s": 0.25,
      "q1_best": 0.5172880305616517,
      "q1_best_delta": 0.0036343203604226604
    },
    "base_only": {
      "best_s": 0.0,
      "best_avg": 0.477599712584228,
      "q1_best_s": 0.0,
      "q1_best": 0.5209223509220744,
      "q1_best_delta": 0.0
    },
    "no_late": {
      "best_s": 0.3,
      "best_avg": 0.4677316568883082,
      "q1_best_s": 0.4,
      "q1_best": 0.4933390654004745,
      "q1_best_delta": 0.027583285521599887
    }
  },
  "nested_router": {
    "base": 0.477599712584228,
    "train_selected": 0.4710704296386642,
    "nested": 0.4744278384321622,
    "selection_bias": 0.0033574087934979957,
    "per_target": {
      "Q1": 0.5018386167277992,
      "Q2": 0.5320406633568379,
      "Q3": 0.5005673877293004,
      "S1": 0.4697733276957885,
      "S2": 0.44932117462785015,
      "S3": 0.401202991819269,
      "S4": 0.4662507070682898
    }
  },
  "q1_attribution": {
    "full": 0.024509006662981114,
    "geo_only": 0.019217316240899618,
    "no_retrieval": 0.0315879514403507,
    "retrieval_only": 0.00034328588836751717
  }
}