{
  "v80_base_meanabs_drift_vs_v76": 0.12748007064308975,
  "v82_meanabs_drift_vs_v76": 0.12841016265043112,
  "v82_Q1_shift_vs_v76": 0.047130019393274485,
  "v80_S1_shift_vs_v76": -0.04537944884390336,
  "v80_S3_shift_vs_v76": -0.048776391249695135,
  "per_target_v80_shift_vs_v76": {
    "Q1": 0.0068743810157399655,
    "Q2": 0.0020429253965850223,
    "Q3": -1.177441098279086e-05,
    "S1": -0.04537944884390336,
    "S2": -0.019956760778992274,
    "S3": -0.048776391249695135,
    "S4": 0.004009908944607082
  },
  "per_target_v82_shift_vs_v76": {
    "Q1": 0.047130019393274485,
    "Q2": 0.0020429253965850223,
    "Q3": -1.177441098279086e-05,
    "S1": -0.04537944884390336,
    "S2": -0.019956760778992274,
    "S3": -0.04035627936253758,
    "S4": 0.004009908944607082
  }
}