basename,cos_with_e323_bad_delta,l1_ratio_to_e323_delta,changed_rows,changed_cells,mean_abs_logit_delta,max_abs_prob_delta
submission_h003_semantic_tiny_11e7aa3b.csv,0.01601229707446398,0.30465252182825275,250,1750,0.007737850986267984,0.004499919861043367
submission_h003_semantic_tail_micro_fbdd9c4f.csv,0.014936590784380428,0.48923103643184457,250,1750,0.01242594952127519,0.008748727914632548
submission_h003_semantic_micro_ebeebefd.csv,0.016012297074467784,0.5077542030470881,250,1750,0.012896418310446644,0.007499858583492891
