split,positive_pair_count,autocorr_mean,autocorr_min,autocorr_max,increment_abs_skew_mean,increment_abs_excess_kurt_mean,increment_l2_mean
train,440,0.37687506655525077,-0.0031663479617509197,0.584072579867185,0.20625945785217245,11.150752197305877,6.752132993411719
test,240,0.18838616808742398,0.05740224265885813,0.3413013094703419,0.13535655533952126,0.7630076038723204,6.04729707449265
all,690,0.3350167449352245,0.04258358569280281,0.5426204752518586,0.19590959059321966,11.554671850546292,6.607892512595726
