{
  "view": "no_gps",
  "device": "mps",
  "sequence": {
    "n_days": 700.0,
    "n_base_features": 47.0,
    "n_token_features": 101.0,
    "mean_missing_fraction": 0.20003166160081054
  },
  "n_features": 101,
  "epochs": 80,
  "final_ssl_loss": 0.28172135250908986,
  "best_global_source": "transformer_logreg_c0p03_w0p1",
  "best_global_avg_log_loss": 0.6270666813173068,
  "best_global_per_target": {
    "Q1": 0.6708706226469563,
    "Q2": 0.6988902502382363,
    "Q3": 0.6764215818765571,
    "S1": 0.5752238482318565,
    "S2": 0.5822158595595324,
    "S3": 0.5365157618129016,
    "S4": 0.6493288448551081
  },
  "targetwise_avg_log_loss": 0.6238661426818962,
  "targetwise_per_target": {
    "Q1": 0.6688180911998997,
    "Q2": 0.6908713666339197,
    "Q3": 0.6738228049000621,
    "S1": 0.5752238482318565,
    "S2": 0.579387106832722,
    "S3": 0.5330309613778893,
    "S4": 0.6459088195969246
  },
  "targetwise_sources": {
    "Q1": "transformer_ridge_resid_a1_w0p2",
    "Q2": "transformer_logreg_c0p03_w0p35",
    "Q3": "subject_prior_a16",
    "S1": "transformer_logreg_c0p03_w0p1",
    "S2": "transformer_ridge_resid_a1_w0p05",
    "S3": "subject_prior_a4",
    "S4": "transformer_ridge_resid_a1_w0p1"
  },
  "targetwise_source_losses": {
    "Q1": 0.6688180911998997,
    "Q2": 0.6908713666339197,
    "Q3": 0.6738228049000621,
    "S1": 0.5752238482318565,
    "S2": 0.579387106832722,
    "S3": 0.5330309613778893,
    "S4": 0.6459088195969246
  },
  "drift_vs_reference_best_global": {
    "reference": "outputs/v83_repaired_v80/submission_v83_gq015_gs010.csv",
    "mean_abs_drift": 0.0662835638820511,
    "max_abs_drift": 0.31872455241301223,
    "corr": 0.8816176962537599,
    "target_mean": {
      "Q1": 0.499396674699667,
      "Q2": 0.5571722253569378,
      "Q3": 0.60383239904578,
      "S1": 0.688043201698325,
      "S2": 0.6535472858355516,
      "S3": 0.6627896577122333,
      "S4": 0.5589775565192318
    },
    "target_mean_shift": {
      "Q1": -0.010971522202289117,
      "Q2": -0.01214608969952224,
      "Q3": -0.008154362615418333,
      "S1": 0.005430814487225624,
      "S2": 0.009622037181551468,
      "S3": 0.004148836815277676,
      "S4": 0.005963634496544319
    },
    "panel_mean_abs_drift": {
      "early": 0.055425424034715745,
      "mid": 0.06909491038248215,
      "late": 0.07401327809317725
    }
  },
  "drift_vs_reference_targetwise": {
    "reference": "outputs/v83_repaired_v80/submission_v83_gq015_gs010.csv",
    "mean_abs_drift": 0.06672185554801574,
    "max_abs_drift": 0.4119713744928698,
    "corr": 0.8621414608706063,
    "target_mean": {
      "Q1": 0.49673220060264667,
      "Q2": 0.5536375016331793,
      "Q3": 0.6030728937366889,
      "S1": 0.688043201698325,
      "S2": 0.6592085084274252,
      "S3": 0.6743072986995421,
      "S4": 0.5617942765081976
    },
    "target_mean_shift": {
      "Q1": -0.013635996299309349,
      "Q2": -0.01568081342328088,
      "Q3": -0.008913867924509376,
      "S1": 0.005430814487225624,
      "S2": 0.015283259773425236,
      "S3": 0.01566647780258651,
      "S4": 0.008780354485510138
    },
    "panel_mean_abs_drift": {
      "early": 0.05328985909266183,
      "mid": 0.06863731254100516,
      "late": 0.07780939412355574
    }
  },
  "ssl_loss_history": [
    1.1233482415335518,
    0.8588571221487863,
    0.65869065284729,
    0.5519070785386222,
    0.5172928180013384,
    0.51337395463671,
    0.4972126776831491,
    0.4929369470051357,
    0.4623099844796317,
    0.4409367035116468,
    0.4287801834515163,
    0.4181322067124503,
    0.4182322951725551,
    0.41102284789085386,
    0.40261814543179103,
    0.3804825108391898,
    0.3845604734761374,
    0.37699859380722045,
    0.36871413111686707,
    0.36283451318740845,
    0.34923780475343974,
    0.35191542829786027,
    0.34129659601620266,
    0.3509340044430324,
    0.34901363594191415,
    0.33957087482724874,
    0.3446651860645839,
    0.33831217323030743,
    0.3323132082394191,
    0.33273172191211153,
    0.32760187438556126,
    0.3223120958464486,
    0.32001542244638714,
    0.31797051106180463,
    0.31886176960808893,
    0.31331936614853995,
    0.32450041787964956,
    0.31743925877979823,
    0.3178311800956726,
    0.31582364542143687,
    0.3153478613921574,
    0.31303830998284476,
    0.32067676765578135,
    0.3182629067557199,
    0.3100867443425315,
    0.30675934433937074,
    0.30446034244128634,
    0.3019442447594234,
    0.3046911038671221,
    0.30408222794532774,
    0.3024001743112292,
    0.30223254544394357,
    0.3028431664194379,
    0.3025304561001914,
    0.2904464110306331,
    0.3024276958193098,
    0.3040163770743779,
    0.30282643062727793,
    0.30500057799475533,
    0.2943565973213741,
    0.2998826776232038,
    0.3021606479372297,
    0.29500136971473695,
    0.2930193786961692,
    0.2959342976978847,
    0.30358892355646405,
    0.29226530381611415,
    0.29994981680597577,
    0.2871941934313093,
    0.29612038748604913,
    0.28839566911969866,
    0.2937435073511941,
    0.2990992520536695,
    0.2870729912178857,
    0.2891711003439767,
    0.2886248556205205,
    0.28103201014654977,
    0.284698508807591,
    0.28829375045640127,
    0.28172135250908986
  ]
}