target,source,loss
Q1,baseline,0.6627851441975227
Q2,moe_ridge_a5_b0.35,0.6792277478852716
Q3,baseline,0.6639601692625265
S1,baseline,0.5645047401412568
S2,baseline,0.5758589414653473
S3,baseline,0.5258078198860064
S4,moe_ridge_a5_b0.35,0.6430681199276149
