{
  "best_source": "baseline_targetwise_hybrid",
  "best_avg_log_loss": 0.6164589546807923,
  "best_per_target": {
    "Q1": 0.6627851441975227,
    "Q2": 0.6792277478852716,
    "Q3": 0.6639601692625265,
    "S1": 0.5645047401412568,
    "S2": 0.5758589414653473,
    "S3": 0.5258078198860064,
    "S4": 0.6430681199276149
  },
  "best_drift_vs_reference": {
    "reference": "outputs/v83_repaired_v80/submission_v83_gq015_gs010.csv",
    "mean_abs_drift": 0.07708335385159581,
    "max_abs_drift": 0.4273738030998857,
    "corr": 0.828692301082391,
    "target_mean": {
      "Q1": 0.5179217309153771,
      "Q2": 0.5571816160416633,
      "Q3": 0.5811927988932865,
      "S1": 0.7159481489785131,
      "S2": 0.6465158441094878,
      "S3": 0.6712312018005414,
      "S4": 0.5602234516082694
    },
    "target_mean_shift": {
      "Q1": 0.0075535340134211286,
      "Q2": -0.012136699014796942,
      "Q3": -0.030793962767911954,
      "S1": 0.03333576176741376,
      "S2": 0.0025905954554878347,
      "S3": 0.012590380903585803,
      "S4": 0.007209529585581882
    },
    "panel_mean_abs_drift": {
      "early": 0.0610946664974041,
      "mid": 0.07742247233737751,
      "late": 0.09217659536599394
    }
  },
  "best_global_source": "moe_ridge_a5_b0.35",
  "best_global_avg_log_loss": 0.6187020571401332,
  "best_global_drift_vs_reference": {
    "reference": "outputs/v83_repaired_v80/submission_v83_gq015_gs010.csv",
    "mean_abs_drift": 0.06986891539082772,
    "max_abs_drift": 0.33532593434465374,
    "corr": 0.8564164304845313,
    "target_mean": {
      "Q1": 0.5124601761209503,
      "Q2": 0.5571816160416633,
      "Q3": 0.5901339412053642,
      "S1": 0.7094720694967219,
      "S2": 0.6537510312365595,
      "S3": 0.6741756347389258,
      "S4": 0.5602234516082694
    },
    "target_mean_shift": {
      "Q1": 0.0020919792189942788,
      "Q2": -0.012136699014796942,
      "Q3": -0.02185282045583412,
      "S1": 0.026859682285622504,
      "S2": 0.009825782582559547,
      "S3": 0.015534813841970198,
      "S4": 0.007209529585581882
    },
    "panel_mean_abs_drift": {
      "early": 0.054030812272323515,
      "mid": 0.0709126879795761,
      "late": 0.08412881340084216
    }
  },
  "targetwise_avg_log_loss": 0.6187020571401332,
  "targetwise_drift_vs_reference": {
    "reference": "outputs/v83_repaired_v80/submission_v83_gq015_gs010.csv",
    "mean_abs_drift": 0.06986891539082772,
    "max_abs_drift": 0.33532593434465374,
    "corr": 0.8564164304845313,
    "target_mean": {
      "Q1": 0.5124601761209503,
      "Q2": 0.5571816160416633,
      "Q3": 0.5901339412053642,
      "S1": 0.7094720694967219,
      "S2": 0.6537510312365595,
      "S3": 0.6741756347389258,
      "S4": 0.5602234516082694
    },
    "target_mean_shift": {
      "Q1": 0.0020919792189942788,
      "Q2": -0.012136699014796942,
      "Q3": -0.02185282045583412,
      "S1": 0.026859682285622504,
      "S2": 0.009825782582559547,
      "S3": 0.015534813841970198,
      "S4": 0.007209529585581882
    },
    "panel_mean_abs_drift": {
      "early": 0.054030812272323515,
      "mid": 0.0709126879795761,
      "late": 0.08412881340084216
    }
  },
  "targetwise_sources": {
    "Q1": "moe_ridge_a5_b0.35",
    "Q2": "moe_ridge_a5_b0.35",
    "Q3": "moe_ridge_a5_b0.35",
    "S1": "moe_ridge_a5_b0.35",
    "S2": "moe_ridge_a5_b0.35",
    "S3": "moe_ridge_a5_b0.35",
    "S4": "moe_ridge_a5_b0.35"
  },
  "targetwise_source_losses": {
    "Q1": 0.6661838451651003,
    "Q2": 0.6792277478852716,
    "Q3": 0.666058517225206,
    "S1": 0.5700799701319177,
    "S2": 0.5784525275626157,
    "S3": 0.527843672083205,
    "S4": 0.6430681199276149
  },
  "hybrid_avg_log_loss": 0.6164589546807923,
  "hybrid_drift_vs_reference": {
    "reference": "outputs/v83_repaired_v80/submission_v83_gq015_gs010.csv",
    "mean_abs_drift": 0.07708335385159581,
    "max_abs_drift": 0.4273738030998857,
    "corr": 0.828692301082391,
    "target_mean": {
      "Q1": 0.5179217309153771,
      "Q2": 0.5571816160416633,
      "Q3": 0.5811927988932865,
      "S1": 0.7159481489785131,
      "S2": 0.6465158441094878,
      "S3": 0.6712312018005414,
      "S4": 0.5602234516082694
    },
    "target_mean_shift": {
      "Q1": 0.0075535340134211286,
      "Q2": -0.012136699014796942,
      "Q3": -0.030793962767911954,
      "S1": 0.03333576176741376,
      "S2": 0.0025905954554878347,
      "S3": 0.012590380903585803,
      "S4": 0.007209529585581882
    },
    "panel_mean_abs_drift": {
      "early": 0.0610946664974041,
      "mid": 0.07742247233737751,
      "late": 0.09217659536599394
    }
  },
  "hybrid_sources": {
    "Q1": "baseline",
    "Q2": "moe_ridge_a5_b0.35",
    "Q3": "baseline",
    "S1": "baseline",
    "S2": "baseline",
    "S3": "baseline",
    "S4": "moe_ridge_a5_b0.35"
  },
  "hybrid_source_losses": {
    "Q1": 0.6627851441975227,
    "Q2": 0.6792277478852716,
    "Q3": 0.6639601692625265,
    "S1": 0.5645047401412568,
    "S2": 0.5758589414653473,
    "S3": 0.5258078198860064,
    "S4": 0.6430681199276149
  },
  "input_sources": [
    "no_pca_v1__fold_local_all_hgb",
    "no_pca_v1__fold_local_all_logreg",
    "no_pca_v1__fold_local_all_ridge",
    "no_pca_v1__fold_local_selected",
    "v1__fold_local_all_hgb",
    "v1__fold_local_all_logreg",
    "v1__fold_local_all_ridge",
    "v1__fold_local_selected"
  ],
  "n_input_sources": 8
}