target,selected_loss,base_loss,delta_vs_base,most_common_family
Q1,0.6657333865365425,0.6691817177735858,-0.003448331237043378,sleep_fragment_recovery_sleep_sensor
Q2,0.7029392626542587,0.7016929759704349,0.0012462866838236942,trajectory_proto
Q3,0.673620032949188,0.6738888587098408,-0.00026882576065283547,mobility_constriction
S1,0.5753892630164293,0.5708954587854569,0.004493804230972431,routine_regularity
S2,0.5848860095563635,0.5783156553303062,0.006570354226057384,sleep_intrusion
S3,0.5308000450166735,0.5251202551583003,0.005679789858373296,best_late_fusion
S4,0.6445004993160359,0.6432464279775342,0.0012540713385017278,routine_regularity
