target,selected_cells,gain_sum,mean_gain,positive_gain_rate,raw_action_count,inverse_action_count,positive_subjects,negative_subjects
Q1,16,-0.9811227872641031,-0.06132017420400644,0.5625,5.0,11.0,3,6
Q2,11,0.1256975168041972,0.011427046982199745,0.5454545454545454,1.0,10.0,6,4
Q3,30,-0.4527350038796642,-0.015091166795988807,0.43333333333333335,9.0,21.0,5,5
S1,11,0.3202721481577825,0.02911564983252568,0.6363636363636364,5.0,6.0,6,3
S2,16,2.099623420792227,0.1312264637995142,0.5625,5.0,11.0,7,3
S3,8,-0.9574003116288773,-0.11967503895360966,0.25,5.0,3.0,2,6
S4,82,0.41040108644358053,0.005004891298092446,0.5609756097560976,47.0,35.0,7,3
