target,mean_disagreement,median_disagreement,mean_abs_gain,toxic_tail_rate
Q1,0.0679707372085974,0.0398785378327969,0.1498873105833158,0.1711111111111111
Q2,0.0895995837241685,0.0455559860626011,0.1866836407296386,0.1711111111111111
Q3,0.0871950968423846,0.0393233146763531,0.1488811257538143,0.18
S1,0.2591811759240987,0.1463256826626746,0.1753850962684452,0.1677777777777777
S2,0.1984074784012609,0.1157639766917986,0.201805660423942,0.18
S3,0.1960382206247605,0.0942997635426436,0.173792809570861,0.1722222222222222
S4,0.0959740423851145,0.049869752268296,0.1435126799056077,0.1788888888888888
