target,train_mean_vote_fraction,train_p90_vote_fraction,test_mean_vote_fraction,test_p90_vote_fraction,test_high_vote_cells
Q1,0.018444444444444447,0.0,0.018,0.0,10
Q2,0.009000000000000001,0.0,0.007400000000000001,0.0,3
Q3,0.03266666666666666,0.1,0.031599999999999996,0.1,15
S1,0.011000000000000001,0.0,0.011,0.0,5
S2,0.018,0.0,0.0176,0.0,8
S3,0.007000000000000001,0.0,0.0088,0.0,5
S4,0.09344444444444444,0.7,0.09440000000000001,0.7,62
