{
  "view": "only_rhythm",
  "device": "mps",
  "sequence": {
    "n_days": 700.0,
    "n_base_features": 23.0,
    "n_token_features": 99.0,
    "mean_missing_fraction": 0.23506599378881987,
    "add_deviation_features": 1.0
  },
  "n_features": 99,
  "epochs": 60,
  "final_ssl_loss": 0.3770784848076957,
  "best_global_source": "transformer_logreg_c0p3_w0p05",
  "best_global_avg_log_loss": 0.6272141149488731,
  "best_global_per_target": {
    "Q1": 0.6710993593325141,
    "Q2": 0.7001719161387064,
    "Q3": 0.6786212182069514,
    "S1": 0.5773020928012286,
    "S2": 0.578784075429198,
    "S3": 0.5341977605863141,
    "S4": 0.6503223821472
  },
  "targetwise_avg_log_loss": 0.6225988369992442,
  "targetwise_per_target": {
    "Q1": 0.6676990824556224,
    "Q2": 0.6827035452645913,
    "Q3": 0.6738228049000621,
    "S1": 0.5757019130502258,
    "S2": 0.5786770280905819,
    "S3": 0.5323155029587096,
    "S4": 0.6472719822749171
  },
  "targetwise_sources": {
    "Q1": "transformer_logreg_c0p3_w0p2",
    "Q2": "transformer_logreg_c0p3_w0p35",
    "Q3": "subject_prior_a16",
    "S1": "subject_prior_a8",
    "S2": "transformer_logreg_c0p3_w0p1",
    "S3": "transformer_ridge_resid_a1_w0p1",
    "S4": "subject_prior_a8"
  },
  "targetwise_source_losses": {
    "Q1": 0.6676990824556224,
    "Q2": 0.6827035452645913,
    "Q3": 0.6738228049000621,
    "S1": 0.5757019130502258,
    "S2": 0.5786770280905819,
    "S3": 0.5323155029587096,
    "S4": 0.6472719822749171
  },
  "drift_vs_reference_best_global": {
    "reference": "outputs/v83_repaired_v80/submission_v83_gq015_gs010.csv",
    "mean_abs_drift": 0.06374370762449295,
    "max_abs_drift": 0.3075553232283387,
    "corr": 0.8857589359662811,
    "target_mean": {
      "Q1": 0.5003706154356812,
      "Q2": 0.5571037856083758,
      "Q3": 0.6024060317902965,
      "S1": 0.6908575947235049,
      "S2": 0.6555396247692833,
      "S3": 0.6709001104117712,
      "S4": 0.5601889977802164
    },
    "target_mean_shift": {
      "Q1": -0.009997581466274828,
      "Q2": -0.012214529448084294,
      "Q3": -0.00958072987090185,
      "S1": 0.008245207512405603,
      "S2": 0.011614376115283346,
      "S3": 0.012259289514815521,
      "S4": 0.007175075757528962
    },
    "panel_mean_abs_drift": {
      "early": 0.05097057391822964,
      "mid": 0.06593769728091523,
      "late": 0.07392365847661699
    }
  },
  "drift_vs_reference_targetwise": {
    "reference": "outputs/v83_repaired_v80/submission_v83_gq015_gs010.csv",
    "mean_abs_drift": 0.0689667973451673,
    "max_abs_drift": 0.3978672804945058,
    "corr": 0.8585123234969286,
    "target_mean": {
      "Q1": 0.49722437326323154,
      "Q2": 0.5482098101799832,
      "Q3": 0.6030728937366889,
      "S1": 0.6923877866215694,
      "S2": 0.6528010514019768,
      "S3": 0.6717446286955681,
      "S4": 0.5592527565880283
    },
    "target_mean_shift": {
      "Q1": -0.013143823638724478,
      "Q2": -0.021108504876476995,
      "Q3": -0.008913867924509376,
      "S1": 0.009775399410469864,
      "S2": 0.008875802747976797,
      "S3": 0.01310380779861245,
      "S4": 0.006238834565341037
    },
    "panel_mean_abs_drift": {
      "early": 0.057482324385210545,
      "mid": 0.07136006530473314,
      "late": 0.07770898019307892
    }
  },
  "ssl_loss_history": [
    1.0341659821782794,
    0.660644291809627,
    0.5911821155888694,
    0.5738048243522644,
    0.5632811321531024,
    0.5358465845244271,
    0.5255926547731672,
    0.5270297936030797,
    0.49968284334455215,
    0.4914119461604527,
    0.46344291652951924,
    0.46413764204297747,
    0.4508255480016981,
    0.45235369648252216,
    0.4392085770198277,
    0.43541137150355746,
    0.4325189243044172,
    0.43059642468179976,
    0.4291024793897356,
    0.42797645381518773,
    0.42014017394610814,
    0.42389344113213673,
    0.4150672338690077,
    0.41375843184334893,
    0.42184246386800495,
    0.40480669498443606,
    0.42063614555767603,
    0.4049304774829319,
    0.40916713561330526,
    0.4051157380853381,
    0.4009936441693987,
    0.40340850353240965,
    0.39703428523881096,
    0.4000785139628819,
    0.3966953006812504,
    0.38431359665734427,
    0.38761703951018195,
    0.3982904769693102,
    0.3939859209741865,
    0.3856626718384879,
    0.3783477624825069,
    0.39798226169177464,
    0.39053515911102293,
    0.38565152389662605,
    0.3864291434628623,
    0.38371827227728705,
    0.3787580050740923,
    0.38748040522847854,
    0.38170343705586024,
    0.3795695997987475,
    0.38317346845354355,
    0.38563097834587096,
    0.3802807947567531,
    0.37600701808929443,
    0.3755069843360356,
    0.3731111924988883,
    0.3729219511577061,
    0.363700692313058,
    0.3731848764419556,
    0.3770784848076957
  ]
}