{
  "best_source": "targetwise",
  "best_avg_log_loss": 0.6231743528265168,
  "best_per_target": {
    "Q1": 0.6684811346143255,
    "Q2": 0.693064927059091,
    "Q3": 0.6686570443099726,
    "S1": 0.5748778166296943,
    "S2": 0.5774011534500492,
    "S3": 0.5347876459944689,
    "S4": 0.6449507477280159
  },
  "best_drift_vs_reference": {
    "reference": "outputs/v83_repaired_v80/submission_v83_gq015_gs010.csv",
    "mean_abs_drift": 0.06745548454369991,
    "max_abs_drift": 0.29626356229868944,
    "corr": 0.8796745127576341,
    "target_mean": {
      "Q1": 0.5004966018425238,
      "Q2": 0.5644484987439896,
      "Q3": 0.6046734239280427,
      "S1": 0.6904026960534322,
      "S2": 0.6547044953574355,
      "S3": 0.6739255079022918,
      "S4": 0.5628813052712811
    },
    "target_mean_shift": {
      "Q1": -0.009871595059432272,
      "Q2": -0.004869816312470529,
      "Q3": -0.007313337733155695,
      "S1": 0.007790308842332863,
      "S2": 0.010779246703435613,
      "S3": 0.015284687005336198,
      "S4": 0.009867383248593717
    },
    "panel_mean_abs_drift": {
      "early": 0.05720059952202604,
      "mid": 0.07074429911004823,
      "late": 0.0741370017527628
    }
  },
  "best_subject_drift_vs_reference": {
    "id01": 0.04215794805822397,
    "id02": 0.052728310925823474,
    "id03": 0.06097833271736436,
    "id04": 0.07066854995421447,
    "id05": 0.08087257507214902,
    "id06": 0.07669661232583738,
    "id07": 0.08064689894756034,
    "id08": 0.07541833668957279,
    "id09": 0.0675088505661839,
    "id10": 0.07434398407942057
  },
  "best_target_gain_vs_subject_prior": {
    "Q1": 0.004698308550133423,
    "Q2": 0.01194511635020823,
    "Q3": 0.009113186037046694,
    "S1": 0.0008240964205314949,
    "S2": 0.002455299628300489,
    "S3": 0.0,
    "S4": 0.002321234546901252
  },
  "best_global_source": "only_event__absolute_plus_deviation__mlp_h2_k4_wd0.1_b0.2",
  "best_global_avg_log_loss": 0.6254892334633587,
  "best_global_drift_vs_reference": {
    "reference": "outputs/v83_repaired_v80/submission_v83_gq015_gs010.csv",
    "mean_abs_drift": 0.07017227497770726,
    "max_abs_drift": 0.30339262948123025,
    "corr": 0.879889686674096,
    "target_mean": {
      "Q1": 0.50063360491562,
      "Q2": 0.5602995780350949,
      "Q3": 0.6041739169359409,
      "S1": 0.6884176054852952,
      "S2": 0.6542948201824841,
      "S3": 0.6613577314191559,
      "S4": 0.5591561173139943
    },
    "target_mean_shift": {
      "Q1": -0.009734591986335995,
      "Q2": -0.009018737021365266,
      "Q3": -0.007812844725257364,
      "S1": 0.005805218274195835,
      "S2": 0.010369571528484054,
      "S3": 0.0027169105222003324,
      "S4": 0.006142195291306878
    },
    "panel_mean_abs_drift": {
      "early": 0.061701353998479994,
      "mid": 0.07455925733743829,
      "late": 0.0740604630299303
    }
  },
  "targetwise_avg_log_loss": 0.6231743528265168,
  "targetwise_drift_vs_reference": {
    "reference": "outputs/v83_repaired_v80/submission_v83_gq015_gs010.csv",
    "mean_abs_drift": 0.06745548454369991,
    "max_abs_drift": 0.29626356229868944,
    "corr": 0.8796745127576341,
    "target_mean": {
      "Q1": 0.5004966018425238,
      "Q2": 0.5644484987439896,
      "Q3": 0.6046734239280427,
      "S1": 0.6904026960534322,
      "S2": 0.6547044953574355,
      "S3": 0.6739255079022918,
      "S4": 0.5628813052712811
    },
    "target_mean_shift": {
      "Q1": -0.009871595059432272,
      "Q2": -0.004869816312470529,
      "Q3": -0.007313337733155695,
      "S1": 0.007790308842332863,
      "S2": 0.010779246703435613,
      "S3": 0.015284687005336198,
      "S4": 0.009867383248593717
    },
    "panel_mean_abs_drift": {
      "early": 0.05720059952202604,
      "mid": 0.07074429911004823,
      "late": 0.0741370017527628
    }
  },
  "targetwise_sources": {
    "Q1": "only_event__deviation__mlp_h2_k4_wd0.1_b0.2",
    "Q2": "only_cross_modal__deviation__linear_k4_b0.2",
    "Q3": "only_event__deviation__mlp_h2_k4_wd0.1_b0.2",
    "S1": "only_event__absolute_plus_deviation__mlp_h2_k4_wd0.1_b0.1",
    "S2": "only_event__deviation__mlp_h2_k2_wd0.1_b0.2",
    "S3": "subject_prior",
    "S4": "only_cross_modal__deviation__linear_k4_b0.2"
  },
  "targetwise_source_losses": {
    "Q1": 0.6684811346143255,
    "Q2": 0.693064927059091,
    "Q3": 0.6686570443099726,
    "S1": 0.5748778166296943,
    "S2": 0.5774011534500492,
    "S3": 0.5347876459944689,
    "S4": 0.6449507477280159
  },
  "subject_prior_avg_log_loss": 0.6276539587598199,
  "n_candidates": 362,
  "views": [
    "no_sleep",
    "only_cross_modal",
    "only_event",
    "only_rhythm"
  ],
  "device": "mps"
}