{
  "view": "only_cross_modal",
  "encoder_type": "gru",
  "encoder_params": 1015,
  "device": "mps",
  "sequence": {
    "n_days": 700.0,
    "n_base_features": 22.0,
    "n_token_features": 95.0,
    "mean_missing_fraction": 0.06805059523809524,
    "add_deviation_features": 1.0
  },
  "n_features": 95,
  "epochs": 50,
  "final_ssl_loss": 0.454963937827519,
  "best_global_source": "transformer_ridge_resid_a1_w0p35",
  "best_global_avg_log_loss": 0.6267666517664808,
  "best_global_per_target": {
    "Q1": 0.6762126366162026,
    "Q2": 0.7005354510929429,
    "Q3": 0.6795687327301201,
    "S1": 0.5771172280218198,
    "S2": 0.5779866933440709,
    "S3": 0.5361737100410773,
    "S4": 0.6397721105191321
  },
  "targetwise_avg_log_loss": 0.6229118337466767,
  "targetwise_per_target": {
    "Q1": 0.6717141025249506,
    "Q2": 0.6890712167643891,
    "Q3": 0.6731363019373127,
    "S1": 0.5757019130502258,
    "S2": 0.5779562300528376,
    "S3": 0.5330309613778893,
    "S4": 0.6397721105191321
  },
  "targetwise_sources": {
    "Q1": "transformer_logreg_c0p03_w0p2",
    "Q2": "transformer_logreg_c0p3_w0p35",
    "Q3": "transformer_logreg_c0p03_w0p35",
    "S1": "subject_prior_a8",
    "S2": "transformer_ridge_resid_a20_w0p35",
    "S3": "subject_prior_a4",
    "S4": "transformer_ridge_resid_a1_w0p35"
  },
  "targetwise_source_losses": {
    "Q1": 0.6717141025249506,
    "Q2": 0.6890712167643891,
    "Q3": 0.6731363019373127,
    "S1": 0.5757019130502258,
    "S2": 0.5779562300528376,
    "S3": 0.5330309613778893,
    "S4": 0.6397721105191321
  },
  "drift_vs_reference_best_global": {
    "reference": "outputs/v83_repaired_v80/submission_v83_gq015_gs010.csv",
    "mean_abs_drift": 0.06431135683581722,
    "max_abs_drift": 0.3490575288509406,
    "corr": 0.875586796232415,
    "target_mean": {
      "Q1": 0.4986998554730328,
      "Q2": 0.5521493802055991,
      "Q3": 0.601889807592408,
      "S1": 0.6859571852078936,
      "S2": 0.6590432273286391,
      "S3": 0.6735913370278616,
      "S4": 0.561603558290964
    },
    "target_mean_shift": {
      "Q1": -0.011668341428923255,
      "Q2": -0.01716893485086106,
      "Q3": -0.010096954068790439,
      "S1": 0.003344797996794225,
      "S2": 0.015117978674639154,
      "S3": 0.014950516130905808,
      "S4": 0.008589636268276534
    },
    "panel_mean_abs_drift": {
      "early": 0.04909016880466747,
      "mid": 0.06644927601783755,
      "late": 0.07690771126460064
    }
  },
  "drift_vs_reference_targetwise": {
    "reference": "outputs/v83_repaired_v80/submission_v83_gq015_gs010.csv",
    "mean_abs_drift": 0.06709754161597155,
    "max_abs_drift": 0.34988617796216487,
    "corr": 0.8649624634920194,
    "target_mean": {
      "Q1": 0.49750632069053724,
      "Q2": 0.553505918234573,
      "Q3": 0.5988813641342617,
      "S1": 0.6923877866215694,
      "S2": 0.6578521157688414,
      "S3": 0.6743072986995421,
      "S4": 0.561603558290964
    },
    "target_mean_shift": {
      "Q1": -0.01286187621141875,
      "Q2": -0.01581239682188724,
      "Q3": -0.013105397526936693,
      "S1": 0.009775399410469864,
      "S2": 0.013926867114841465,
      "S3": 0.01566647780258651,
      "S4": 0.008589636268276534
    },
    "panel_mean_abs_drift": {
      "early": 0.05262957723604653,
      "mid": 0.0682659463380252,
      "late": 0.07991395911271741
    }
  },
  "ssl_loss_history": [
    1.3296526098251342,
    1.3097367763519288,
    1.2968152577536447,
    1.2721610804966519,
    1.2455610030038016,
    1.2258267525264195,
    1.2021720048359463,
    1.1930053383963448,
    1.1777546862193515,
    1.1528186900275095,
    1.1354118578774588,
    1.1054128796713694,
    1.0823565605708532,
    1.0643231882367816,
    1.0376143298830305,
    1.0094963659558978,
    0.9811551312037877,
    0.9574526299749102,
    0.9327281297956194,
    0.9064101440565927,
    0.877831905569349,
    0.8393771348680769,
    0.8082545515469143,
    0.790075376033783,
    0.7591029357910156,
    0.7288985368183681,
    0.705869688987732,
    0.6721897162709918,
    0.6537771715436663,
    0.6364540260178703,
    0.6083155168805804,
    0.5915833183697292,
    0.57898316519601,
    0.5552408150264195,
    0.5372304909569876,
    0.5289846427100046,
    0.5237631460598536,
    0.5081637229238237,
    0.49231420159339906,
    0.49319358451025824,
    0.48342240163258143,
    0.47293291211128236,
    0.4727629407814571,
    0.46484373910086496,
    0.46841602223260065,
    0.4581535853658404,
    0.44979610681533816,
    0.4603966675485883,
    0.465404098374503,
    0.454963937827519
  ]
}