{
  "view": "no_sleep",
  "encoder_type": "transformer",
  "encoder_params": 12486,
  "device": "mps",
  "sequence": {
    "n_days": 700.0,
    "n_base_features": 82.0,
    "n_token_features": 670.0,
    "raw_tokens_per_day": 48.0,
    "effective_tokens_per_day": 12.0,
    "pool_len": 4.0,
    "pool_stats": "mean_std",
    "mean_missing_fraction": 0.08443706445993032,
    "add_deviation_features": 1.0
  },
  "n_features": 670,
  "epochs": 50,
  "final_ssl_loss": 0.2180909937620163,
  "best_global_source": "transformer_logreg_c0p3_w0p1",
  "best_global_avg_log_loss": 0.6268791736057215,
  "best_global_per_target": {
    "Q1": 0.6708960463426596,
    "Q2": 0.6982409576775623,
    "Q3": 0.6762393323239365,
    "S1": 0.5772972685078949,
    "S2": 0.5797874381321587,
    "S3": 0.5383744649358205,
    "S4": 0.6473187073200183
  },
  "targetwise_avg_log_loss": 0.6232797840294237,
  "targetwise_per_target": {
    "Q1": 0.6693794528962496,
    "Q2": 0.6872730274783387,
    "Q3": 0.673408086825664,
    "S1": 0.5757019130502258,
    "S2": 0.5778499288929101,
    "S3": 0.5330309613778893,
    "S4": 0.6463151176846883
  },
  "targetwise_sources": {
    "Q1": "transformer_logreg_c0p3_w0p35",
    "Q2": "transformer_logreg_c0p3_w0p35",
    "Q3": "transformer_logreg_c0p03_w0p35",
    "S1": "subject_prior_a8",
    "S2": "transformer_ridge_resid_a1_w0p35",
    "S3": "subject_prior_a4",
    "S4": "transformer_ridge_resid_a20_w0p35"
  },
  "targetwise_source_losses": {
    "Q1": 0.6693794528962496,
    "Q2": 0.6872730274783387,
    "Q3": 0.673408086825664,
    "S1": 0.5757019130502258,
    "S2": 0.5778499288929101,
    "S3": 0.5330309613778893,
    "S4": 0.6463151176846883
  },
  "drift_vs_reference_best_global": {
    "reference": "outputs/v83_repaired_v80/submission_v83_gq015_gs010.csv",
    "mean_abs_drift": 0.06709328639120897,
    "max_abs_drift": 0.29991274174619054,
    "corr": 0.881915154840008,
    "target_mean": {
      "Q1": 0.500270361443018,
      "Q2": 0.5601911573947294,
      "Q3": 0.6023029744755948,
      "S1": 0.6884529248700285,
      "S2": 0.6539281750763687,
      "S3": 0.6687304412701983,
      "S4": 0.5612487878846543
    },
    "target_mean_shift": {
      "Q1": -0.010097835458938083,
      "Q2": -0.009127157661730898,
      "Q3": -0.009683787185603608,
      "S1": 0.005840537658929112,
      "S2": 0.01000292642236873,
      "S3": 0.01008962037324274,
      "S4": 0.008234865861966797
    },
    "panel_mean_abs_drift": {
      "early": 0.05574050711898724,
      "mid": 0.06908385499152199,
      "late": 0.07610164764410546
    }
  },
  "drift_vs_reference_targetwise": {
    "reference": "outputs/v83_repaired_v80/submission_v83_gq015_gs010.csv",
    "mean_abs_drift": 0.06972398679448617,
    "max_abs_drift": 0.3381180998467113,
    "corr": 0.8569569844500896,
    "target_mean": {
      "Q1": 0.4973978579843183,
      "Q2": 0.5642037637654489,
      "Q3": 0.6011119738520166,
      "S1": 0.6923877866215694,
      "S2": 0.6489004215896667,
      "S3": 0.6743072986995421,
      "S4": 0.5656478597146097
    },
    "target_mean_shift": {
      "Q1": -0.012970338917637733,
      "Q2": -0.005114551291011168,
      "Q3": -0.010874787809181854,
      "S1": 0.009775399410469864,
      "S2": 0.004975172935666636,
      "S3": 0.01566647780258651,
      "S4": 0.012633937691922333
    },
    "panel_mean_abs_drift": {
      "early": 0.056302775084644464,
      "mid": 0.07070792038268657,
      "late": 0.08171072646962009
    }
  },
  "ssl_loss_history": [
    0.45637629202433994,
    0.43426074692181177,
    0.42336738927023754,
    0.4115532714979989,
    0.3954522143091474,
    0.3881429166453225,
    0.3692140533242907,
    0.3565524804592133,
    0.34548235416412354,
    0.33493166531835283,
    0.31788093175206866,
    0.30995947633470805,
    0.3085852261951991,
    0.2858795414652143,
    0.28355063046727863,
    0.27236500024795535,
    0.270338625226702,
    0.2669460359641484,
    0.27378198964255196,
    0.2603587133543832,
    0.2534388111318861,
    0.2524370627743857,
    0.24717329825673784,
    0.23232070139476232,
    0.22957622860159194,
    0.2255603907789503,
    0.2262916371652058,
    0.21620838267462594,
    0.22384356336934225,
    0.2263004469871521,
    0.2222646164894104,
    0.21669486122471945,
    0.2241422481196267,
    0.22242869189807346,
    0.2126237188066755,
    0.22162347154957907,
    0.22483594655990602,
    0.22788999336106436,
    0.21627672902175357,
    0.22404871012483324,
    0.22112078274999347,
    0.22118695650781903,
    0.21142467268875667,
    0.22514728793076105,
    0.22033148595264979,
    0.21455045001847403,
    0.22491016737052372,
    0.22113925346306393,
    0.21947334391730172,
    0.2180909937620163
  ]
}