{
  "latent_specs": {
    "best": "artifacts/domain_best_late_fusion_v1.parquet",
    "best_plus_scc_core": "artifacts/domain_best_plus_sleep_consensus_compact_core_v1.parquet",
    "best_plus_scc_subject_relative": "artifacts/domain_best_plus_sleep_consensus_compact_subject_relative_v1.parquet",
    "best_plus_scc_rolling": "artifacts/domain_best_plus_sleep_consensus_compact_rolling_v1.parquet",
    "best_plus_scc_all": "artifacts/domain_best_plus_sleep_consensus_compact_all_v1.parquet"
  },
  "n_folds": 5,
  "prior_alpha": 8.0,
  "c_values": [
    0.03,
    0.1,
    0.3
  ],
  "blends": [
    0.05,
    0.1,
    0.2
  ],
  "subject_prior_avg_log_loss": 0.6276539587598199,
  "subject_prior_per_target": {
    "Q1": 0.6731794431644589,
    "Q2": 0.7050100434092992,
    "Q3": 0.6777702303470193,
    "S1": 0.5757019130502258,
    "S2": 0.5798564530783497,
    "S3": 0.5347876459944689,
    "S4": 0.6472719822749171
  },
  "best_source": "best_plus_scc_rolling__absolute_plus_deviation__c0.3_b0.2",
  "best_avg_log_loss": 0.6209834932873771,
  "best_delta_vs_subject_prior": -0.006670465472442766,
  "top_scores": [
    {
      "source": "best_plus_scc_rolling__absolute_plus_deviation__c0.3_b0.2",
      "avg_log_loss": 0.6209834932873771,
      "Q1": 0.664137738617162,
      "Q2": 0.686604316982877,
      "Q3": 0.6726745329760843,
      "S1": 0.5725575834370885,
      "S2": 0.5798822152089426,
      "S3": 0.5284182436455018,
      "S4": 0.6426098221439837
    },
    {
      "source": "best_plus_scc_rolling__deviation__c0.3_b0.2",
      "avg_log_loss": 0.6211454376269355,
      "Q1": 0.662521612858372,
      "Q2": 0.6840220207151786,
      "Q3": 0.6705676854202428,
      "S1": 0.5734619745098144,
      "S2": 0.5807672031456135,
      "S3": 0.5356476776170328,
      "S4": 0.6410298891222942
    },
    {
      "source": "best_plus_scc_subject_relative__absolute__c0.3_b0.2",
      "avg_log_loss": 0.6211483398590819,
      "Q1": 0.6606710449223043,
      "Q2": 0.7052628432803052,
      "Q3": 0.6729774169216068,
      "S1": 0.5691086613050222,
      "S2": 0.5716456233653736,
      "S3": 0.5254716205538487,
      "S4": 0.6429011686651119
    },
    {
      "source": "best_plus_scc_rolling__absolute_plus_deviation__c0.1_b0.2",
      "avg_log_loss": 0.6213654704037394,
      "Q1": 0.6640506644210113,
      "Q2": 0.6864260582179541,
      "Q3": 0.6734324887272972,
      "S1": 0.5715541803190789,
      "S2": 0.5796166722983846,
      "S3": 0.5336666961923566,
      "S4": 0.640811532650093
    },
    {
      "source": "best_plus_scc_all__deviation__c0.3_b0.2",
      "avg_log_loss": 0.6213794675041775,
      "Q1": 0.662707310107836,
      "Q2": 0.6886554592979209,
      "Q3": 0.6777735181140724,
      "S1": 0.5711004264575396,
      "S2": 0.573447572258119,
      "S3": 0.5294875132459971,
      "S4": 0.6464844730477578
    },
    {
      "source": "best_plus_scc_subject_relative__deviation__c0.3_b0.2",
      "avg_log_loss": 0.621504404800862,
      "Q1": 0.6602960457774648,
      "Q2": 0.7062287257576183,
      "Q3": 0.6742403328513358,
      "S1": 0.5689516818229853,
      "S2": 0.5732650809463249,
      "S3": 0.5253537678034719,
      "S4": 0.6421951986468332
    },
    {
      "source": "best_plus_scc_all__absolute_plus_deviation__c0.3_b0.2",
      "avg_log_loss": 0.6215146564883012,
      "Q1": 0.6626041312823971,
      "Q2": 0.6913693991563807,
      "Q3": 0.6774843826677653,
      "S1": 0.5713964393280878,
      "S2": 0.5740415073370908,
      "S3": 0.527118090575217,
      "S4": 0.6465886450711696
    },
    {
      "source": "best_plus_scc_all__absolute__c0.3_b0.2",
      "avg_log_loss": 0.6215487933960923,
      "Q1": 0.6621705792801728,
      "Q2": 0.6923806607519372,
      "Q3": 0.6776668221312785,
      "S1": 0.5726014113349666,
      "S2": 0.5717200112885409,
      "S3": 0.5294763784095673,
      "S4": 0.6448256905761817
    },
    {
      "source": "best_plus_scc_subject_relative__absolute_plus_deviation__c0.3_b0.2",
      "avg_log_loss": 0.6217352911718467,
      "Q1": 0.66204218874653,
      "Q2": 0.7055798664562759,
      "Q3": 0.6750356075722762,
      "S1": 0.569701370239498,
      "S2": 0.5750282063105937,
      "S3": 0.5219232492521142,
      "S4": 0.6428365496256385
    },
    {
      "source": "best_plus_scc_all__absolute_plus_deviation__c0.1_b0.2",
      "avg_log_loss": 0.6218049215649938,
      "Q1": 0.6637644930102569,
      "Q2": 0.6930073379958698,
      "Q3": 0.6789156126797242,
      "S1": 0.5707641312018505,
      "S2": 0.5728787215444224,
      "S3": 0.5298663331440202,
      "S4": 0.6434378213788118
    },
    {
      "source": "best_plus_scc_subject_relative__absolute_plus_deviation__c0.1_b0.2",
      "avg_log_loss": 0.6220704795434585,
      "Q1": 0.6626075617905057,
      "Q2": 0.7066449254609052,
      "Q3": 0.6760963027909227,
      "S1": 0.5699995498158873,
      "S2": 0.573143373025214,
      "S3": 0.5251954593573335,
      "S4": 0.6408061845634413
    },
    {
      "source": "best_plus_scc_subject_relative__absolute__c0.1_b0.2",
      "avg_log_loss": 0.6220740982035702,
      "Q1": 0.6627482695278966,
      "Q2": 0.7059292112258666,
      "Q3": 0.6749950828457155,
      "S1": 0.5709238207182752,
      "S2": 0.5702221184206209,
      "S3": 0.5289708305664612,
      "S4": 0.6407293541201557
    },
    {
      "source": "best_plus_scc_rolling__deviation__c0.1_b0.2",
      "avg_log_loss": 0.6221031414850525,
      "Q1": 0.66286968880557,
      "Q2": 0.6852499452226944,
      "Q3": 0.6716813980735838,
      "S1": 0.5729996787735194,
      "S2": 0.5813740173750005,
      "S3": 0.53969725143322,
      "S4": 0.6408500107117799
    },
    {
      "source": "best_plus_scc_all__deviation__c0.1_b0.2",
      "avg_log_loss": 0.6223981684408225,
      "Q1": 0.665008834226068,
      "Q2": 0.6908133545283135,
      "Q3": 0.6784116387610112,
      "S1": 0.5713899723810806,
      "S2": 0.5732252565203518,
      "S3": 0.533982857786005,
      "S4": 0.643955264882928
    },
    {
      "source": "best_plus_scc_all__absolute__c0.1_b0.2",
      "avg_log_loss": 0.6224533154516761,
      "Q1": 0.6642766109474104,
      "Q2": 0.6946258739797293,
      "Q3": 0.67865928800268,
      "S1": 0.5735768696186874,
      "S2": 0.5715375996557033,
      "S3": 0.5321200032927165,
      "S4": 0.6423769626648064
    },
    {
      "source": "best_plus_scc_all__absolute_plus_deviation__c0.3_b0.1",
      "avg_log_loss": 0.622589984857026,
      "Q1": 0.6658656174427848,
      "Q2": 0.695923316482078,
      "Q3": 0.6757308020127074,
      "S1": 0.5712789645539755,
      "S2": 0.5752310599268404,
      "S3": 0.5289797789790102,
      "S4": 0.6451203546017852
    },
    {
      "source": "best_plus_scc_rolling__absolute_plus_deviation__c0.03_b0.2",
      "avg_log_loss": 0.6226815822554576,
      "Q1": 0.6650930866525974,
      "Q2": 0.6875954063045037,
      "Q3": 0.6737846375576209,
      "S1": 0.5716239458203093,
      "S2": 0.5805970987754189,
      "S3": 0.5390136389476285,
      "S4": 0.6410632617301247
    },
    {
      "source": "best_plus_scc_all__absolute_plus_deviation__c0.03_b0.2",
      "avg_log_loss": 0.6226864440838771,
      "Q1": 0.6661372796027142,
      "Q2": 0.69436694124239,
      "Q3": 0.6796412881715415,
      "S1": 0.571599311356764,
      "S2": 0.5726804198280381,
      "S3": 0.5331197953938739,
      "S4": 0.6412600729918174
    },
    {
      "source": "best_plus_scc_core__absolute_plus_deviation__c0.3_b0.2",
      "avg_log_loss": 0.6227391768696252,
      "Q1": 0.6684184011008631,
      "Q2": 0.7065265262039833,
      "Q3": 0.6747880594467892,
      "S1": 0.5711414250400427,
      "S2": 0.5738086444789535,
      "S3": 0.5235498704355677,
      "S4": 0.6409413113811779
    },
    {
      "source": "best_plus_scc_subject_relative__deviation__c0.1_b0.2",
      "avg_log_loss": 0.6228179499135844,
      "Q1": 0.662867868062791,
      "Q2": 0.7060941628713668,
      "Q3": 0.6752463712698492,
      "S1": 0.5700803192634936,