subject_id,class,n_days,Q1_rate,low_activity,night_phone,phone_internal,rest_quiet,low_mobility_context,physio_light_low
id08,"Q2=0,Q3=0",12,0.5,0.19893416144255519,-0.3876537337278068,-0.1264218922228361,0.2326263165262655,-0.038569999065882675,-0.33100090452971825
id08,"Q2=1,Q3=0",19,0.2631578947368421,-0.18099739239604082,-0.1553403423186162,0.04000491178510337,0.07143534514599253,0.1777197308111166,0.19882688734376489
id08,"Q2=1,Q3=1",25,0.48,-0.0963670310361784,0.30413245235149566,0.030278775310282637,-0.16595149424356187,0.26605885301846394,0.3776302846739609
id10,"Q2=0,Q3=0",11,0.36363636363636365,0.15245873950714628,-0.20385993057852925,-0.3264580251421213,0.06721028127099482,0.04677692258038519,0.012120208886230282
id10,"Q2=0,Q3=1",4,0.5,0.11261757983014051,0.5103007922227742,0.9578354900168002,-0.20163084381298502,-0.4053305644768269,-0.28219139927174414
id10,"Q2=1,Q3=0",1,1.0,-0.1021241339154404,0.9388476510171465,0.9742454501268658,-0.20163084381298504,1.5579107698797858,1.1977479083588438
id10,"Q2=1,Q3=1",17,0.5294117647058824,-0.11914072470492643,-0.043387740208495285,-0.07144406668416073,0.015814183828469247,-0.026537332962159713,-0.011900271118846598
