archetype,n_days,Q1,Q2,Q3,S1,S2,S3,S4
0,138,0.5217391304347826,0.5289855072463768,0.6231884057971014,0.717391304347826,0.6594202898550725,0.6376811594202898,0.5579710144927537
1,67,0.4925373134328358,0.6119402985074627,0.6417910447761194,0.5223880597014925,0.5074626865671642,0.5671641791044776,0.5970149253731343
2,37,0.5945945945945946,0.5405405405405406,0.6216216216216216,0.7567567567567568,0.8378378378378378,0.8378378378378378,0.7027027027027027
3,51,0.45098039215686275,0.5882352941176471,0.49019607843137253,0.6862745098039216,0.6666666666666666,0.7450980392156863,0.47058823529411764
4,157,0.46496815286624205,0.5668789808917197,0.5923566878980892,0.7006369426751592,0.6560509554140127,0.6560509554140127,0.5414012738853503
