s2_case,n_days,Q1_rate,Q2_rate,Q3_rate,S1_rate,S2_rate,S3_rate,S4_rate,low_activity,night_phone,phone_internal,rest_quiet,low_mobility_context,physio_light_low
S2_only_high,35,0.4857142857142857,0.6857142857142857,0.6285714285714286,0.5142857142857142,1.0,0.2857142857142857,0.2,-0.17071054489371248,-0.05765117842300465,0.021326785103066948,0.02866459038376099,0.010787629710025382,0.07524070779570548
S2_only_low,42,0.5476190476190477,0.5952380952380952,0.5476190476190477,0.9761904761904762,0.0,0.7142857142857143,0.3333333333333333,0.03825136384035457,-0.16918750863240137,-0.1710482880097211,0.1871731108908436,-0.027160388119672734,0.09621673055336197
