subject_id,n_days,Q1_rate,Q2_rate,Q3_rate,S1_rate,S2_rate,S3_rate,S4_rate,night_screen_mean,screenoff_h,gps_radius,steps,app_total
id08,56,0.4107142857142857,0.7857142857142857,0.44642857142857145,0.44642857142857145,0.6071428571428571,0.6607142857142857,0.6071428571428571,55.589285714285715,3.25,0.03457792523594092,2303.9142857142856,29217721.5
id10,33,0.48484848484848486,0.5454545454545454,0.6363636363636364,0.48484848484848486,0.36363636363636365,0.48484848484848486,0.6666666666666666,103.15151515151516,2.272727272727273,0.02797443053813952,3383.5151515151515,34797872.0
