event_class,Q1_mean,Q1_count,Q2_mean,Q2_count,Q3_mean,Q3_count,S1_mean,S1_count,S2_mean,S2_count,S3_mean,S3_count,S4_mean,S4_count
long_rest,0.527027027027027,74,0.6216216216216216,74,0.5945945945945946,74,0.6621621621621622,74,0.581081081081081,74,0.6216216216216216,74,0.5675675675675675,74
normal,0.49063670411985016,267,0.5692883895131086,267,0.6142322097378277,267,0.7116104868913857,267,0.6853932584269663,267,0.6853932584269663,267,0.5543071161048689,267
post_long_rest,0.46,50,0.5,50,0.64,50,0.66,50,0.58,50,0.62,50,0.56,50
pre_long_rest,0.5084745762711864,59,0.5084745762711864,59,0.5084745762711864,59,0.5932203389830508,59,0.6440677966101694,59,0.6440677966101694,59,0.576271186440678,59
