coverage_feature,low_n,high_n,Q1_low_minus_high,Q2_low_minus_high,Q3_low_minus_high,S1_low_minus_high,S2_low_minus_high,S3_low_minus_high,S4_low_minus_high
wifi_unique_bssid,88,88,-0.07954545454545453,0.20454545454545453,0.06818181818181823,0.022727272727272707,-0.022727272727272707,-0.06818181818181823,0.06818181818181823
gps_count,85,85,-0.07058823529411762,0.1764705882352941,-0.01176470588235301,-0.05882352941176472,-0.14117647058823524,0.0,0.01176470588235301
ble_records,85,84,0.11274509803921567,0.1119047619047619,0.28879551820728294,0.15742296918767507,0.03977591036414563,-0.1257703081232493,0.04075630252100837
hr_count,79,79,-0.07594936708860761,0.03797468354430378,0.10126582278481006,-0.012658227848101222,-0.05063291139240511,-0.10126582278481022,0.10126582278481011
