q2_event,n_days,Q1_rate,Q2_rate,Q3_rate,activity_zmean,phone_screen_zmean,media_social_zmean,rest_quiet_zmean,mobility_context_zmean,physiology_light_zmean
Q2_0_to_1,76,0.618421052631579,1.0,0.75,-0.09259873460463472,-0.0012910835326663192,-0.030530100015570945,0.02352276069788293,-0.16964887605263407,-0.15517571211560852
Q2_1_to_0,75,0.4,0.0,0.4266666666666667,0.1480456085019354,-0.01681248916302481,0.13550525658469517,-0.05876556352071818,0.20863680248631794,0.16960962989576914
stable_0,118,0.4576271186440678,0.0,0.4152542372881356,0.07378759617168804,-0.07691252990220769,-0.11585568784956295,0.052500645954764544,0.03752459044661001,-0.05516996525524992
stable_1,171,0.5321637426900585,1.0,0.7426900584795322,0.012304991060213523,0.05950414040729114,0.03093527387288521,0.045255723530429046,-0.024281277934450278,0.019640382572632186
start,10,0.1,0.6,0.5,-1.5140513023537494,-0.03614233351818465,-0.21597783544817767,-1.2479306018076233,-0.28186691787899176,0.022362019703388376
