class,n_days,Q1_rate,low_activity,night_phone,phone_internal,rest_quiet,low_mobility_context,physio_light_low
"Q2=1,Q3=1",189.0,0.5502645502645502,0.04326915670080471,0.08440506226598313,0.009594275360348048,-0.015169305859348874,0.13986009435756713,0.10054643002506515
"Q2=1,Q3=0",64.0,0.546875,0.01171340644192638,-0.022098193943982262,0.13924802450766088,0.10442873089171044,0.03773550452111411,0.03945684992892769
diff_(Q3=1_minus_0),,0.003389550264550234,0.03155575025887833,0.1065032562099654,-0.12965374914731284,-0.11959803675105932,0.10212458983645302,0.061089580096137464
