cluster,Q1_mean,Q1_count,Q2_mean,Q2_count,Q3_mean,Q3_count,S1_mean,S1_count,S2_mean,S2_count,S3_mean,S3_count,S4_mean,S4_count
C0_mobility_rank,0.38509316770186336,161,0.5652173913043478,161,0.577639751552795,161,0.7018633540372671,161,0.7329192546583851,161,0.7080745341614907,161,0.6459627329192547,161
C1_mobility_rank,0.5601659751037344,241,0.5394190871369294,241,0.5892116182572614,241,0.6307053941908713,241,0.5435684647302904,241,0.5850622406639004,241,0.46473029045643155,241
C2_mobility_rank,0.5416666666666666,48,0.6666666666666666,48,0.7291666666666666,48,0.875,48,0.9166666666666666,48,0.8958333333333334,48,0.75,48
