q2_transition_type,type_name,n_days,Q1_rate,Q3_rate,S_family_mean,low_activity,night_phone,phone_internal,rest_quiet,low_mobility_context,physio_light_low
0,phone_internal,21,0.5714285714285714,0.8095238095238095,0.6904761904761905,-0.3583944165131138,0.0721018475993199,0.376545523468428,-0.021393275401689345,-0.4704527910971652,-0.30589248371853234
1,night_phone + low_mobility_context,23,0.6521739130434783,0.6521739130434783,0.576086956521739,0.22855157208711283,0.6479649013734601,0.4156748896930978,-0.4760985503269736,0.48481070732287457,0.40501474749353644
2,physio_light_low + low_activity,7,0.5714285714285714,0.8571428571428571,0.6071428571428571,1.2292054097474299,-0.7227160441789243,-1.438723576235144,0.3257578296225406,0.7670731274112647,1.240955601401687
3,rest_quiet + low_activity,5,0.6,0.6,0.7000000000000001,0.3931185245523315,-0.5504821437884289,0.015125532126260893,2.0201122951199175,-0.6724382308836195,-0.11035147730600448
4,low_mobility_context,20,0.65,0.8,0.6625,-0.0815096427726832,-0.3162620889755396,-0.4005299497709922,0.13231743331804707,0.5393775064269124,0.003754064180063471
