subject_id,S2_only_high,S2_only_low,aligned,contradiction_rate
id01,4,7,30,0.2682926829268293
id02,1,2,45,0.0625
id03,8,4,21,0.36363636363636365
id04,6,1,50,0.12280701754385964
id05,4,5,35,0.20454545454545456
id06,0,4,44,0.08333333333333333
id07,2,4,43,0.12244897959183673
id08,5,6,45,0.19642857142857142
id09,4,2,35,0.14634146341463414
id10,1,7,25,0.24242424242424243
