{
  "view": "no_sleep",
  "device": "mps",
  "sequence": {
    "n_days": 700.0,
    "n_base_features": 82.0,
    "n_token_features": 335.0,
    "mean_missing_fraction": 0.08443706445993032,
    "add_deviation_features": 1.0
  },
  "n_features": 335,
  "epochs": 50,
  "final_ssl_loss": 0.6619711862291608,
  "best_global_source": "transformer_logreg_c0p03_w0p05",
  "best_global_avg_log_loss": 0.6273588499570105,
  "best_global_per_target": {
    "Q1": 0.6724816188170818,
    "Q2": 0.7028218665632585,
    "Q3": 0.6763458207056778,
    "S1": 0.5759977141723369,
    "S2": 0.5801015873737219,
    "S3": 0.536600364992545,
    "S4": 0.6471629770744517
  },
  "targetwise_avg_log_loss": 0.6246677845953459,
  "targetwise_per_target": {
    "Q1": 0.6718200389656444,
    "Q2": 0.6943104310140885,
    "Q3": 0.6708017528503292,
    "S1": 0.5757019130502258,
    "S2": 0.5798476069644153,
    "S3": 0.5330309613778893,
    "S4": 0.6471617879448293
  },
  "targetwise_sources": {
    "Q1": "transformer_logreg_c0p3_w0p2",
    "Q2": "transformer_logreg_c0p1_w0p35",
    "Q3": "transformer_logreg_c0p03_w0p35",
    "S1": "subject_prior_a8",
    "S2": "transformer_ridge_resid_a20_w0p2",
    "S3": "subject_prior_a4",
    "S4": "transformer_logreg_c0p1_w0p05"
  },
  "targetwise_source_losses": {
    "Q1": 0.6718200389656444,
    "Q2": 0.6943104310140885,
    "Q3": 0.6708017528503292,
    "S1": 0.5757019130502258,
    "S2": 0.5798476069644153,
    "S3": 0.5330309613778893,
    "S4": 0.6471617879448293
  },
  "drift_vs_reference_best_global": {
    "reference": "outputs/v83_repaired_v80/submission_v83_gq015_gs010.csv",
    "mean_abs_drift": 0.063713856393167,
    "max_abs_drift": 0.30735814097266234,
    "corr": 0.8847104725904472,
    "target_mean": {
      "Q1": 0.5010790290169529,
      "Q2": 0.5587309186536572,
      "Q3": 0.603601194596598,
      "S1": 0.6918477846309125,
      "S2": 0.6579025604733808,
      "S3": 0.6733237201886698,
      "S4": 0.5592448896912077
    },
    "target_mean_shift": {
      "Q1": -0.00928916788500321,
      "Q2": -0.010587396402802826,
      "Q3": -0.008385567064600358,
      "S1": 0.009235397419813053,
      "S2": 0.013977311819380944,
      "S3": 0.014682899291714045,
      "S4": 0.006230967668520161
    },
    "panel_mean_abs_drift": {
      "early": 0.05116804591144529,
      "mid": 0.06585679596282802,
      "late": 0.07372435610162952
    }
  },
  "drift_vs_reference_targetwise": {
    "reference": "outputs/v83_repaired_v80/submission_v83_gq015_gs010.csv",
    "mean_abs_drift": 0.06503639370706377,
    "max_abs_drift": 0.3260744738052368,
    "corr": 0.8752505335501153,
    "target_mean": {
      "Q1": 0.5000664445468455,
      "Q2": 0.559555905215951,
      "Q3": 0.6027488283505175,
      "S1": 0.6923877866215694,
      "S2": 0.6577087439620286,
      "S3": 0.6743072986995421,
      "S4": 0.5592368637823293
    },
    "target_mean_shift": {
      "Q1": -0.010301752355110588,
      "Q2": -0.009762409840509136,
      "Q3": -0.009237933310680912,
      "S1": 0.009775399410469864,
      "S2": 0.01378349530802871,
      "S3": 0.01566647780258651,
      "S4": 0.006222941759641675
    },
    "panel_mean_abs_drift": {
      "early": 0.05164248381473511,
      "mid": 0.06695350068174771,
      "late": 0.07608557879261886
    }
  },
  "ssl_loss_history": [
    0.9570878679411752,
    0.9409947102410453,
    0.9332849754605974,
    0.9139733116967338,
    0.9008428011621747,
    0.8893808112825666,
    0.8753817714963641,
    0.874449930872236,
    0.8546233926500593,
    0.8525734298569816,
    0.8361313223838807,
    0.8320881928716387,
    0.8188472870418003,
    0.8103824635914394,
    0.807338980606624,
    0.804415922164917,
    0.795050036907196,
    0.7895632825578962,
    0.7825767775944301,
    0.7779889229365757,
    0.7683734461239407,
    0.7670502015522548,
    0.7633496168681554,
    0.7498779065268381,
    0.7425685776982989,
    0.7394833632877895,
    0.7419792110579354,
    0.7360251579965864,
    0.722198783329555,
    0.7306906270980835,
    0.7141788867541722,
    0.7150285158838544,
    0.7166836111886161,
    0.7086320155007498,
    0.7042324086597987,
    0.7067409777641296,
    0.7052467291695731,
    0.7015231892040797,
    0.6920745985848563,
    0.6880679518835885,
    0.6844793180056981,
    0.6836891405923026,
    0.6815542251723153,
    0.6804619571140834,
    0.6769437200682504,
    0.6721981287002563,
    0.6719876970563616,
    0.6725926201684135,
    0.6684833785465786,
    0.6619711862291608
  ]
}