{
  "base_v2_avg": 0.5746745248726016,
  "selected": [
    {
      "avg_log_loss": 0.5741766189222313,
      "improve_vs_v2": 0.0004979059503703587,
      "worst_subject_delta": 0.003055855298044609,
      "mean_subject_delta": -0.0004041772912742655,
      "worse_subjects": 2,
      "w_Q1": 1.0,
      "w_Q2": 1.0,
      "w_Q3": 1.0,
      "w_S1": 1.0,
      "w_S2": 1.0,
      "w_S3": 1.0,
      "w_S4": 1.0,
      "Q1": 0.6321060527098807,
      "Q2": 0.6296995277612059,
      "Q3": 0.6057976566966969,
      "S1": 0.5517482888262064,
      "S2": 0.5203700903357585,
      "S3": 0.4942171797672354,
      "S4": 0.5852975363586352,
      "name": "best_oof",
      "oof_path": "oof_best_oof_1p01p01p01p01p01p01p0.csv",
      "submission_path": "submission_best_oof_1p01p01p01p01p01p01p0.csv",
      "weights": "{\"Q1\": 1.0, \"Q2\": 1.0, \"Q3\": 1.0, \"S1\": 1.0, \"S2\": 1.0, \"S3\": 1.0, \"S4\": 1.0}"
    },
    {
      "avg_log_loss": 0.5741830207838003,
      "improve_vs_v2": 0.0004915040888012756,
      "worst_subject_delta": 0.002396005117986782,
      "mean_subject_delta": -0.0004036893822420907,
      "worse_subjects": 2,
      "w_Q1": 0.25,
      "w_Q2": 0.5,
      "w_Q3": 1.0,
      "w_S1": 0.25,
      "w_S2": 1.0,
      "w_S3": 1.0,
      "w_S4": 1.0,
      "Q1": 0.6321060527098807,
      "Q2": 0.6297443407921892,
      "Q3": 0.6057976566966969,
      "S1": 0.5517482888262064,
      "S2": 0.5203700903357585,
      "S3": 0.4942171797672354,
      "S4": 0.5852975363586352,
      "name": "worst_le_0.0025",
      "oof_path": "oof_worst_le_0.0025_0p250p51p00p251p01p01p0.csv",
      "submission_path": "submission_worst_le_0.0025_0p250p51p00p251p01p01p0.csv",
      "weights": "{\"Q1\": 0.25, \"Q2\": 0.5, \"Q3\": 1.0, \"S1\": 0.25, \"S2\": 1.0, \"S3\": 1.0, \"S4\": 1.0}"
    },
    {
      "avg_log_loss": 0.5742142096921169,
      "improve_vs_v2": 0.0004603151804847272,
      "worst_subject_delta": 0.001999006033573138,
      "mean_subject_delta": -0.00037553438156631117,
      "worse_subjects": 2,
      "w_Q1": 0.75,
      "w_Q2": 0.25,
      "w_Q3": 1.0,
      "w_S1": 1.0,
      "w_S2": 1.0,
      "w_S3": 1.0,
      "w_S4": 0.75,
      "Q1": 0.6321060527098807,
      "Q2": 0.6298189671056637,
      "Q3": 0.6057976566966969,
      "S1": 0.5517482888262064,
      "S2": 0.5203700903357585,
      "S3": 0.4942171797672354,
      "S4": 0.5854412324033765,
      "name": "worst_le_0.002",
      "oof_path": "oof_worst_le_0.002_0p750p251p01p01p01p00p75.csv",
      "submission_path": "submission_worst_le_0.002_0p750p251p01p01p01p00p75.csv",
      "weights": "{\"Q1\": 0.75, \"Q2\": 0.25, \"Q3\": 1.0, \"S1\": 1.0, \"S2\": 1.0, \"S3\": 1.0, \"S4\": 0.75}"
    },
    {
      "avg_log_loss": 0.5742680832363259,
      "improve_vs_v2": 0.0004064416362756784,
      "worst_subject_delta": 0.001458971646349497,
      "mean_subject_delta": -0.00034293919960194056,
      "worse_subjects": 3,
      "w_Q1": 0.5,
      "w_Q2": 0.0,
      "w_Q3": 1.0,
      "w_S1": 0.75,
      "w_S2": 0.75,
      "w_S3": 1.0,
      "w_S4": 0.5,
      "Q1": 0.6321060527098807,
      "Q2": 0.629928204190092,
      "Q3": 0.6057976566966969,
      "S1": 0.5517482888262064,
      "S2": 0.5204712817713937,
      "S3": 0.4942171797672354,
      "S4": 0.5856079186927764,
      "name": "worst_le_0.0015",
      "oof_path": "oof_worst_le_0.0015_0p501p00p750p751p00p5.csv",
      "submission_path": "submission_worst_le_0.0015_0p501p00p750p751p00p5.csv",
      "weights": "{\"Q1\": 0.5, \"Q2\": 0, \"Q3\": 1.0, \"S1\": 0.75, \"S2\": 0.75, \"S3\": 1.0, \"S4\": 0.5}"
    },
    {
      "avg_log_loss": 0.574332974576026,
      "improve_vs_v2": 0.0003415502965756767,
      "worst_subject_delta": 0.0009860367397539957,
      "mean_subject_delta": -0.00028121914328775946,
      "worse_subjects": 3,
      "w_Q1": 1.0,
      "w_Q2": 0.0,
      "w_Q3": 1.0,
      "w_S1": 0.5,
      "w_S2": 0.75,
      "w_S3": 0.75,
      "w_S4": 0.0,
      "Q1": 0.6321060527098807,
      "Q2": 0.629928204190092,
      "Q3": 0.6057976566966969,
      "S1": 0.5517482888262064,
      "S2": 0.5204712817713937,
      "S3": 0.49426998697040037,
      "S4": 0.586009350867511,
      "name": "worst_le_0.001",
      "oof_path": "oof_worst_le_0.001_1p001p00p50p750p750.csv",
      "submission_path": "submission_worst_le_0.001_1p001p00p50p750p750.csv",
      "weights": "{\"Q1\": 1.0, \"Q2\": 0, \"Q3\": 1.0, \"S1\": 0.5, \"S2\": 0.75, \"S3\": 0.75, \"S4\": 0}"
    },
    {
      "avg_log_loss": 0.5746745248726016,
      "improve_vs_v2": 0.0,
      "worst_subject_delta": 0.0,
      "mean_subject_delta": 0.0,
      "worse_subjects": 0,
      "w_Q1": 0.0,
      "w_Q2": 0.0,
      "w_Q3": 0.0,
      "w_S1": 0.0,
      "w_S2": 0.0,
      "w_S3": 0.0,
      "w_S4": 0.0,
      "Q1": 0.6321060527098807,
      "Q2": 0.629928204190092,
      "Q3": 0.6074213327055316,
      "S1": 0.5517482888262064,
      "S2": 0.5210523244608787,
      "S3": 0.49445612034811093,
      "S4": 0.586009350867511,
      "name": "worse_subjects_le_0",
      "oof_path": "oof_worse_subjects_le_0_0000000.csv",
      "submission_path": "submission_worse_subjects_le_0_0000000.csv",
      "weights": "{\"Q1\": 0, \"Q2\": 0, \"Q3\": 0, \"S1\": 0, \"S2\": 0, \"S3\": 0, \"S4\": 0}"
    }
  ]
}