{
  "view": "only_cross_modal",
  "device": "mps",
  "sequence": {
    "n_days": 700.0,
    "n_base_features": 22.0,
    "n_token_features": 95.0,
    "mean_missing_fraction": 0.06805059523809524,
    "add_deviation_features": 1.0
  },
  "n_features": 95,
  "epochs": 60,
  "final_ssl_loss": 0.21455074523176465,
  "best_global_source": "transformer_logreg_c0p3_w0p1",
  "best_global_avg_log_loss": 0.6265200531094687,
  "best_global_per_target": {
    "Q1": 0.672141937361234,
    "Q2": 0.6986988460105696,
    "Q3": 0.6779083249777855,
    "S1": 0.5766890998960789,
    "S2": 0.5782439703679251,
    "S3": 0.5322560700310951,
    "S4": 0.6497021231215924
  },
  "targetwise_avg_log_loss": 0.6236964943295163,
  "targetwise_per_target": {
    "Q1": 0.6720919700240954,
    "Q2": 0.6917516520983917,
    "Q3": 0.6738228049000621,
    "S1": 0.5756462946388103,
    "S2": 0.5782439703679251,
    "S3": 0.5270467860024124,
    "S4": 0.6472719822749171
  },
  "targetwise_sources": {
    "Q1": "transformer_logreg_c0p1_w0p1",
    "Q2": "transformer_logreg_c0p1_w0p35",
    "Q3": "subject_prior_a16",
    "S1": "transformer_ridge_resid_a1_w0p05",
    "S2": "transformer_logreg_c0p3_w0p1",
    "S3": "transformer_ridge_resid_a20_w0p35",
    "S4": "subject_prior_a8"
  },
  "targetwise_source_losses": {
    "Q1": 0.6720919700240954,
    "Q2": 0.6917516520983917,
    "Q3": 0.6738228049000621,
    "S1": 0.5756462946388103,
    "S2": 0.5782439703679251,
    "S3": 0.5270467860024124,
    "S4": 0.6472719822749171
  },
  "drift_vs_reference_best_global": {
    "reference": "outputs/v83_repaired_v80/submission_v83_gq015_gs010.csv",
    "mean_abs_drift": 0.07023901945148664,
    "max_abs_drift": 0.31042814584391143,
    "corr": 0.8741906209915339,
    "target_mean": {
      "Q1": 0.5037483517827049,
      "Q2": 0.5560659163437985,
      "Q3": 0.6072230661459489,
      "S1": 0.6864037168361211,
      "S2": 0.6436999711494481,
      "S3": 0.6553966776320612,
      "S4": 0.5590080029018563
    },
    "target_mean_shift": {
      "Q1": -0.0066198451192510084,
      "Q2": -0.013252398712661649,
      "Q3": -0.004763695515249441,
      "S1": 0.003791329625021773,
      "S2": -0.00022527750455191863,
      "S3": -0.003244143264894326,
      "S4": 0.0059940808791687965
    },
    "panel_mean_abs_drift": {
      "early": 0.05928596518286014,
      "mid": 0.0716390936062814,
      "late": 0.07943836410065612
    }
  },
  "drift_vs_reference_targetwise": {
    "reference": "outputs/v83_repaired_v80/submission_v83_gq015_gs010.csv",
    "mean_abs_drift": 0.07177911860996676,
    "max_abs_drift": 0.37796565148433264,
    "corr": 0.8567324676895526,
    "target_mean": {
      "Q1": 0.5045669198247289,
      "Q2": 0.5520939269827706,
      "Q3": 0.6030728937366889,
      "S1": 0.6913477367896932,
      "S2": 0.6436999711494481,
      "S3": 0.6560429103677171,
      "S4": 0.5592527565880283
    },
    "target_mean_shift": {
      "Q1": -0.0058012770772270525,
      "Q2": -0.0172243880736896,
      "Q3": -0.008913867924509376,
      "S1": 0.008735349578593727,
      "S2": -0.00022527750455191863,
      "S3": -0.0025979105292384796,
      "S4": 0.006238834565341037
    },
    "panel_mean_abs_drift": {
      "early": 0.05975770643277896,
      "mid": 0.07330386281002052,
      "late": 0.08188737778555426
    }
  },
  "ssl_loss_history": [
    0.871336156300136,
    0.47959532124655585,
    0.3992828258446285,
    0.3694561219215393,
    0.35706944601876395,
    0.3491230360099247,
    0.32929353441510884,
    0.3105778091294425,
    0.3056236353942326,
    0.29866361021995547,
    0.29244592819895066,
    0.2829512184006827,
    0.2769123590844018,
    0.2768096194948469,
    0.26826596328190394,
    0.26028861471584863,
    0.2615468101842063,
    0.25690130063465666,
    0.2531008393423898,
    0.25125335454940795,
    0.24595947580678124,
    0.24638881768499102,
    0.2400680763380868,
    0.2474219046320234,
    0.23942946127482823,
    0.2433803219454629,
    0.23752498260566166,
    0.23348715833255224,
    0.24081745181764874,
    0.23396223051207407,
    0.2385588287455695,
    0.2349676649059568,
    0.2325470973764147,
    0.2347525087424687,
    0.23206503186907088,
    0.23585520088672637,
    0.23732895978859492,
    0.22861562490463258,
    0.2251075884274074,
    0.22551134041377477,
    0.22646959909370967,
    0.22246378804956163,
    0.22596878128392356,
    0.22153790082250321,
    0.21771697453090122,
    0.21817215629986356,
    0.21901641717978887,
    0.21998866524015154,
    0.22813844910689762,
    0.22516049214771816,
    0.22182858782155174,
    0.21686685766492572,
    0.21791044678006855,
    0.21112542833600725,
    0.22087209820747375,
    0.21984445435660227,
    0.2160356262751988,
    0.21744906885283333,
    0.2049722981452942,
    0.21455074523176465
  ]
}