target,kfold_spearman,group_spearman,null_p95,beats_null_p95,target_std,feature_count
public_row_validity,0.0675081083639799,0.0756103255585532,0.180218689597529,False,0.3682698141308896,47
public_bad_row_support,0.0990540008640138,0.1261671386742187,0.0967527288436614,True,0.2886728251844984,47
public_validity_Q1,0.1044766863094503,0.0910954925963377,0.1585335254719849,False,0.3782949537067604,47
public_validity_Q2,0.4269395236446626,0.0611831460386359,0.1022370881038778,True,0.4052035932713331,47
public_validity_Q3,0.0500738068059264,-0.0398487613384585,0.1494780530457161,False,0.3913280771935487,47
public_validity_S1,0.1579887792039292,0.0969094770237563,0.1027772849725523,True,0.3053240639058769,47
public_signed_gap,0.12160975375606,0.0310372965967455,0.0908553544856717,True,0.2886728251844984,47
