{
  "view": "only_rhythm",
  "encoder_type": "gru",
  "encoder_params": 707,
  "device": "mps",
  "sequence": {
    "n_days": 700.0,
    "n_base_features": 31.0,
    "n_token_features": 131.0,
    "mean_missing_fraction": 0.17440380184331794,
    "add_deviation_features": 1.0
  },
  "n_features": 131,
  "epochs": 50,
  "final_ssl_loss": 1.0636905029841832,
  "best_global_source": "transformer_logreg_c0p03_w0p05",
  "best_global_avg_log_loss": 0.627393788365706,
  "best_global_per_target": {
    "Q1": 0.6725158619748172,
    "Q2": 0.7026338783610593,
    "Q3": 0.6764858661555884,
    "S1": 0.575994203777606,
    "S2": 0.5802438307195552,
    "S3": 0.5367147608515079,
    "S4": 0.6471681167198087
  },
  "targetwise_avg_log_loss": 0.6245990447005748,
  "targetwise_per_target": {
    "Q1": 0.6719085757404213,
    "Q2": 0.6931875929070035,
    "Q3": 0.6719056983152453,
    "S1": 0.5757019130502258,
    "S2": 0.5798564530783497,
    "S3": 0.5330309613778893,
    "S4": 0.6466021184348891
  },
  "targetwise_sources": {
    "Q1": "transformer_logreg_c0p03_w0p2",
    "Q2": "transformer_logreg_c0p3_w0p35",
    "Q3": "transformer_logreg_c0p03_w0p35",
    "S1": "subject_prior_a8",
    "S2": "subject_prior_a8",
    "S3": "subject_prior_a4",
    "S4": "transformer_ridge_resid_a1_w0p35"
  },
  "targetwise_source_losses": {
    "Q1": 0.6719085757404213,
    "Q2": 0.6931875929070035,
    "Q3": 0.6719056983152453,
    "S1": 0.5757019130502258,
    "S2": 0.5798564530783497,
    "S3": 0.5330309613778893,
    "S4": 0.6466021184348891
  },
  "drift_vs_reference_best_global": {
    "reference": "outputs/v83_repaired_v80/submission_v83_gq015_gs010.csv",
    "mean_abs_drift": 0.06373944867942649,
    "max_abs_drift": 0.3067892990621742,
    "corr": 0.8845660379444189,
    "target_mean": {
      "Q1": 0.5010206235616136,
      "Q2": 0.5590191114469162,
      "Q3": 0.6035628533120998,
      "S1": 0.6917564958904295,
      "S2": 0.6579631512730251,
      "S3": 0.6733657413928292,
      "S4": 0.5592288570604148
    },
    "target_mean_shift": {
      "Q1": -0.009347573340342512,
      "Q2": -0.01029920360954403,
      "Q3": -0.008423908349098595,
      "S1": 0.00914410867933016,
      "S2": 0.014037902619025199,
      "S3": 0.014724920495873647,
      "S4": 0.00621493503772736
    },
    "panel_mean_abs_drift": {
      "early": 0.05116074113477459,
      "mid": 0.06580304047019202,
      "late": 0.07385916515034316
    }
  },
  "drift_vs_reference_targetwise": {
    "reference": "outputs/v83_repaired_v80/submission_v83_gq015_gs010.csv",
    "mean_abs_drift": 0.06512013428360756,
    "max_abs_drift": 0.36918025808788396,
    "corr": 0.8734414123640333,
    "target_mean": {
      "Q1": 0.4998244057669608,
      "Q2": 0.5621256831174365,
      "Q3": 0.6024804393590298,
      "S1": 0.6923877866215694,
      "S2": 0.6582781981365899,
      "S3": 0.6743072986995421,
      "S4": 0.5576853928854981
    },
    "target_mean_shift": {
      "Q1": -0.010543791134995206,
      "Q2": -0.00719263193902372,
      "Q3": -0.009506322302168574,
      "S1": 0.009775399410469864,
      "S2": 0.014352949482590006,
      "S3": 0.01566647780258651,
      "S4": 0.0046714708628106975
    },
    "panel_mean_abs_drift": {
      "early": 0.050981681151020565,
      "mid": 0.06662568603114839,
      "late": 0.07728945618744573
    }
  },
  "ssl_loss_history": [
    1.4706449556350707,
    1.4519913366862707,
    1.4413039813722883,
    1.4244775356565202,
    1.4001150969096592,
    1.394729780469622,
    1.378146287373134,
    1.3706410660062518,
    1.3589160660334996,
    1.3530909047807966,
    1.3459230191367013,
    1.3165067570550102,
    1.3272393321990967,
    1.3226043966838292,
    1.3045636824199132,
    1.2977213771002634,
    1.2869098452159338,
    1.2768823868887764,
    1.2540731034960066,
    1.2616623524257116,
    1.2643476922171457,
    1.246249886240278,
    1.2457949692862373,
    1.2370732593536378,
    1.2285154860360281,
    1.2231598574774607,
    1.215440263748169,
    1.2136508328574045,
    1.1973476110185897,
    1.193473652430943,
    1.1847373696735928,
    1.178402362551008,
    1.1791120106833322,
    1.1757010998044695,
    1.1613321270261492,
    1.1638258211953298,
    1.1617483806610107,
    1.1432162966047015,
    1.1384499086652484,
    1.1375065851211548,
    1.1234942776816232,
    1.1119395099367415,
    1.1129978847503663,
    1.1062498882838658,
    1.0940925407409667,
    1.1005616521835326,
    1.093216597693307,
    1.0836124222619192,
    1.0820540952682496,
    1.0636905029841832
  ]
}